"Geographic Area Name","Median household income","MoE"
"Auburn city, Alabama","48,531","± 12,614"
"Birmingham city, Alabama","36,614","± 1,690"
"Dothan city, Alabama","45,088","± 4,657"
"Hoover city, Alabama","99,276","± 7,347"
"Huntsville city, Alabama","70,757","± 5,762"
"Mobile city, Alabama","43,786","± 4,601"
"Montgomery city, Alabama","46,957","± 4,694"
"Tuscaloosa city, Alabama","41,770","± 7,294"
"Anchorage municipality, Alaska","86,654","± 5,528"
"Avondale city, Arizona","71,423","± 4,328"
"Buckeye city, Arizona","75,417","± 4,545"
"Casas Adobes CDP, Arizona","71,547","± 5,492"
"Chandler city, Arizona","94,613","± 3,689"
"Flagstaff city, Arizona","61,386","± 3,220"
"Gilbert town, Arizona","104,802","± 4,103"
"Glendale city, Arizona","62,910","± 4,083"
"Goodyear city, Arizona","90,577","± 8,043"
"Mesa city, Arizona","69,266","± 2,932"
"Peoria city, Arizona","92,566","± 8,229"
"Phoenix city, Arizona","68,435","± 1,626"
"Queen Creek town, Arizona","121,262","± 12,496"
"San Tan Valley CDP, Arizona","81,956","± 14,040"
"Scottsdale city, Arizona","99,097","± 7,127"
"Surprise city, Arizona","78,411","± 6,470"
"Tempe city, Arizona","68,662","± 6,668"
"Tucson city, Arizona","50,306","± 2,137"
"Yuma city, Arizona","54,260","± 3,935"
"Conway city, Arkansas","53,029","± 5,164"
"Fayetteville city, Arkansas","61,428","± 11,779"
"Fort Smith city, Arkansas","44,718","± 5,599"
"Jonesboro city, Arkansas","45,497","± 6,526"
"Little Rock city, Arkansas","53,565","± 5,973"
"Rogers city, Arkansas","67,408","± 6,941"
"Springdale city, Arkansas","63,396","± 6,113"
"Alameda city, California","115,468","± 21,343"
"Alhambra city, California","72,222","± 6,778"
"Anaheim city, California","81,747","± 5,420"
"Antioch city, California","81,008","± 12,996"
"Apple Valley town, California","63,031","± 7,615"
"Arden-Arcade CDP, California","62,145","± 9,388"
"Bakersfield city, California","66,666","± 3,803"
"Baldwin Park city, California","69,854","± 9,193"
"Bellflower city, California","67,909","± 8,719"
"Berkeley city, California","101,048","± 11,890"
"Buena Park city, California","101,346","± 11,780"
"Burbank city, California","81,177","± 6,255"
"Camarillo city, California","100,238","± 14,140"
"Carlsbad city, California","124,669","± 12,330"
"Carmichael CDP, California","71,656","± 8,546"
"Carson city, California","92,609","± 8,258"
"Castro Valley CDP, California","121,384","± 17,317"
"Chico city, California","61,850","± 4,273"
"Chino city, California","97,473","± 10,403"
"Chino Hills city, California","113,811","± 14,309"
"Chula Vista city, California","91,949","± 7,391"
"Citrus Heights city, California","66,607","± 4,963"
"Clovis city, California","84,837","± 7,419"
"Compton city, California","62,050","± 7,254"
"Concord city, California","96,961","± 8,312"
"Corona city, California","92,606","± 9,293"
"Costa Mesa city, California","97,904","± 6,710"
"Daly City city, California","95,424","± 17,674"
"Davis city, California","84,074","± 8,931"
"Downey city, California","72,556","± 4,271"
"Dublin city, California","205,219","± 13,183"
"East Los Angeles CDP, California","65,971","± 7,734"
"Eastvale city, California","136,834","± 24,774"
"El Cajon city, California","61,356","± 8,910"
"Elk Grove city, California","109,242","± 5,679"
"El Monte city, California","55,609","± 5,123"
"Escondido city, California","80,749","± 9,048"
"Fairfield city, California","90,346","± 10,065"
"Folsom city, California","125,010","± 13,825"
"Fontana city, California","93,851","± 3,684"
"Fremont city, California","155,968","± 5,413"
"Fresno city, California","61,250","± 2,730"
"Fullerton city, California","95,431","± 8,428"
"Garden Grove city, California","74,109","± 4,611"
"Glendale city, California","79,633","± 5,602"
"Hawthorne city, California","70,122","± 8,385"
"Hayward city, California","96,386","± 7,637"
"Hemet city, California","45,042","± 4,423"
"Hesperia city, California","67,950","± 6,480"
"Huntington Beach city, California","107,808","± 8,194"
"Indio city, California","66,841","± 9,434"
"Inglewood city, California","68,135","± 6,987"
"Irvine city, California","105,774","± 5,936"
"Jurupa Valley city, California","81,052","± 9,983"
"Lake Elsinore city, California","76,707","± 12,764"
"Lake Forest city, California","108,838","± 11,582"
"Lakewood city, California","104,534","± 7,872"
"Lancaster city, California","64,242","± 5,241"
"Livermore city, California","130,111","± 18,721"
"Lodi city, California","76,874","± 10,599"
"Long Beach city, California","73,905","± 3,108"
"Los Angeles city, California","70,372","± 1,190"
"Lynwood city, California","61,695","± 6,814"
"Madera city, California","49,358","± 7,834"
"Manteca city, California","82,068","± 7,553"
"Menifee city, California","85,175","± 9,312"
"Merced city, California","52,127","± 8,887"
"Milpitas city, California","169,460","± 18,238"
"Mission Viejo city, California","124,971","± 11,118"
"Modesto city, California","70,469","± 4,382"
"Moreno Valley city, California","79,840","± 5,217"
"Mountain View city, California","157,243","± 15,948"
"Murrieta city, California","104,708","± 6,408"
"Napa city, California","92,878","± 10,212"
"Newport Beach city, California","136,588","± 18,798"
"Norwalk city, California","79,850","± 7,125"
"Oakland city, California","82,236","± 4,270"
"Oceanside city, California","78,125","± 5,758"
"Ontario city, California","73,872","± 6,229"
"Orange city, California","103,045","± 6,421"
"Oxnard city, California","88,268","± 7,215"
"Palmdale city, California","73,417","± 4,194"
"Palo Alto city, California","195,781","± 31,219"
"Pasadena city, California","86,677","± 8,717"
"Perris city, California","69,843","± 7,658"
"Pittsburg city, California","92,800","± 14,236"
"Pleasanton city, California","145,263","± 14,165"
"Pomona city, California","70,494","± 4,915"
"Rancho Cordova city, California","84,037","± 8,257"
"Rancho Cucamonga city, California","83,850","± 7,615"
"Redding city, California","58,702","± 5,802"
"Redlands city, California","87,634","± 9,739"
"Redondo Beach city, California","121,445","± 20,361"
"Redwood City city, California","145,128","± 13,875"
"Rialto city, California","69,982","± 7,738"
"Richmond city, California","85,754","± 11,068"
"Riverside city, California","76,558","± 6,122"
"Rocklin city, California","107,520","± 9,331"
"Roseville city, California","107,714","± 6,790"
"Sacramento city, California","75,311","± 3,352"
"Salinas city, California","80,154","± 3,266"
"San Bernardino city, California","65,311","± 5,019"
"San Buenaventura (Ventura) city, California","97,816","± 5,375"
"San Diego city, California","93,042","± 2,309"
"San Francisco city, California","121,826","± 5,224"
"San Jose city, California","126,377","± 3,394"
"San Leandro city, California","84,017","± 9,046"
"San Marcos city, California","89,239","± 14,639"
"San Mateo city, California","129,957","± 7,907"
"San Ramon city, California","162,388","± 18,736"
"Santa Ana city, California","80,265","± 5,063"
"Santa Barbara city, California","90,711","± 9,816"
"Santa Clara city, California","155,238","± 17,032"
"Santa Clarita city, California","109,336","± 7,203"
"Santa Maria city, California","69,714","± 8,612"
"Santa Monica city, California","94,906","± 20,668"
"Santa Rosa city, California","86,459","± 3,559"
"Simi Valley city, California","101,621","± 6,870"
"South Gate city, California","65,351","± 6,896"
"Stockton city, California","69,844","± 3,292"
"Sunnyvale city, California","156,059","± 9,649"
"Temecula city, California","99,805","± 10,261"
"Thousand Oaks city, California","114,791","± 9,927"
"Torrance city, California","100,392","± 8,009"
"Tracy city, California","102,263","± 11,640"
"Tulare city, California","63,668","± 5,610"
"Turlock city, California","74,032","± 9,178"
"Tustin city, California","98,092","± 12,976"
"Union City city, California","114,700","± 11,828"
"Upland city, California","88,346","± 8,132"
"Vacaville city, California","97,777","± 8,900"
"Vallejo city, California","77,711","± 4,494"
"Victorville city, California","65,478","± 4,483"
"Visalia city, California","64,165","± 5,336"
"Vista city, California","84,262","± 8,815"
"Walnut Creek city, California","118,483","± 8,545"
"West Covina city, California","88,476","± 6,349"
"Westminster city, California","66,862","± 8,307"
"Whittier city, California","84,320","± 8,816"
"Yorba Linda city, California","133,365","± 16,857"
"Yuba City city, California","61,443","± 5,699"
"Arvada city, Colorado","92,647","± 7,149"
"Aurora city, Colorado","71,647","± 2,550"
"Boulder city, Colorado","84,167","± 8,482"
"Broomfield city, Colorado","107,638","± 9,949"
"Castle Rock town, Colorado","125,657","± 12,215"
"Centennial city, Colorado","108,531","± 4,719"
"Colorado Springs city, Colorado","74,579","± 2,964"
"Denver city, Colorado","81,630","± 2,394"
"Fort Collins city, Colorado","73,945","± 3,772"
"Grand Junction city, Colorado","59,201","± 5,582"
"Greeley city, Colorado","64,853","± 7,896"
"Highlands Ranch CDP, Colorado","137,241","± 10,936"
"Lakewood city, Colorado","77,122","± 6,334"
"Longmont city, Colorado","72,911","± 5,318"
"Loveland city, Colorado","66,535","± 5,867"
"Pueblo city, Colorado","49,598","± 4,459"
"Thornton city, Colorado","93,873","± 2,608"
"Westminster city, Colorado","86,688","± 7,703"
"Bridgeport city, Connecticut","46,445","± 4,633"
"Danbury city, Connecticut","79,079","± 12,707"
"Hartford city, Connecticut","42,468","± 4,759"
"New Britain city, Connecticut","51,586","± 2,718"
"New Haven city, Connecticut","50,569","± 4,690"
"Norwalk city, Connecticut","89,047","± 12,125"
"Stamford city, Connecticut","100,543","± 5,090"
"Waterbury city, Connecticut","48,793","± 4,882"
"Wilmington city, Delaware","55,136","± 7,123"
"Washington city, District of Columbia","90,088","± 3,477"
"Alafaya CDP, Florida","74,796","± 8,039"
"Boca Raton city, Florida","85,194","± 13,252"
"Boynton Beach city, Florida","61,293","± 5,254"
"Brandon CDP, Florida","64,357","± 7,533"
"Cape Coral city, Florida","66,425","± 4,630"
"Clearwater city, Florida","56,626","± 3,507"
"Coral Springs city, Florida","81,067","± 4,382"
"Davie town, Florida","73,332","± 9,310"
"Daytona Beach city, Florida","43,864","± 3,270"
"Deerfield Beach city, Florida","49,865","± 7,012"
"Delray Beach city, Florida","64,730","± 9,701"
"Deltona city, Florida","63,727","± 5,001"
"Doral city, Florida","84,956","± 7,142"
"Fort Lauderdale city, Florida","64,912","± 4,443"
"Fort Myers city, Florida","53,583","± 8,315"
"Gainesville city, Florida","40,822","± 3,578"
"Hialeah city, Florida","46,674","± 2,741"
"Hollywood city, Florida","60,490","± 3,265"
"Homestead city, Florida","52,365","± 7,622"
"Horizon West CDP, Florida","121,007","± 10,140"
"Jacksonville city, Florida","58,621","± 2,275"
"Kendall CDP, Florida","76,255","± 11,856"
"Kissimmee city, Florida","42,615","± 5,881"
"Lakeland city, Florida","55,029","± 5,967"
"Largo city, Florida","55,228","± 6,137"
"Lauderhill city, Florida","44,975","± 6,765"
"Lehigh Acres CDP, Florida","58,422","± 5,181"
"Melbourne city, Florida","57,132","± 5,203"
"Miami city, Florida","48,789","± 3,580"
"Miami Beach city, Florida","55,512","± 7,745"
"Miami Gardens city, Florida","54,276","± 4,960"
"Miramar city, Florida","79,282","± 8,892"
"North Port city, Florida","68,583","± 9,813"
"Orlando city, Florida","54,167","± 3,636"
"Palm Bay city, Florida","54,746","± 6,096"
"Palm Coast city, Florida","60,648","± 5,905"
"Pembroke Pines city, Florida","76,439","± 4,190"
"Pine Hills CDP, Florida","42,153","± 6,529"
"Plantation city, Florida","72,955","± 6,980"
"Poinciana CDP, Florida","57,296","± 13,700"
"Pompano Beach city, Florida","53,737","± 4,073"
"Port Charlotte CDP, Florida","54,814","± 10,242"
"Port St. Lucie city, Florida","71,381","± 7,135"
"Riverview CDP, Florida","81,195","± 4,708"
"St. Petersburg city, Florida","64,141","± 2,375"
"Spring Hill CDP, Florida","59,363","± 5,194"
"Sunrise city, Florida","66,184","± 5,761"
"Tallahassee city, Florida","51,224","± 2,153"
"Tamarac city, Florida","59,885","± 11,182"
"Tampa city, Florida","63,404","± 2,155"
"The Villages CDP, Florida","65,117","± 6,314"
"Town 'n' Country CDP, Florida","58,140","± 7,272"
"Wesley Chapel CDP, Florida","90,878","± 11,259"
"Weston city, Florida","122,774","± 17,231"
"West Palm Beach city, Florida","59,400","± 7,706"
"Albany city, Georgia","38,999","± 5,664"
"Alpharetta city, Georgia","122,326","± 32,198"
"Athens-Clarke County unified government (balance), Georgia","50,299","± 4,779"
"Atlanta city, Georgia","74,107","± 4,474"
"Augusta-Richmond County consolidated government (balance), Georgia","47,921","± 4,708"
"Columbus city, Georgia","52,734","± 4,134"
"Johns Creek city, Georgia","132,870","± 11,773"
"Macon-Bibb County, Georgia","48,176","± 3,589"
"Roswell city, Georgia","104,825","± 15,832"
"Sandy Springs city, Georgia","94,456","± 9,810"
"Savannah city, Georgia","49,612","± 3,850"
"South Fulton city, Georgia","73,958","± 11,421"
"Warner Robins city, Georgia","58,864","± 6,818"
"Urban Honolulu CDP, Hawaii","73,434","± 2,929"
"Boise City city, Idaho","70,217","± 4,372"
"Idaho Falls city, Idaho","61,833","± 7,407"
"Meridian city, Idaho","88,088","± 6,696"
"Nampa city, Idaho","63,471","± 5,810"
"Arlington Heights village, Illinois","102,237","± 6,887"
"Aurora city, Illinois","83,996","± 6,212"
"Bloomington city, Illinois","71,700","± 6,850"
"Bolingbrook village, Illinois","94,040","± 11,799"
"Champaign city, Illinois","53,410","± 4,433"
"Chicago city, Illinois","66,576","± 1,322"
"Cicero town, Illinois","57,495","± 7,186"
"Decatur city, Illinois","40,368","± 2,596"
"Elgin city, Illinois","79,120","± 3,885"
"Evanston city, Illinois","82,154","± 8,714"
"Joliet city, Illinois","76,495","± 5,611"
"Naperville city, Illinois","129,664","± 13,069"
"Palatine village, Illinois","75,479","± 6,450"
"Peoria city, Illinois","47,287","± 4,087"
"Rockford city, Illinois","44,525","± 4,122"
"Schaumburg village, Illinois","79,308","± 6,758"
"Skokie village, Illinois","88,618","± 11,117"
"Springfield city, Illinois","62,505","± 4,126"
"Waukegan city, Illinois","64,178","± 4,290"
"Bloomington city, Indiana","37,734","± 6,030"
"Carmel city, Indiana","106,990","± 7,853"
"Evansville city, Indiana","46,662","± 2,482"
"Fishers city, Indiana","121,501","± 8,795"
"Fort Wayne city, Indiana","54,737","± 2,566"
"Hammond city, Indiana","46,248","± 5,086"
"Indianapolis city (balance), Indiana","58,479","± 2,076"
"Lafayette city, Indiana","47,456","± 3,868"
"Noblesville city, Indiana","81,849","± 6,423"
"South Bend city, Indiana","50,248","± 4,526"
"Ames city, Iowa","52,005","± 7,262"
"Ankeny city, Iowa","94,508","± 8,793"
"Cedar Rapids city, Iowa","60,977","± 4,239"
"Davenport city, Iowa","53,914","± 2,709"
"Des Moines city, Iowa","60,693","± 3,316"
"Iowa City city, Iowa","61,301","± 7,400"
"Sioux City city, Iowa","55,622","± 9,174"
"Waterloo city, Iowa","50,549","± 3,793"
"West Des Moines city, Iowa","62,073","± 10,450"
"Kansas City city, Kansas","53,884","± 2,377"
"Lawrence city, Kansas","52,475","± 3,244"
"Olathe city, Kansas","99,631","± 5,626"
"Overland Park city, Kansas","89,280","± 4,092"
"Shawnee city, Kansas","92,844","± 7,778"
"Topeka city, Kansas","49,040","± 2,499"
"Wichita city, Kansas","56,293","± 2,163"
"Bowling Green city, Kentucky","43,443","± 2,763"
"Lexington-Fayette urban county, Kentucky","60,942","± 2,899"
"Louisville/Jefferson County metro government (balance), Kentucky","57,182","± 2,452"
"Baton Rouge city, Louisiana","41,257","± 3,991"
"Kenner city, Louisiana","55,753","± 9,945"
"Lafayette city, Louisiana","57,953","± 6,091"
"Lake Charles city, Louisiana","45,995","± 9,308"
"Metairie CDP, Louisiana","66,074","± 5,540"
"New Orleans city, Louisiana","46,942","± 2,638"
"Shreveport city, Louisiana","42,034","± 2,550"
"Portland city, Maine","70,244","± 6,288"
"Baltimore city, Maryland","54,652","± 2,233"
"Bethesda CDP, Maryland","167,162","± 16,704"
"Columbia CDP, Maryland","110,002","± 6,945"
"Ellicott City CDP, Maryland","141,110","± 7,971"
"Frederick city, Maryland","81,411","± 9,351"
"Gaithersburg city, Maryland","99,429","± 8,043"
"Germantown CDP, Maryland","91,931","± 6,201"
"Glen Burnie CDP, Maryland","83,577","± 4,028"
"Rockville city, Maryland","118,903","± 12,415"
"Silver Spring CDP, Maryland","84,223","± 9,391"
"Waldorf CDP, Maryland","103,784","± 9,295"
"Boston city, Massachusetts","79,283","± 4,089"
"Brockton city, Massachusetts","68,581","± 2,771"
"Cambridge city, Massachusetts","104,746","± 8,637"
"Fall River city, Massachusetts","46,672","± 6,800"
"Framingham city, Massachusetts","94,023","± 19,094"
"Haverhill city, Massachusetts","80,388","± 13,400"
"Lawrence city, Massachusetts","49,087","± 8,049"
"Lowell city, Massachusetts","64,221","± 6,363"
"Lynn city, Massachusetts","64,986","± 10,053"
"Malden city, Massachusetts","86,410","± 14,047"
"New Bedford city, Massachusetts","49,237","± 5,721"
"Newton city, Massachusetts","183,208","± 12,041"
"Quincy city, Massachusetts","81,748","± 6,296"
"Somerville city, Massachusetts","107,651","± 9,638"
"Springfield city, Massachusetts","42,498","± 3,769"
"Worcester city, Massachusetts","63,194","± 6,342"
"Ann Arbor city, Michigan","68,864","± 5,801"
"Dearborn city, Michigan","61,079","± 6,530"
"Detroit city, Michigan","36,140","± 1,326"
"Farmington Hills city, Michigan","95,960","± 10,205"
"Flint city, Michigan","37,102","± 3,833"
"Grand Rapids city, Michigan","59,596","± 3,230"
"Kalamazoo city, Michigan","40,227","± 6,403"
"Lansing city, Michigan","48,818","± 2,900"
"Livonia city, Michigan","87,332","± 4,531"
"Novi city, Michigan","104,597","± 11,439"
"Rochester Hills city, Michigan","103,023","± 7,762"
"Southfield city, Michigan","55,463","± 5,737"
"Sterling Heights city, Michigan","69,104","± 4,370"
"Troy city, Michigan","98,170","± 9,146"
"Warren city, Michigan","60,042","± 3,537"
"Westland city, Michigan","56,191","± 6,096"
"Wyoming city, Michigan","61,583","± 7,240"
"Blaine city, Minnesota","89,533","± 7,789"
"Bloomington city, Minnesota","80,577","± 5,749"
"Brooklyn Park city, Minnesota","74,807","± 6,081"
"Duluth city, Minnesota","61,944","± 6,497"
"Eagan city, Minnesota","100,490","± 6,352"
"Lakeville city, Minnesota","131,125","± 11,131"
"Maple Grove city, Minnesota","117,442","± 12,341"
"Minneapolis city, Minnesota","69,397","± 2,437"
"Plymouth city, Minnesota","106,962","± 10,955"
"Rochester city, Minnesota","75,902","± 4,372"
"St. Cloud city, Minnesota","53,036","± 6,767"
"St. Paul city, Minnesota","66,098","± 2,605"
"Woodbury city, Minnesota","114,592","± 16,324"
"Gulfport city, Mississippi","43,066","± 6,246"
"Jackson city, Mississippi","35,070","± 2,606"
"Columbia city, Missouri","60,662","± 6,657"
"Independence city, Missouri","52,919","± 4,441"
"Kansas City city, Missouri","63,396","± 1,690"
"Lee's Summit city, Missouri","100,246","± 9,088"
"O'Fallon city, Missouri","97,868","± 8,078"
"St. Charles city, Missouri","76,340","± 5,789"
"St. Joseph city, Missouri","46,089","± 5,999"
"St. Louis city, Missouri","49,965","± 2,575"
"Springfield city, Missouri","41,808","± 1,923"
"Billings city, Montana","65,818","± 4,872"
"Missoula city, Montana","63,270","± 7,318"
"Lincoln city, Nebraska","62,294","± 2,375"
"Omaha city, Nebraska","62,948","± 2,250"
"Enterprise CDP, Nevada","84,902","± 7,164"
"Henderson city, Nevada","77,924","± 3,799"
"Las Vegas city, Nevada","59,746","± 1,799"
"North Las Vegas city, Nevada","67,035","± 2,506"
"Paradise CDP, Nevada","50,096","± 3,117"
"Reno city, Nevada","67,478","± 4,403"
"Sparks city, Nevada","78,778","± 6,793"
"Spring Valley CDP, Nevada","61,179","± 3,724"
"Sunrise Manor CDP, Nevada","51,287","± 3,506"
"Manchester city, New Hampshire","73,639","± 4,979"
"Nashua city, New Hampshire","85,870","± 7,255"
"Bayonne city, New Jersey","73,110","± 9,658"
"Camden city, New Jersey","39,654","± 8,880"
"Clifton city, New Jersey","81,857","± 11,576"
"East Orange city, New Jersey","51,368","± 10,644"
"Elizabeth city, New Jersey","51,549","± 9,227"
"Jersey City city, New Jersey","81,958","± 5,257"
"Lakewood CDP, New Jersey","40,338","± 11,216"
"Newark city, New Jersey","43,242","± 4,064"
"Passaic city, New Jersey","51,806","± 5,803"
"Paterson city, New Jersey","46,451","± 6,122"
"Toms River CDP, New Jersey","87,797","± 7,365"
"Trenton city, New Jersey","41,715","± 5,494"
"Union City city, New Jersey","59,393","± 8,620"
"Albuquerque city, New Mexico","58,512","± 2,873"
"Las Cruces city, New Mexico","42,058","± 4,039"
"Rio Rancho city, New Mexico","76,096","± 6,939"
"Santa Fe city, New Mexico","60,517","± 6,819"
"Albany city, New York","49,763","± 5,351"
"Buffalo city, New York","40,669","± 3,007"
"Cheektowaga CDP, New York","64,106","± 4,549"
"Mount Vernon city, New York","78,562","± 10,685"
"New Rochelle city, New York","106,386","± 11,064"
"New York city, New York","67,997","± 1,045"
"Rochester city, New York","41,980","± 2,384"
"Schenectady city, New York","53,316","± 10,861"
"Syracuse city, New York","40,076","± 3,902"
"Yonkers city, New York","66,395","± 6,459"
"Asheville city, North Carolina","59,758","± 4,032"
"Cary town, North Carolina","123,857","± 5,547"
"Charlotte city, North Carolina","70,869","± 2,193"
"Concord city, North Carolina","79,329","± 7,674"
"Durham city, North Carolina","71,343","± 2,257"
"Fayetteville city, North Carolina","51,629","± 1,520"
"Gastonia city, North Carolina","53,424","± 4,769"
"Greensboro city, North Carolina","51,825","± 3,198"
"Greenville city, North Carolina","36,687","± 5,481"
"High Point city, North Carolina","57,698","± 4,824"
"Jacksonville city, North Carolina","44,497","± 5,583"
"Raleigh city, North Carolina","74,612","± 4,058"
"Wilmington city, North Carolina","53,186","± 2,783"
"Winston-Salem city, North Carolina","54,228","± 4,574"
"Bismarck city, North Dakota","61,861","± 3,866"
"Fargo city, North Dakota","59,089","± 4,616"
"Akron city, Ohio","41,628","± 2,025"
"Canton city, Ohio","40,934","± 4,660"
"Cincinnati city, Ohio","42,733","± 4,054"
"Cleveland city, Ohio","35,562","± 1,427"
"Columbus city, Ohio","58,202","± 1,999"
"Dayton city, Ohio","39,315","± 2,671"
"Lorain city, Ohio","43,410","± 7,107"
"Parma city, Ohio","57,444","± 3,452"
"Toledo city, Ohio","44,150","± 3,174"
"Broken Arrow city, Oklahoma","73,628","± 3,406"
"Edmond city, Oklahoma","90,384","± 9,429"
"Lawton city, Oklahoma","44,751","± 3,974"
"Norman city, Oklahoma","57,786","± 9,232"
"Oklahoma City city, Oklahoma","59,214","± 2,019"
"Tulsa city, Oklahoma","51,008","± 1,052"
"Beaverton city, Oregon","76,520","± 9,129"
"Bend city, Oregon","82,102","± 7,484"
"Eugene city, Oregon","59,338","± 6,643"
"Gresham city, Oregon","66,129","± 5,636"
"Hillsboro city, Oregon","97,436","± 7,930"
"Medford city, Oregon","63,703","± 7,885"
"Portland city, Oregon","79,057","± 2,831"
"Salem city, Oregon","63,927","± 4,677"
"Allentown city, Pennsylvania","46,745","± 5,803"
"Bethlehem city, Pennsylvania","57,320","± 6,744"
"Erie city, Pennsylvania","43,186","± 4,859"
"Philadelphia city, Pennsylvania","52,899","± 1,643"
"Pittsburgh city, Pennsylvania","57,821","± 3,848"
"Reading city, Pennsylvania","37,107","± 3,528"
"Scranton city, Pennsylvania","54,279","± 4,850"
"Cranston city, Rhode Island","80,564","± 9,689"
"Pawtucket city, Rhode Island","51,817","± 6,797"
"Providence city, Rhode Island","60,970","± 4,273"
"Warwick city, Rhode Island","72,025","± 6,730"
"Charleston city, South Carolina","74,139","± 6,123"
"Columbia city, South Carolina","47,524","± 3,303"
"Greenville city, South Carolina","57,253","± 7,964"
"Mount Pleasant town, South Carolina","99,298","± 15,435"
"North Charleston city, South Carolina","55,864","± 7,543"
"Rock Hill city, South Carolina","60,237","± 6,150"
"Rapid City city, South Dakota","61,495","± 5,694"
"Sioux Falls city, South Dakota","73,273","± 2,828"
"Chattanooga city, Tennessee","55,065","± 5,346"
"Clarksville city, Tennessee","60,686","± 4,168"
"Franklin city, Tennessee","104,515","± 9,798"
"Jackson city, Tennessee","45,651","± 4,920"
"Johnson City city, Tennessee","56,248","± 7,996"
"Knoxville city, Tennessee","45,700","± 3,150"
"Memphis city, Tennessee","44,317","± 2,553"
"Murfreesboro city, Tennessee","77,584","± 6,864"
"Nashville-Davidson metropolitan government (balance), Tennessee","64,857","± 3,112"
"Abilene city, Texas","51,931","± 2,510"
"Allen city, Texas","107,438","± 9,071"
"Amarillo city, Texas","55,572","± 2,482"
"Arlington city, Texas","59,889","± 3,284"
"Atascocita CDP, Texas","101,686","± 24,307"
"Austin city, Texas","79,542","± 2,388"
"Baytown city, Texas","48,287","± 6,643"
"Beaumont city, Texas","51,361","± 4,128"
"Brownsville city, Texas","47,435","± 5,351"
"Bryan city, Texas","44,017","± 3,254"
"Carrollton city, Texas","86,647","± 6,313"
"Cedar Park city, Texas","114,450","± 16,506"
"College Station city, Texas","49,215","± 5,325"
"Conroe city, Texas","68,428","± 7,046"
"Corpus Christi city, Texas","59,812","± 3,470"
"Dallas city, Texas","57,995","± 2,091"
"Denton city, Texas","64,873","± 7,795"
"Edinburg city, Texas","47,596","± 5,102"
"El Paso city, Texas","51,241","± 1,687"
"Flower Mound town, Texas","144,642","± 15,274"
"Fort Worth city, Texas","68,235","± 2,997"
"Frisco city, Texas","130,118","± 10,227"
"Garland city, Texas","61,607","± 2,709"
"Georgetown city, Texas","79,601","± 9,338"
"Grand Prairie city, Texas","68,473","± 7,134"
"Harlingen city, Texas","50,861","± 9,109"
"Houston city, Texas","55,499","± 1,250"
"Irving city, Texas","70,340","± 3,715"
"Killeen city, Texas","51,619","± 3,012"
"Laredo city, Texas","52,438","± 3,179"
"League City city, Texas","101,382","± 19,191"
"Leander city, Texas","120,165","± 13,214"
"Lewisville city, Texas","75,915","± 3,836"
"Longview city, Texas","51,209","± 6,965"
"Lubbock city, Texas","54,747","± 3,133"
"McAllen city, Texas","57,359","± 6,477"
"McKinney city, Texas","98,317","± 10,651"
"Mansfield city, Texas","91,255","± 12,575"
"Mesquite city, Texas","60,957","± 5,598"
"Midland city, Texas","72,038","± 12,525"
"Mission city, Texas","57,749","± 9,764"
"Missouri City city, Texas","81,451","± 13,893"
"New Braunfels city, Texas","89,073","± 9,447"
"North Richland Hills city, Texas","78,496","± 7,027"
"Odessa city, Texas","61,964","± 7,938"
"Pasadena city, Texas","60,939","± 4,491"
"Pearland city, Texas","103,227","± 14,835"
"Pflugerville city, Texas","103,687","± 17,435"
"Pharr city, Texas","32,217","± 7,628"
"Plano city, Texas","95,002","± 6,987"
"Richardson city, Texas","85,580","± 5,816"
"Round Rock city, Texas","79,649","± 11,190"
"San Angelo city, Texas","60,030","± 6,405"
"San Antonio city, Texas","54,923","± 1,579"
"San Marcos city, Texas","36,080","± 8,680"
"Spring CDP, Texas","79,884","± 6,983"
"Sugar Land city, Texas","112,868","± 7,396"
"Temple city, Texas","58,284","± 4,944"
"The Woodlands CDP, Texas","104,787","± 16,579"
"Tyler city, Texas","54,998","± 6,996"
"Victoria city, Texas","54,786","± 7,635"
"Waco city, Texas","49,952","± 6,733"
"Wichita Falls city, Texas","50,786","± 3,817"
"Layton city, Utah","81,011","± 7,404"
"Lehi city, Utah","114,136","± 14,615"
"Ogden city, Utah","56,501","± 5,512"
"Orem city, Utah","72,449","± 3,860"
"Provo city, Utah","57,659","± 4,761"
"St. George city, Utah","59,365","± 7,263"
"Salt Lake City city, Utah","66,658","± 5,207"
"Sandy city, Utah","100,153","± 5,822"
"South Jordan city, Utah","104,170","± 7,926"
"West Jordan city, Utah","86,252","± 4,674"
"West Valley City city, Utah","74,348","± 5,046"
"Alexandria city, Virginia","101,162","± 5,048"
"Arlington CDP, Virginia","125,651","± 5,333"
"Centreville CDP, Virginia","113,518","± 10,432"
"Chesapeake city, Virginia","88,815","± 5,808"
"Dale City CDP, Virginia","107,272","± 11,127"
"Hampton city, Virginia","57,647","± 4,671"
"Lynchburg city, Virginia","56,110","± 9,531"
"Newport News city, Virginia","58,937","± 3,779"
"Norfolk city, Virginia","58,591","± 3,379"
"Portsmouth city, Virginia","54,429","± 5,022"
"Richmond city, Virginia","51,770","± 3,863"
"Roanoke city, Virginia","47,202","± 4,951"
"Suffolk city, Virginia","79,556","± 6,487"
"Virginia Beach city, Virginia","81,634","± 2,197"
"Auburn city, Washington","79,368","± 9,223"
"Bellevue city, Washington","144,274","± 11,274"
"Bellingham city, Washington","58,597","± 9,440"
"Everett city, Washington","70,023","± 10,092"
"Federal Way city, Washington","78,734","± 8,040"
"Kennewick city, Washington","56,041","± 6,715"
"Kent city, Washington","81,373","± 4,811"
"Kirkland city, Washington","130,397","± 12,330"
"Marysville city, Washington","92,347","± 6,201"
"Pasco city, Washington","82,561","± 5,038"
"Redmond city, Washington","155,426","± 15,668"
"Renton city, Washington","83,699","± 4,204"
"Sammamish city, Washington","201,370","± 11,172"
"Seattle city, Washington","110,781","± 4,229"
"South Hill CDP, Washington","97,622","± 9,771"
"Spokane city, Washington","58,714","± 3,514"
"Spokane Valley city, Washington","58,904","± 3,355"
"Tacoma city, Washington","77,141","± 5,025"
"Vancouver city, Washington","69,993","± 5,855"
"Yakima city, Washington","52,689","± 6,466"
"Appleton city, Wisconsin","66,449","± 3,605"
"Eau Claire city, Wisconsin","57,732","± 3,938"
"Green Bay city, Wisconsin","51,908","± 3,054"
"Janesville city, Wisconsin","63,435","± 3,519"
"Kenosha city, Wisconsin","67,223","± 5,205"
"Madison city, Wisconsin","67,270","± 3,916"
"Milwaukee city, Wisconsin","46,637","± 1,615"
"Oshkosh city, Wisconsin","55,446","± 4,654"
"Racine city, Wisconsin","47,861","± 4,928"
"Waukesha city, Wisconsin","69,533","± 5,028"
"Cheyenne city, Wyoming","60,893","± 5,010"
"Bayamón zona urbana, Puerto Rico","26,540","± 1,933"
"Caguas zona urbana, Puerto Rico","22,125","± 2,953"
"Carolina zona urbana, Puerto Rico","31,597","± 1,860"
"Guaynabo zona urbana, Puerto Rico","53,479","± 7,302"
"Ponce zona urbana, Puerto Rico","17,207","± 2,593"
"San Juan zona urbana, Puerto Rico","22,556","± 1,947"