"Geographic Area Name","Population","MoE"
"Auburn city, Alabama","83,761","± 24"
"Birmingham city, Alabama","198,477","± 2,719"
"Dothan city, Alabama","72,735","± 1,827"
"Hoover city, Alabama","93,002","± 55"
"Huntsville city, Alabama","230,157","± 2,131"
"Madison city, Alabama","67,204","± 3,608"
"Mobile city, Alabama","201,355","± 51"
"Montgomery city, Alabama","195,826","± 32"
"Tuscaloosa city, Alabama","114,274","± 58"
"Anchorage municipality, Alaska","289,600","*****"
"Avondale city, Arizona","96,626","± 69"
"Buckeye city, Arizona","114,327","± 36"
"Casa Grande city, Arizona","68,929","± 29"
"Casas Adobes CDP, Arizona","74,298","± 6,584"
"Chandler city, Arizona","281,243","± 61"
"Flagstaff city, Arizona","77,549","± 37"
"Gilbert town, Arizona","288,797","± 52"
"Glendale city, Arizona","258,121","± 80"
"Goodyear city, Arizona","118,175","± 49"
"Maricopa city, Arizona","76,658","± 28"
"Mesa city, Arizona","517,142","± 58"
"Peoria city, Arizona","199,932","± 59"
"Phoenix city, Arizona","1,673,122","± 151"
"Queen Creek town, Arizona","92,557","± 9,265"
"San Tan Valley CDP, Arizona","123,211","± 11,428"
"Scottsdale city, Arizona","246,183","± 48"
"Surprise city, Arizona","167,569","± 39"
"Tempe city, Arizona","190,113","± 34"
"Tucson city, Arizona","554,011","± 53"
"Yuma city, Arizona","103,561","± 26"
"Conway city, Arkansas","70,704","± 30"
"Fayetteville city, Arkansas","103,124","± 38"
"Fort Smith city, Arkansas","90,517","± 37"
"Jonesboro city, Arkansas","82,386","± 19"
"Little Rock city, Arkansas","204,793","± 68"
"Rogers city, Arkansas","75,648","± 44"
"Springdale city, Arkansas","89,641","± 2,564"
"Alameda city, California","78,807","± 46"
"Alhambra city, California","80,289","± 47"
"Anaheim city, California","344,579","± 83"
"Antioch city, California","118,455","± 47"
"Apple Valley town, California","75,039","± 42"
"Arden-Arcade CDP, California","90,375","± 9,346"
"Bakersfield city, California","417,461","± 58"
"Baldwin Park city, California","69,244","± 33"
"Bellflower city, California","75,720","± 34"
"Berkeley city, California","121,730","± 66"
"Brentwood city, California","66,289","± 29"
"Buena Park city, California","82,597","± 57"
"Burbank city, California","103,543","± 43"
"Camarillo city, California","69,868","± 51"
"Carlsbad city, California","113,575","± 41"
"Carmichael CDP, California","78,540","± 7,994"
"Carson city, California","91,370","± 59"
"Castro Valley CDP, California","65,947","± 6,355"
"Chico city, California","102,907","± 25"
"Chino city, California","94,006","± 39"
"Chino Hills city, California","77,412","± 46"
"Chula Vista city, California","278,548","± 51"
"Citrus Heights city, California","86,910","± 29"
"Clovis city, California","127,994","± 37"
"Compton city, California","91,122","± 31"
"Concord city, California","124,030","± 54"
"Corona city, California","161,540","± 47"
"Costa Mesa city, California","109,140","± 33"
"Daly City city, California","101,424","± 41"
"Davis city, California","67,129","± 27"
"Downey city, California","109,365","± 33"
"Dublin city, California","70,544","± 28"
"East Los Angeles CDP, California","114,544","± 10,594"
"Eastvale city, California","70,739","± 46"
"El Cajon city, California","103,287","± 36"
"Elk Grove city, California","182,779","± 84"
"El Monte city, California","104,621","± 62"
"Escondido city, California","148,852","± 45"
"Fairfield city, California","122,654","± 40"
"Folsom city, California","88,096","± 35"
"Fontana city, California","218,453","± 46"
"Fremont city, California","228,191","± 36"
"Fresno city, California","550,091","± 72"
"Fullerton city, California","140,051","± 40"
"Garden Grove city, California","172,331","± 100"
"Glendale city, California","187,802","± 90"
"Hawthorne city, California","83,629","± 33"
"Hayward city, California","158,433","± 49"
"Hemet city, California","92,908","± 31"
"Hesperia city, California","101,844","± 37"
"Huntington Beach city, California","193,171","± 79"
"Indio city, California","94,283","± 39"
"Inglewood city, California","102,765","± 42"
"Irvine city, California","318,693","± 56"
"Jurupa Valley city, California","108,158","± 35"
"Lake Elsinore city, California","73,594","± 28"
"Lake Forest city, California","87,164","± 32"
"Lakewood city, California","78,488","± 42"
"Lancaster city, California","167,426","± 39"
"Livermore city, California","84,849","± 70"
"Lodi city, California","68,639","± 30"
"Long Beach city, California","450,917","± 59"
"Los Angeles city, California","3,878,718","± 69"
"Lynwood city, California","63,587","± 41"
"Madera city, California","69,097","± 23"
"Manteca city, California","94,283","± 45"
"Menifee city, California","117,045","± 38"
"Merced city, California","96,082","± 41"
"Milpitas city, California","79,748","± 27"
"Mission Viejo city, California","91,598","± 33"
"Modesto city, California","220,617","± 91"
"Moreno Valley city, California","213,893","± 88"
"Mountain View city, California","87,322","± 30"
"Murrieta city, California","112,531","± 46"
"Napa city, California","76,913","± 37"
"Newport Beach city, California","82,956","± 56"
"Norwalk city, California","98,211","± 68"
"Oakland city, California","443,575","± 95"
"Oceanside city, California","170,942","± 42"
"Ontario city, California","185,289","± 43"
"Orange city, California","137,957","± 72"
"Oxnard city, California","200,637","± 83"
"Palmdale city, California","162,526","± 48"
"Palo Alto city, California","67,645","± 50"
"Pasadena city, California","137,200","± 41"
"Perris city, California","83,040","± 38"
"Pittsburg city, California","77,125","± 36"
"Pleasanton city, California","75,661","± 26"
"Pomona city, California","147,966","± 38"
"Rancho Cordova city, California","84,099","± 55"
"Rancho Cucamonga city, California","176,677","± 36"
"Redding city, California","93,509","± 35"
"Redlands city, California","74,287","± 37"
"Redondo Beach city, California","68,087","± 47"
"Redwood City city, California","82,974","± 43"
"Rialto city, California","104,912","± 35"
"Richmond city, California","115,356","± 42"
"Riverside city, California","323,792","± 125"
"Rocklin city, California","75,119","± 50"
"Roseville city, California","163,299","± 38"
"Sacramento city, California","535,787","± 75"
"Salinas city, California","160,779","± 35"
"San Bernardino city, California","224,785","± 49"
"San Buenaventura (Ventura) city, California","109,815","± 67"
"San Diego city, California","1,404,461","± 82"
"San Francisco city, California","827,526","*****"
"San Jose city, California","997,395","± 145"
"San Leandro city, California","86,568","± 38"
"San Marcos city, California","96,615","± 36"
"San Mateo city, California","103,013","± 44"
"San Ramon city, California","85,932","± 37"
"Santa Ana city, California","316,188","± 66"
"Santa Barbara city, California","87,291","± 30"
"Santa Clara city, California","133,151","± 65"
"Santa Clarita city, California","229,175","± 67"
"Santa Maria city, California","111,347","± 30"
"Santa Monica city, California","90,740","± 37"
"Santa Rosa city, California","177,531","± 42"
"Simi Valley city, California","125,773","± 36"
"South Gate city, California","90,809","± 29"
"Stockton city, California","324,980","± 57"
"Sunnyvale city, California","156,776","± 77"
"Temecula city, California","112,438","± 39"
"Thousand Oaks city, California","124,243","± 62"
"Torrance city, California","139,568","± 39"
"Tracy city, California","100,136","± 36"
"Tulare city, California","72,604","± 30"
"Turlock city, California","72,879","± 41"
"Tustin city, California","78,864","± 29"
"Union City city, California","66,206","± 44"
"Upland city, California","79,685","± 29"
"Vacaville city, California","103,992","± 32"
"Vallejo city, California","123,481","± 39"
"Victorville city, California","140,706","± 66"
"Visalia city, California","146,263","± 44"
"Vista city, California","99,330","± 38"
"Walnut Creek city, California","70,800","± 66"
"West Covina city, California","106,923","± 41"
"Westminster city, California","89,547","± 50"
"Whittier city, California","85,594","± 34"
"Yorba Linda city, California","66,487","± 31"
"Yuba City city, California","69,150","± 22"
"Arvada city, Colorado","122,529","± 1,513"
"Aurora city, Colorado","402,452","± 919"
"Boulder city, Colorado","106,802","± 29"
"Broomfield city, Colorado","78,323","*****"
"Castle Rock town, Colorado","83,198","± 57"
"Centennial city, Colorado","108,860","± 45"
"Colorado Springs city, Colorado","493,540","± 57"
"Commerce City city, Colorado","70,255","± 41"
"Denver city, Colorado","729,019","*****"
"Fort Collins city, Colorado","170,927","± 37"
"Grand Junction city, Colorado","70,556","± 28"
"Greeley city, Colorado","114,366","± 31"
"Highlands Ranch CDP, Colorado","99,056","± 4,920"
"Lakewood city, Colorado","156,865","± 38"
"Longmont city, Colorado","100,764","± 1,604"
"Loveland city, Colorado","81,103","± 27"
"Parker town, Colorado","65,457","± 63"
"Pueblo city, Colorado","111,156","± 38"
"Thornton city, Colorado","146,689","± 36"
"Westminster city, Colorado","115,301","± 36"
"Bridgeport city, Connecticut","151,616","± 53"
"Danbury city, Connecticut","88,683","± 39"
"Hartford city, Connecticut","122,136","± 42"
"New Britain city, Connecticut","75,861","± 43"
"New Haven city, Connecticut","137,556","± 39"
"Norwalk city, Connecticut","93,666","± 30"
"Stamford city, Connecticut","139,112","± 76"
"Waterbury city, Connecticut","115,902","± 32"
"Wilmington city, Delaware","73,173","± 25"
"Washington city, District of Columbia","702,250","*****"
"Alafaya CDP, Florida","98,873","± 10,899"
"Boca Raton city, Florida","102,235","± 33"
"Boynton Beach city, Florida","83,095","± 32"
"Brandon CDP, Florida","127,048","± 12,947"
"Cape Coral city, Florida","233,025","± 31"
"Clearwater city, Florida","116,821","± 42"
"Coral Springs city, Florida","140,816","± 40"
"Davie town, Florida","112,040","± 51"
"Daytona Beach city, Florida","86,007","± 40"
"Deerfield Beach city, Florida","90,487","± 68"
"Delray Beach city, Florida","70,133","± 35"
"Deltona city, Florida","100,515","± 26"
"Doral city, Florida","83,620","± 37"
"Fort Lauderdale city, Florida","190,640","± 41"
"Fort Myers city, Florida","99,929","± 51"
"Four Corners CDP, Florida","85,069","± 10,998"
"Gainesville city, Florida","148,716","± 27"
"Hialeah city, Florida","235,384","± 43"
"Hollywood city, Florida","159,072","± 29"
"Homestead city, Florida","85,806","± 48"
"Horizon West CDP, Florida","69,149","± 10,482"
"Jacksonville city, Florida","1,009,831","± 22"
"Kendall CDP, Florida","82,704","± 7,871"
"Kissimmee city, Florida","84,767","± 43"
"Lakeland city, Florida","124,997","± 39"
"Largo city, Florida","82,343","± 36"
"Lauderhill city, Florida","76,623","± 34"
"Lehigh Acres CDP, Florida","151,444","± 11,220"
"Melbourne city, Florida","87,572","± 50"
"Miami city, Florida","487,006","± 67"
"Miami Beach city, Florida","83,264","± 44"
"Miami Gardens city, Florida","116,155","± 64"
"Miramar city, Florida","143,244","± 41"
"North Port city, Florida","92,866","± 35"
"Ocala city, Florida","70,245","± 31"
"Orlando city, Florida","334,871","± 86"
"Palm Bay city, Florida","142,035","± 50"
"Palm Coast city, Florida","106,726","± 19"
"Pembroke Pines city, Florida","179,331","± 40"
"Pine Hills CDP, Florida","76,047","± 9,856"
"Plantation city, Florida","100,690","± 32"
"Poinciana CDP, Florida","81,260","± 10,427"
"Pompano Beach city, Florida","118,110","± 36"
"Port Charlotte CDP, Florida","68,091","± 6,140"
"Port Orange city, Florida","66,559","± 26"
"Port St. Lucie city, Florida","258,578","± 33"
"Riverview CDP, Florida","115,462","± 14,977"
"St. Cloud city, Florida","71,018","± 67"
"St. Petersburg city, Florida","267,073","± 105"
"Sanford city, Florida","66,920","± 30"
"Spring Hill CDP, Florida","117,931","± 7,874"
"Sunrise city, Florida","100,131","± 35"
"Tallahassee city, Florida","205,091","± 36"
"Tamarac city, Florida","75,150","± 30"
"Tampa city, Florida","414,575","± 160"
"The Villages CDP, Florida","81,782","± 4,468"
"Town 'n' Country CDP, Florida","86,253","± 10,406"
"Wesley Chapel CDP, Florida","83,673","± 9,303"
"Weston city, Florida","70,672","± 28"
"West Palm Beach city, Florida","127,733","± 49"
"Albany city, Georgia","67,418","± 2,581"
"Alpharetta city, Georgia","67,264","± 49"
"Athens-Clarke County unified government (balance), Georgia","128,630","± 689"
"Atlanta city, Georgia","520,066","± 55"
"Augusta-Richmond County consolidated government (balance), Georgia","201,930","± 2,147"
"Columbus city, Georgia","201,830","*****"
"Johns Creek city, Georgia","81,176","± 44"
"Mableton city, Georgia","78,314","± 30"
"Macon-Bibb County, Georgia","157,056","*****"
"Roswell city, Georgia","92,229","± 30"
"Sandy Springs city, Georgia","105,506","± 27"
"Savannah city, Georgia","148,809","± 32"
"South Fulton city, Georgia","112,003","± 25"
"Warner Robins city, Georgia","85,856","± 310"
"Urban Honolulu CDP, Hawaii","344,977","± 47"
"Boise City city, Idaho","237,959","± 34"
"Caldwell city, Idaho","73,092","± 31"
"Idaho Falls city, Idaho","69,528","± 26"
"Meridian city, Idaho","139,736","± 40"
"Nampa city, Idaho","117,346","± 32"
"Arlington Heights village, Illinois","75,472","± 2,253"
"Aurora city, Illinois","180,791","± 4,403"
"Bloomington city, Illinois","79,239","± 35"
"Bolingbrook village, Illinois","73,856","± 4,164"
"Champaign city, Illinois","91,951","± 39"
"Chicago city, Illinois","2,721,326","± 60"
"Cicero town, Illinois","82,093","± 33"
"Decatur city, Illinois","66,528","± 2,501"
"Elgin city, Illinois","115,541","± 5,251"
"Evanston city, Illinois","75,994","± 50"
"Joliet city, Illinois","151,937","± 4,397"
"Naperville city, Illinois","153,337","± 1,731"
"Palatine village, Illinois","65,890","± 32"
"Peoria city, Illinois","115,996","± 4,370"
"Rockford city, Illinois","144,779","± 1,634"
"Schaumburg village, Illinois","78,223","± 3,106"
"Skokie village, Illinois","65,847","± 28"
"Springfield city, Illinois","112,170","± 618"
"Waukegan city, Illinois","92,114","± 4,146"
"Bloomington city, Indiana","77,725","± 3,110"
"Carmel city, Indiana","103,858","± 791"
"Evansville city, Indiana","114,812","± 3,588"
"Fishers city, Indiana","104,730","± 2,249"
"Fort Wayne city, Indiana","273,425","± 5,352"
"Gary city, Indiana","64,975","± 4,470"
"Greenwood city, Indiana","70,959","± 5,191"
"Hammond city, Indiana","76,035","± 35"
"Indianapolis city (balance), Indiana","890,315","± 6,484"
"Lafayette city, Indiana","73,124","± 3,183"
"Muncie city, Indiana","65,055","± 1,687"
"Noblesville city, Indiana","75,408","± 4,053"
"South Bend city, Indiana","102,944","± 2,936"
"Ames city, Iowa","69,029","± 22"
"Ankeny city, Iowa","76,724","± 25"
"Cedar Rapids city, Iowa","137,917","± 48"
"Davenport city, Iowa","100,948","± 43"
"Des Moines city, Iowa","213,188","± 360"
"Iowa City city, Iowa","76,711","± 25"
"Sioux City city, Iowa","87,526","± 3,006"
"Waterloo city, Iowa","67,471","± 30"
"West Des Moines city, Iowa","73,744","± 525"
"Kansas City city, Kansas","157,450","± 2,231"
"Lawrence city, Kansas","97,265","± 27"
"Olathe city, Kansas","149,027","± 39"
"Overland Park city, Kansas","202,909","± 70"
"Shawnee city, Kansas","69,721","± 29"
"Topeka city, Kansas","125,475","± 35"
"Wichita city, Kansas","400,993","± 40"
"Bowling Green city, Kentucky","79,083","± 31"
"Lexington-Fayette urban county, Kentucky","329,437","*****"
"Louisville/Jefferson County metro government (balance), Kentucky","640,793","± 48"
"Baton Rouge city, Louisiana","220,901","± 49"
"Kenner city, Louisiana","64,651","± 27"
"Lafayette city, Louisiana","122,273","± 42"
"Lake Charles city, Louisiana","81,166","± 38"
"Metairie CDP, Louisiana","145,144","± 9,385"
"New Orleans city, Louisiana","362,701","*****"
"Shreveport city, Louisiana","177,972","± 1,753"
"Portland city, Maine","69,572","± 23"
"Baltimore city, Maryland","568,271","*****"
"Bethesda CDP, Maryland","71,717","± 5,926"
"Columbia CDP, Maryland","101,936","± 8,012"
"Ellicott City CDP, Maryland","77,698","± 6,070"
"Frederick city, Maryland","89,545","± 37"
"Gaithersburg city, Maryland","70,708","± 81"
"Germantown CDP, Maryland","91,497","± 10,951"
"Glen Burnie CDP, Maryland","77,937","± 8,108"
"Rockville city, Maryland","68,417","± 31"
"Silver Spring CDP, Maryland","77,793","± 8,641"
"Waldorf CDP, Maryland","81,672","± 5,978"
"Boston city, Massachusetts","673,822","± 3,086"
"Brockton city, Massachusetts","105,785","± 24"
"Cambridge city, Massachusetts","121,203","± 57"
"Fall River city, Massachusetts","94,687","± 22"
"Framingham city, Massachusetts","73,356","± 33"
"Haverhill city, Massachusetts","68,281","± 39"
"Lawrence city, Massachusetts","89,323","± 37"
"Lowell city, Massachusetts","120,418","± 34"
"Lynn city, Massachusetts","103,510","± 84"
"Malden city, Massachusetts","66,699","± 33"
"New Bedford city, Massachusetts","101,313","± 34"
"Newton city, Massachusetts","90,695","± 28"
"Quincy city, Massachusetts","103,430","± 27"
"Somerville city, Massachusetts","82,144","± 35"
"Springfield city, Massachusetts","154,886","± 32"
"Waltham city, Massachusetts","65,840","± 39"
"Worcester city, Massachusetts","211,289","± 32"
"Ann Arbor city, Michigan","122,914","± 52"
"Dearborn city, Michigan","106,383","± 34"
"Detroit city, Michigan","645,702","± 43"
"Farmington Hills city, Michigan","84,160","± 55"
"Flint city, Michigan","79,727","± 37"
"Grand Rapids city, Michigan","200,131","± 59"
"Kalamazoo city, Michigan","73,280","± 44"
"Lansing city, Michigan","113,466","± 1,227"
"Livonia city, Michigan","93,118","± 31"
"Novi city, Michigan","67,678","± 29"
"Rochester Hills city, Michigan","78,328","± 23"
"Southfield city, Michigan","76,885","± 45"
"Sterling Heights city, Michigan","134,343","± 28"
"Troy city, Michigan","89,205","± 35"
"Warren city, Michigan","137,709","± 80"
"Westland city, Michigan","82,745","± 27"
"Wyoming city, Michigan","78,557","± 27"
"Blaine city, Minnesota","75,170","± 26"
"Bloomington city, Minnesota","88,339","± 34"
"Brooklyn Park city, Minnesota","82,887","± 35"
"Duluth city, Minnesota","87,990","± 25"
"Eagan city, Minnesota","67,238","± 30"
"Lakeville city, Minnesota","77,973","± 29"
"Maple Grove city, Minnesota","72,741","± 25"
"Minneapolis city, Minnesota","428,572","± 46"
"Plymouth city, Minnesota","78,545","± 35"
"Rochester city, Minnesota","123,616","± 41"
"St. Cloud city, Minnesota","69,609","± 2,739"
"St. Paul city, Minnesota","307,484","± 77"
"Woodbury city, Minnesota","80,590","± 32"
"Gulfport city, Mississippi","74,632","± 45"
"Jackson city, Mississippi","141,376","± 31"
"Columbia city, Missouri","130,913","± 52"
"Independence city, Missouri","121,606","± 81"
"Kansas City city, Missouri","516,045","± 88"
"Lee's Summit city, Missouri","106,296","± 901"
"O'Fallon city, Missouri","95,363","± 38"
"St. Charles city, Missouri","72,463","± 27"
"St. Joseph city, Missouri","69,221","± 2,383"
"St. Louis city, Missouri","279,695","*****"
"Springfield city, Missouri","170,572","± 81"
"Billings city, Montana","121,478","± 32"
"Missoula city, Montana","78,213","± 35"
"Lincoln city, Nebraska","300,626","± 34"
"Omaha city, Nebraska","489,263","± 35"
"Enterprise CDP, Nevada","250,461","± 15,836"
"Henderson city, Nevada","350,020","± 83"
"Las Vegas city, Nevada","678,924","± 71"
"North Las Vegas city, Nevada","294,042","± 48"
"Paradise CDP, Nevada","183,959","± 13,770"
"Reno city, Nevada","281,684","± 94"
"Sparks city, Nevada","111,523","± 38"
"Spring Valley CDP, Nevada","221,300","± 14,935"
"Sunrise Manor CDP, Nevada","199,977","± 12,076"
"Manchester city, New Hampshire","116,381","± 28"
"Nashua city, New Hampshire","91,850","± 22"
"Bayonne city, New Jersey","74,526","± 30"
"Camden city, New Jersey","71,761","± 47"
"Clifton city, New Jersey","90,315","± 35"
"East Orange city, New Jersey","71,844","± 30"
"Elizabeth city, New Jersey","140,401","± 47"
"Jersey City city, New Jersey","302,822","± 37"
"Lakewood CDP, New Jersey","70,271","± 8,825"
"Newark city, New Jersey","317,303","± 42"
"Passaic city, New Jersey","70,730","± 41"
"Paterson city, New Jersey","160,446","± 54"
"Toms River CDP, New Jersey","96,868","± 930"
"Trenton city, New Jersey","91,204","± 43"
"Union City city, New Jersey","66,918","± 24"
"Albuquerque city, New Mexico","560,333","± 51"
"Las Cruces city, New Mexico","116,992","± 33"
"Rio Rancho city, New Mexico","112,518","± 27"
"Santa Fe city, New Mexico","90,553","± 28"
"Albany city, New York","101,314","± 29"
"Buffalo city, New York","276,618","± 43"
"Cheektowaga CDP, New York","73,359","± 2,809"
"Mount Vernon city, New York","71,982","± 61"
"New Rochelle city, New York","85,509","± 27"
"New York city, New York","8,478,072","*****"
"Rochester city, New York","207,287","± 37"
"Schenectady city, New York","69,489","± 31"
"Syracuse city, New York","146,091","± 39"
"Yonkers city, New York","211,062","± 91"
"Apex town, North Carolina","75,950","± 34"
"Asheville city, North Carolina","94,983","± 35"
"Cary town, North Carolina","181,838","± 1,007"
"Charlotte city, North Carolina","943,474","± 59"
"Concord city, North Carolina","112,398","± 29"
"Durham city, North Carolina","301,877","± 425"
"Fayetteville city, North Carolina","209,485","± 60"
"Gastonia city, North Carolina","85,528","± 34"
"Greensboro city, North Carolina","307,372","± 52"
"Greenville city, North Carolina","95,144","± 33"
"High Point city, North Carolina","117,109","± 2,371"
"Huntersville town, North Carolina","67,072","± 57"
"Jacksonville city, North Carolina","70,843","± 27"
"Raleigh city, North Carolina","499,637","± 651"
"Wilmington city, North Carolina","125,267","± 63"
"Winston-Salem city, North Carolina","255,782","± 60"
"Bismarck city, North Dakota","77,778","± 25"
"Fargo city, North Dakota","138,059","± 2,878"
"Akron city, Ohio","189,669","± 31"
"Canton city, Ohio","69,209","± 27"
"Cincinnati city, Ohio","314,914","± 39"
"Cleveland city, Ohio","365,391","± 56"
"Columbus city, Ohio","931,551","± 3,936"
"Dayton city, Ohio","136,343","± 27"
"Lorain city, Ohio","65,765","± 54"
"Parma city, Ohio","79,354","± 28"
"Toledo city, Ohio","265,651","± 53"
"Broken Arrow city, Oklahoma","122,131","± 2,313"
"Edmond city, Oklahoma","99,036","± 34"
"Lawton city, Oklahoma","90,039","± 47"
"Norman city, Oklahoma","131,008","± 29"
"Oklahoma City city, Oklahoma","713,014","± 298"
"Tulsa city, Oklahoma","413,652","± 830"
"Beaverton city, Oregon","98,302","± 34"
"Bend city, Oregon","106,925","± 22"
"Eugene city, Oregon","178,789","± 31"
"Gresham city, Oregon","111,500","± 38"
"Hillsboro city, Oregon","110,340","± 41"
"Medford city, Oregon","86,313","± 49"
"Portland city, Oregon","636,958","± 1,441"
"Salem city, Oregon","180,389","± 67"
"Allentown city, Pennsylvania","127,225","± 85"
"Bethlehem city, Pennsylvania","79,959","± 3,497"
"Erie city, Pennsylvania","92,936","± 21"
"Philadelphia city, Pennsylvania","1,573,916","*****"
"Pittsburgh city, Pennsylvania","307,670","± 38"
"Reading city, Pennsylvania","96,008","± 38"
"Scranton city, Pennsylvania","75,915","± 40"
"Cranston city, Rhode Island","84,445","± 28"
"Pawtucket city, Rhode Island","76,996","± 26"
"Providence city, Rhode Island","194,710","± 36"
"Warwick city, Rhode Island","83,554","± 20"
"Charleston city, South Carolina","159,011","± 3,519"
"Columbia city, South Carolina","144,281","± 206"
"Greenville city, South Carolina","74,386","± 55"
"Mount Pleasant town, South Carolina","95,606","± 20"
"North Charleston city, South Carolina","126,015","± 47"
"Rock Hill city, South Carolina","75,787","± 48"
"Rapid City city, South Dakota","79,894","± 23"
"Sioux Falls city, South Dakota","209,297","± 44"
"Chattanooga city, Tennessee","191,495","± 38"
"Clarksville city, Tennessee","185,680","± 37"
"Franklin city, Tennessee","89,150","± 36"
"Jackson city, Tennessee","69,300","± 21"
"Johnson City city, Tennessee","74,879","± 1,487"
"Knoxville city, Tennessee","198,708","± 59"
"Memphis city, Tennessee","610,936","± 64"
"Murfreesboro city, Tennessee","168,382","± 36"
"Nashville-Davidson metropolitan government (balance), Tennessee","704,965","± 24"
"Abilene city, Texas","130,033","± 303"
"Allen city, Texas","113,761","± 57"
"Amarillo city, Texas","197,979","± 3,058"
"Arlington city, Texas","403,657","± 79"
"Atascocita CDP, Texas","103,937","± 13,668"
"Austin city, Texas","993,771","± 945"
"Baytown city, Texas","86,395","± 2,624"
"Beaumont city, Texas","112,888","± 29"
"Brownsville city, Texas","191,968","± 33"
"Bryan city, Texas","91,544","± 32"
"Carrollton city, Texas","135,256","± 505"
"Cedar Park city, Texas","79,218","± 2,033"
"College Station city, Texas","128,017","± 36"
"Conroe city, Texas","114,581","± 34"
"Corpus Christi city, Texas","317,314","± 28"
"Dallas city, Texas","1,326,093","± 76"
"Denton city, Texas","165,986","± 55"
"Edinburg city, Texas","108,746","± 44"
"El Paso city, Texas","681,724","± 47"
"Flower Mound town, Texas","79,435","± 213"
"Fort Worth city, Texas","1,014,376","± 6,611"
"Frisco city, Texas","235,221","± 67"
"Garland city, Texas","250,571","± 325"
"Georgetown city, Texas","101,345","± 32"
"Grand Prairie city, Texas","207,618","± 533"
"Harlingen city, Texas","72,239","± 31"
"Houston city, Texas","2,387,910","± 2,025"
"Irving city, Texas","258,052","± 43"
"Killeen city, Texas","160,618","± 31"
"Kyle city, Texas","65,839","± 28"
"Laredo city, Texas","261,408","± 2,901"
"League City city, Texas","119,398","± 2,220"
"Leander city, Texas","86,168","± 2,811"
"Lewisville city, Texas","135,181","± 397"
"Longview city, Texas","82,941","± 977"
"Lubbock city, Texas","272,085","± 30"
"McAllen city, Texas","148,784","± 33"
"McKinney city, Texas","227,515","± 60"
"Mansfield city, Texas","91,367","± 3,761"
"Mesquite city, Texas","151,379","± 1,518"
"Midland city, Texas","143,637","± 18"
"Mission city, Texas","88,570","± 31"
"Missouri City city, Texas","80,865","± 4,247"
"New Braunfels city, Texas","116,465","± 50"
"North Richland Hills city, Texas","71,428","± 39"
"Odessa city, Texas","123,861","± 2,999"
"Pasadena city, Texas","149,615","± 33"
"Pearland city, Texas","131,626","± 5,227"
"Pflugerville city, Texas","66,624","± 33"
"Pharr city, Texas","81,145","± 21"
"Plano city, Texas","292,615","± 1,029"
"Richardson city, Texas","118,217","± 48"
"Round Rock city, Texas","135,665","± 1,201"
"Rowlett city, Texas","71,228","± 3,597"
"San Angelo city, Texas","99,661","± 3,767"
"San Antonio city, Texas","1,526,621","± 96"
"San Marcos city, Texas","74,319","± 23"
"Spring CDP, Texas","80,983","± 14,254"
"Sugar Land city, Texas","109,853","± 33"
"Temple city, Texas","96,268","± 30"
"The Woodlands CDP, Texas","140,489","± 12,879"
"Tyler city, Texas","112,204","± 59"
"Victoria city, Texas","66,025","± 28"
"Waco city, Texas","146,603","± 38"
"Wichita Falls city, Texas","102,373","± 20"
"Layton city, Utah","84,336","± 46"
"Lehi city, Utah","93,442","± 35"
"Ogden city, Utah","88,661","± 30"
"Orem city, Utah","96,642","± 32"
"Provo city, Utah","115,496","± 64"
"St. George city, Utah","106,289","± 25"
"Salt Lake City city, Utah","217,783","± 33"
"Sandy city, Utah","92,832","± 42"
"South Jordan city, Utah","86,172","± 63"
"West Jordan city, Utah","116,697","± 54"
"West Valley City city, Utah","138,153","± 53"
"Alexandria city, Virginia","159,102","*****"
"Arlington CDP, Virginia","239,807","*****"
"Centreville CDP, Virginia","67,421","± 6,709"
"Chesapeake city, Virginia","254,997","*****"
"Dale City CDP, Virginia","65,783","± 7,285"
"Hampton city, Virginia","137,596","*****"
"Lynchburg city, Virginia","80,301","*****"
"Newport News city, Virginia","183,056","*****"
"Norfolk city, Virginia","231,105","*****"
"Portsmouth city, Virginia","96,482","*****"
"Reston CDP, Virginia","65,052","± 6,033"
"Richmond city, Virginia","233,655","*****"
"Roanoke city, Virginia","97,912","*****"
"Suffolk city, Virginia","103,105","*****"
"Virginia Beach city, Virginia","454,808","*****"
"Auburn city, Washington","86,372","± 4,575"
"Bellevue city, Washington","154,387","± 50"
"Bellingham city, Washington","95,880","± 70"
"Everett city, Washington","112,999","± 53"
"Federal Way city, Washington","100,242","± 45"
"Kennewick city, Washington","86,721","± 37"
"Kent city, Washington","136,587","± 38"
"Kirkland city, Washington","95,495","± 31"
"Marysville city, Washington","76,215","± 34"
"Pasco city, Washington","79,921","± 4,237"
"Redmond city, Washington","82,199","± 37"
"Renton city, Washington","105,551","± 46"
"Sammamish city, Washington","66,465","± 48"
"Seattle city, Washington","780,992","± 54"
"Shoreline city, Washington","66,255","± 27"
"South Hill CDP, Washington","66,731","± 8,079"
"Spokane city, Washington","230,604","± 35"
"Spokane Valley city, Washington","108,287","± 73"
"Tacoma city, Washington","228,187","± 64"
"Vancouver city, Washington","198,988","± 41"
"Yakima city, Washington","97,378","± 49"
"Appleton city, Wisconsin","74,439","± 1,929"
"Eau Claire city, Wisconsin","72,382","± 998"
"Green Bay city, Wisconsin","106,312","± 24"
"Janesville city, Wisconsin","66,434","± 32"
"Kenosha city, Wisconsin","99,574","± 26"
"Madison city, Wisconsin","285,318","± 70"
"Milwaukee city, Wisconsin","563,512","± 72"
"Oshkosh city, Wisconsin","67,241","± 23"
"Racine city, Wisconsin","78,063","± 32"
"Waukesha city, Wisconsin","71,462","± 26"
"Cheyenne city, Wyoming","65,698","± 28"
"Bayamón zona urbana, Puerto Rico","166,470","± 2,388"
"Caguas zona urbana, Puerto Rico","74,695","± 5,684"
"Carolina zona urbana, Puerto Rico","136,303","± 3,022"
"Guaynabo zona urbana, Puerto Rico","68,908","± 3,454"
"Ponce zona urbana, Puerto Rico","101,024","± 3,961"
"San Juan zona urbana, Puerto Rico","313,579","± 3,713"