"Geographic Area Name","40.0 to 49.9 percent (2021)","MoE"
"Auburn city, Alabama","1,357","± 1,130"
"Birmingham city, Alabama","4,219","± 1,128"
"Dothan city, Alabama","1,091","± 306"
"Hoover city, Alabama","846","± 586"
"Huntsville city, Alabama","3,245","± 1,122"
"Mobile city, Alabama","3,026","± 810"
"Montgomery city, Alabama","2,900","± 1,129"
"Tuscaloosa city, Alabama","1,302","± 598"
"Anchorage municipality, Alaska","3,725","± 1,262"
"Avondale city, Arizona","324","± 440"
"Casas Adobes CDP, Arizona","1,171","± 799"
"Chandler city, Arizona","2,356","± 839"
"Flagstaff city, Arizona","533","± 334"
"Gilbert town, Arizona","1,080","± 667"
"Glendale city, Arizona","2,945","± 1,107"
"Goodyear city, Arizona","1,059","± 981"
"Mesa city, Arizona","7,798","± 1,664"
"Peoria city, Arizona","2,510","± 1,220"
"Phoenix city, Arizona","24,982","± 3,402"
"Scottsdale city, Arizona","2,499","± 949"
"Surprise city, Arizona","2,516","± 1,008"
"Tempe city, Arizona","5,093","± 1,433"
"Tucson city, Arizona","9,321","± 1,850"
"Yuma city, Arizona","1,678","± 958"
"Conway city, Arkansas","1,000","± 569"
"Fayetteville city, Arkansas","993","± 669"
"Fort Smith city, Arkansas","1,035","± 738"
"Jonesboro city, Arkansas","894","± 795"
"Little Rock city, Arkansas","4,808","± 1,643"
"Rogers city, Arkansas","696","± 383"
"Springdale city, Arkansas","1,639","± 891"
"Alameda city, California","1,782","± 855"
"Alhambra city, California","1,192","± 533"
"Anaheim city, California","5,831","± 1,122"
"Antioch city, California","1,543","± 703"
"Apple Valley town, California","1,087","± 705"
"Arden-Arcade CDP, California","2,011","± 1,072"
"Bakersfield city, California","5,876","± 1,542"
"Baldwin Park city, California","823","± 411"
"Bellflower city, California","1,856","± 733"
"Berkeley city, California","2,483","± 822"
"Buena Park city, California","1,200","± 538"
"Burbank city, California","1,355","± 736"
"Camarillo city, California","890","± 520"
"Carlsbad city, California","1,970","± 917"
"Carmichael CDP, California","1,861","± 815"
"Carson city, California","415","± 231"
"Castro Valley CDP, California","750","± 517"
"Chico city, California","2,369","± 850"
"Chino city, California","977","± 466"
"Chino Hills city, California","376","± 343"
"Chula Vista city, California","3,529","± 1,118"
"Citrus Heights city, California","1,421","± 599"
"Clovis city, California","1,763","± 743"
"Compton city, California","740","± 427"
"Concord city, California","1,772","± 837"
"Corona city, California","1,857","± 795"
"Costa Mesa city, California","2,161","± 638"
"Daly City city, California","1,247","± 769"
"Davis city, California","1,244","± 649"
"Downey city, California","1,501","± 848"
"Dublin city, California","549","± 402"
"East Los Angeles CDP, California","1,909","± 656"
"El Cajon city, California","2,409","± 930"
"Elk Grove city, California","988","± 636"
"El Monte city, California","2,190","± 781"
"Escondido city, California","3,023","± 984"
"Fairfield city, California","2,050","± 708"
"Folsom city, California","1,040","± 765"
"Fontana city, California","1,632","± 699"
"Fremont city, California","2,264","± 898"
"Fresno city, California","7,363","± 1,455"
"Fullerton city, California","3,009","± 934"
"Garden Grove city, California","1,551","± 599"
"Glendale city, California","4,074","± 1,104"
"Hawthorne city, California","1,934","± 601"
"Hayward city, California","1,866","± 701"
"Hemet city, California","946","± 545"
"Hesperia city, California","527","± 398"
"Huntington Beach city, California","2,490","± 879"
"Indio city, California","1,132","± 589"
"Inglewood city, California","1,802","± 697"
"Irvine city, California","5,530","± 1,626"
"Jurupa Valley city, California","693","± 471"
"Lake Elsinore city, California","1,068","± 589"
"Lake Forest city, California","698","± 455"
"Lakewood city, California","965","± 733"
"Lancaster city, California","2,177","± 755"
"Livermore city, California","827","± 632"
"Lodi city, California","670","± 421"
"Long Beach city, California","9,900","± 1,644"
"Los Angeles city, California","87,032","± 5,014"
"Lynwood city, California","394","± 278"
"Madera city, California","697","± 592"
"Manteca city, California","701","± 484"
"Menifee city, California","331","± 323"
"Merced city, California","1,970","± 767"
"Milpitas city, California","680","± 376"
"Mission Viejo city, California","629","± 539"
"Modesto city, California","3,829","± 1,294"
"Moreno Valley city, California","1,970","± 804"
"Mountain View city, California","1,570","± 798"
"Murrieta city, California","1,436","± 735"
"Napa city, California","1,309","± 566"
"Newport Beach city, California","1,427","± 750"
"Norwalk city, California","409","± 322"
"Oakland city, California","7,546","± 1,528"
"Oceanside city, California","1,503","± 522"
"Ontario city, California","2,426","± 1,002"
"Orange city, California","2,035","± 814"
"Oxnard city, California","2,494","± 907"
"Palmdale city, California","2,147","± 779"
"Palo Alto city, California","1,063","± 502"
"Pasadena city, California","3,394","± 1,088"
"Perris city, California","603","± 501"
"Pittsburg city, California","1,379","± 661"
"Pleasanton city, California","1,642","± 956"
"Pomona city, California","2,411","± 781"
"Rancho Cordova city, California","1,421","± 728"
"Rancho Cucamonga city, California","2,872","± 1,096"
"Redding city, California","1,525","± 897"
"Redlands city, California","1,485","± 841"
"Redondo Beach city, California","1,040","± 678"
"Redwood City city, California","942","± 512"
"Rialto city, California","906","± 523"
"Richmond city, California","2,679","± 1,023"
"Riverside city, California","4,636","± 1,373"
"Rocklin city, California","1,407","± 725"
"Roseville city, California","1,218","± 599"
"Sacramento city, California","9,350","± 2,115"
"Salinas city, California","2,620","± 942"
"San Bernardino city, California","4,044","± 1,107"
"San Buenaventura (Ventura) city, California","1,413","± 707"
"San Diego city, California","22,998","± 2,979"
"San Francisco city, California","16,380","± 2,252"
"San Jose city, California","12,623","± 1,894"
"San Leandro city, California","1,306","± 691"
"San Marcos city, California","2,101","± 999"
"San Mateo city, California","761","± 509"
"San Ramon city, California","1,451","± 649"
"Santa Ana city, California","3,772","± 1,017"
"Santa Barbara city, California","2,155","± 880"
"Santa Clara city, California","1,396","± 765"
"Santa Clarita city, California","2,436","± 934"
"Santa Maria city, California","1,433","± 568"
"Santa Monica city, California","2,871","± 1,125"
"Santa Rosa city, California","2,546","± 794"
"Simi Valley city, California","1,069","± 587"
"South Gate city, California","1,395","± 611"
"Stockton city, California","4,325","± 1,225"
"Sunnyvale city, California","1,374","± 567"
"Temecula city, California","1,111","± 636"
"Thousand Oaks city, California","1,377","± 746"
"Torrance city, California","1,798","± 670"
"Tracy city, California","1,905","± 1,283"
"Tulare city, California","572","± 392"
"Turlock city, California","1,285","± 585"
"Tustin city, California","1,512","± 668"
"Union City city, California","760","± 479"
"Upland city, California","1,273","± 556"
"Vacaville city, California","828","± 561"
"Vallejo city, California","1,137","± 588"
"Victorville city, California","1,883","± 1,037"
"Visalia city, California","1,982","± 948"
"Vista city, California","1,738","± 726"
"Walnut Creek city, California","1,714","± 848"
"West Covina city, California","1,271","± 453"
"Westminster city, California","1,268","± 525"
"Whittier city, California","1,577","± 522"
"Yorba Linda city, California","322","± 327"
"Yuba City city, California","2,182","± 1,018"
"Arvada city, Colorado","918","± 573"
"Aurora city, Colorado","5,532","± 1,360"
"Boulder city, Colorado","1,236","± 563"
"Broomfield city, Colorado","431","± 256"
"Castle Rock town, Colorado","451","± 336"
"Centennial city, Colorado","1,142","± 606"
"Colorado Springs city, Colorado","7,380","± 1,504"
"Denver city, Colorado","13,355","± 2,429"
"Fort Collins city, Colorado","4,233","± 1,202"
"Grand Junction city, Colorado","1,582","± 864"
"Greeley city, Colorado","862","± 444"
"Highlands Ranch CDP, Colorado","405","± 339"
"Lakewood city, Colorado","2,414","± 880"
"Longmont city, Colorado","1,450","± 649"
"Loveland city, Colorado","1,316","± 894"
"Pueblo city, Colorado","1,314","± 519"
"Thornton city, Colorado","558","± 319"
"Westminster city, Colorado","1,726","± 796"
"Bridgeport city, Connecticut","3,837","± 1,201"
"Danbury city, Connecticut","946","± 527"
"Hartford city, Connecticut","3,219","± 1,135"
"New Britain city, Connecticut","988","± 582"
"New Haven city, Connecticut","3,526","± 1,053"
"Norwalk city, Connecticut","1,302","± 737"
"Stamford city, Connecticut","2,864","± 1,082"
"Waterbury city, Connecticut","2,468","± 1,144"
"Wilmington city, Delaware","1,344","± 603"
"Washington city, District of Columbia","14,864","± 2,093"
"Alafaya CDP, Florida","1,960","± 1,276"
"Boca Raton city, Florida","978","± 597"
"Boynton Beach city, Florida","1,306","± 679"
"Brandon CDP, Florida","1,990","± 969"
"Cape Coral city, Florida","2,141","± 915"
"Clearwater city, Florida","1,887","± 899"
"Coral Springs city, Florida","2,336","± 1,115"
"Davie town, Florida","1,959","± 901"
"Daytona Beach city, Florida","829","± 531"
"Deerfield Beach city, Florida","1,512","± 905"
"Delray Beach city, Florida","1,269","± 585"
"Deltona city, Florida","760","± 638"
"Doral city, Florida","2,734","± 893"
"Fort Lauderdale city, Florida","4,435","± 1,531"
"Fort Myers city, Florida","1,791","± 734"
"Gainesville city, Florida","3,809","± 1,187"
"Hialeah city, Florida","5,031","± 992"
"Hollywood city, Florida","3,742","± 1,215"
"Homestead city, Florida","457","± 432"
"Jacksonville city, Florida","15,347","± 2,797"
"Kendall CDP, Florida","1,107","± 944"
"Kissimmee city, Florida","1,442","± 817"
"Lakeland city, Florida","1,466","± 790"
"Largo city, Florida","1,069","± 648"
"Lauderhill city, Florida","1,012","± 671"
"Lehigh Acres CDP, Florida","929","± 509"
"Melbourne city, Florida","591","± 358"
"Miami city, Florida","14,294","± 2,391"
"Miami Beach city, Florida","2,406","± 932"
"Miami Gardens city, Florida","1,592","± 834"
"Miramar city, Florida","1,992","± 917"
"Orlando city, Florida","8,703","± 1,741"
"Palm Bay city, Florida","986","± 696"
"Palm Coast city, Florida","563","± 343"
"Pembroke Pines city, Florida","2,820","± 1,355"
"Pine Hills CDP, Florida","2,068","± 869"
"Plantation city, Florida","1,868","± 1,039"
"Pompano Beach city, Florida","2,498","± 1,033"
"Port Charlotte CDP, Florida","944","± 709"
"Port St. Lucie city, Florida","1,471","± 1,034"
"Riverview CDP, Florida","1,163","± 688"
"St. Petersburg city, Florida","4,425","± 1,361"
"Spring Hill CDP, Florida","729","± 533"
"Sunrise city, Florida","491","± 464"
"Tallahassee city, Florida","5,117","± 1,656"
"Tamarac city, Florida","905","± 770"
"Tampa city, Florida","6,457","± 1,441"
"Town 'n' Country CDP, Florida","752","± 540"
"Wesley Chapel CDP, Florida","427","± 453"
"Weston city, Florida","361","± 286"
"West Palm Beach city, Florida","2,984","± 1,031"
"Albany city, Georgia","1,267","± 771"
"Alpharetta city, Georgia","1,025","± 794"
"Athens-Clarke County unified government (balance), Georgia","2,588","± 1,045"
"Atlanta city, Georgia","9,780","± 2,673"
"Augusta-Richmond County consolidated government (balance), Georgia","2,932","± 1,078"
"Columbus city, Georgia","3,614","± 1,156"
"Macon-Bibb County, Georgia","2,191","± 927"
"Roswell city, Georgia","2,132","± 1,374"
"Sandy Springs city, Georgia","628","± 502"
"Savannah city, Georgia","2,868","± 822"
"Warner Robins city, Georgia","2,586","± 1,599"
"Urban Honolulu CDP, Hawaii","6,421","± 1,259"
"Boise City city, Idaho","3,154","± 902"
"Idaho Falls city, Idaho","808","± 511"
"Meridian city, Idaho","382","± 500"
"Nampa city, Idaho","585","± 547"
"Arlington Heights village, Illinois","444","± 359"
"Aurora city, Illinois","1,584","± 707"
"Bloomington city, Illinois","667","± 511"
"Bolingbrook village, Illinois","278","± 370"
"Champaign city, Illinois","1,552","± 659"
"Chicago city, Illinois","44,081","± 4,888"
"Cicero town, Illinois","945","± 590"
"Decatur city, Illinois","882","± 467"
"Elgin city, Illinois","864","± 435"
"Evanston city, Illinois","691","± 383"
"Joliet city, Illinois","826","± 436"
"Naperville city, Illinois","1,266","± 734"
"Palatine village, Illinois","834","± 599"
"Peoria city, Illinois","1,810","± 940"
"Rockford city, Illinois","3,172","± 913"
"Schaumburg village, Illinois","1,043","± 568"
"Skokie village, Illinois","354","± 299"
"Springfield city, Illinois","861","± 528"
"Waukegan city, Illinois","1,270","± 708"
"Bloomington city, Indiana","1,418","± 631"
"Carmel city, Indiana","1,074","± 592"
"Evansville city, Indiana","2,608","± 1,029"
"Fishers city, Indiana","332","± 416"
"Fort Wayne city, Indiana","3,115","± 1,023"
"Hammond city, Indiana","1,806","± 616"
"Indianapolis city (balance), Indiana","12,476","± 2,306"
"Lafayette city, Indiana","1,477","± 702"
"Noblesville city, Indiana","167","± 127"
"South Bend city, Indiana","1,138","± 548"
"Ames city, Iowa","1,055","± 792"
"Ankeny city, Iowa","705","± 529"
"Cedar Rapids city, Iowa","2,352","± 1,004"
"Davenport city, Iowa","2,415","± 1,115"
"Des Moines city, Iowa","2,285","± 932"
"Iowa City city, Iowa","2,101","± 805"
"Sioux City city, Iowa","501","± 316"
"Waterloo city, Iowa","993","± 559"
"West Des Moines city, Iowa","724","± 581"
"Kansas City city, Kansas","1,538","± 646"
"Lawrence city, Kansas","2,056","± 1,319"
"Olathe city, Kansas","1,557","± 769"
"Overland Park city, Kansas","2,043","± 731"
"Shawnee city, Kansas","604","± 436"
"Topeka city, Kansas","1,205","± 468"
"Wichita city, Kansas","5,351","± 1,254"
"Bowling Green city, Kentucky","1,404","± 725"
"Lexington-Fayette urban county, Kentucky","5,476","± 1,113"
"Louisville/Jefferson County metro government (balance), Kentucky","9,204","± 1,778"
"Baton Rouge city, Louisiana","3,326","± 1,414"
"Kenner city, Louisiana","548","± 349"
"Lafayette city, Louisiana","2,007","± 844"
"Lake Charles city, Louisiana","955","± 688"
"Metairie CDP, Louisiana","1,124","± 697"
"New Orleans city, Louisiana","7,320","± 1,332"
"Shreveport city, Louisiana","2,423","± 1,055"
"Portland city, Maine","1,078","± 478"
"Baltimore city, Maryland","11,249","± 2,590"
"Bethesda CDP, Maryland","551","± 375"
"Columbia CDP, Maryland","1,618","± 831"
"Ellicott City CDP, Maryland","1,012","± 631"
"Frederick city, Maryland","1,447","± 657"
"Gaithersburg city, Maryland","1,133","± 561"
"Germantown CDP, Maryland","925","± 941"
"Glen Burnie CDP, Maryland","1,052","± 631"
"Rockville city, Maryland","1,135","± 490"
"Silver Spring CDP, Maryland","2,038","± 879"
"Waldorf CDP, Maryland","808","± 720"
"Boston city, Massachusetts","13,981","± 2,264"
"Brockton city, Massachusetts","2,024","± 905"
"Cambridge city, Massachusetts","2,847","± 890"
"Fall River city, Massachusetts","1,716","± 834"
"Framingham city, Massachusetts","997","± 561"
"Haverhill city, Massachusetts","902","± 586"
"Lawrence city, Massachusetts","2,569","± 955"
"Lowell city, Massachusetts","2,157","± 758"
"Lynn city, Massachusetts","1,785","± 964"
"Malden city, Massachusetts","1,055","± 695"
"New Bedford city, Massachusetts","1,398","± 545"
"Newton city, Massachusetts","685","± 402"
"Quincy city, Massachusetts","2,610","± 869"
"Somerville city, Massachusetts","1,234","± 605"
"Springfield city, Massachusetts","1,518","± 675"
"Worcester city, Massachusetts","3,713","± 1,146"
"Ann Arbor city, Michigan","2,743","± 1,146"
"Dearborn city, Michigan","727","± 482"
"Detroit city, Michigan","9,234","± 1,615"
"Farmington Hills city, Michigan","1,059","± 694"
"Flint city, Michigan","1,451","± 753"
"Grand Rapids city, Michigan","1,626","± 698"
"Kalamazoo city, Michigan","1,252","± 924"
"Lansing city, Michigan","1,961","± 783"
"Livonia city, Michigan","244","± 225"
"Novi city, Michigan","869","± 478"
"Rochester Hills city, Michigan","129","± 128"
"Southfield city, Michigan","1,650","± 862"
"Sterling Heights city, Michigan","823","± 444"
"Troy city, Michigan","467","± 360"
"Warren city, Michigan","1,856","± 968"
"Westland city, Michigan","806","± 445"
"Wyoming city, Michigan","1,012","± 670"
"Blaine city, Minnesota","970","± 693"
"Bloomington city, Minnesota","684","± 495"
"Brooklyn Park city, Minnesota","1,137","± 918"
"Duluth city, Minnesota","1,403","± 502"
"Eagan city, Minnesota","985","± 474"
"Maple Grove city, Minnesota","396","± 338"
"Minneapolis city, Minnesota","8,592","± 1,647"
"Plymouth city, Minnesota","836","± 440"
"Rochester city, Minnesota","1,393","± 702"
"St. Cloud city, Minnesota","649","± 433"
"St. Paul city, Minnesota","4,399","± 1,102"
"Gulfport city, Mississippi","961","± 560"
"Jackson city, Mississippi","2,807","± 872"
"Columbia city, Missouri","2,366","± 952"
"Independence city, Missouri","2,601","± 987"
"Kansas City city, Missouri","8,565","± 1,796"
"Lee's Summit city, Missouri","796","± 505"
"O'Fallon city, Missouri","264","± 189"
"St. Charles city, Missouri","802","± 498"
"St. Joseph city, Missouri","796","± 357"
"St. Louis city, Missouri","5,041","± 1,276"
"Springfield city, Missouri","3,617","± 1,362"
"Billings city, Montana","1,931","± 716"
"Missoula city, Montana","1,339","± 752"
"Lincoln city, Nebraska","4,926","± 1,583"
"Omaha city, Nebraska","6,766","± 1,278"
"Enterprise CDP, Nevada","2,710","± 849"
"Henderson city, Nevada","5,382","± 1,250"
"Las Vegas city, Nevada","10,571","± 1,991"
"North Las Vegas city, Nevada","3,684","± 1,161"
"Paradise CDP, Nevada","5,275","± 1,263"
"Reno city, Nevada","5,389","± 1,310"
"Sparks city, Nevada","1,706","± 1,007"
"Spring Valley CDP, Nevada","4,131","± 1,096"
"Sunrise Manor CDP, Nevada","3,450","± 1,096"
"Manchester city, New Hampshire","1,749","± 708"
"Nashua city, New Hampshire","1,193","± 640"
"Bayonne city, New Jersey","1,566","± 746"
"Camden city, New Jersey","1,443","± 765"
"Clifton city, New Jersey","1,264","± 711"
"East Orange city, New Jersey","2,102","± 940"
"Elizabeth city, New Jersey","3,722","± 1,104"
"Jersey City city, New Jersey","6,637","± 1,669"
"Newark city, New Jersey","8,297","± 1,717"
"Passaic city, New Jersey","1,343","± 456"
"Paterson city, New Jersey","2,929","± 983"
"Toms River CDP, New Jersey","231","± 207"
"Trenton city, New Jersey","3,434","± 1,236"
"Union City city, New Jersey","2,161","± 858"
"Albuquerque city, New Mexico","7,659","± 1,741"
"Las Cruces city, New Mexico","2,974","± 1,394"
"Rio Rancho city, New Mexico","276","± 240"
"Santa Fe city, New Mexico","666","± 515"
"Albany city, New York","622","± 450"
"Buffalo city, New York","6,080","± 1,526"
"Cheektowaga CDP, New York","628","± 336"
"Mount Vernon city, New York","1,188","± 717"
"New Rochelle city, New York","1,014","± 616"
"New York city, New York","171,024","± 8,659"
"Rochester city, New York","4,334","± 1,273"
"Schenectady city, New York","804","± 554"
"Syracuse city, New York","2,892","± 965"
"Yonkers city, New York","2,905","± 1,154"
"Asheville city, North Carolina","1,687","± 664"
"Cary town, North Carolina","1,726","± 761"
"Charlotte city, North Carolina","17,490","± 2,723"
"Concord city, North Carolina","762","± 685"
"Durham city, North Carolina","4,186","± 1,093"
"Fayetteville city, North Carolina","4,845","± 966"
"Gastonia city, North Carolina","1,709","± 775"
"Greensboro city, North Carolina","4,072","± 1,405"
"Greenville city, North Carolina","1,464","± 756"
"High Point city, North Carolina","765","± 479"
"Jacksonville city, North Carolina","1,848","± 920"
"Raleigh city, North Carolina","7,779","± 1,995"
"Wilmington city, North Carolina","3,643","± 1,211"
"Winston-Salem city, North Carolina","4,963","± 1,683"
"Bismarck city, North Dakota","698","± 512"
"Fargo city, North Dakota","2,439","± 1,201"
"Akron city, Ohio","4,383","± 1,201"
"Canton city, Ohio","728","± 534"
"Cincinnati city, Ohio","6,924","± 1,733"
"Cleveland city, Ohio","9,215","± 1,948"
"Columbus city, Ohio","17,730","± 2,940"
"Dayton city, Ohio","1,533","± 533"
"Lorain city, Ohio","580","± 500"
"Parma city, Ohio","1,404","± 677"
"Toledo city, Ohio","4,376","± 1,196"
"Broken Arrow city, Oklahoma","584","± 329"
"Edmond city, Oklahoma","822","± 362"
"Lawton city, Oklahoma","867","± 529"
"Norman city, Oklahoma","2,245","± 958"
"Oklahoma City city, Oklahoma","7,712","± 1,648"
"Tulsa city, Oklahoma","6,845","± 1,001"
"Beaverton city, Oregon","2,031","± 767"
"Bend city, Oregon","1,459","± 756"
"Eugene city, Oregon","2,513","± 904"
"Gresham city, Oregon","1,807","± 756"
"Hillsboro city, Oregon","2,404","± 913"
"Medford city, Oregon","1,194","± 494"
"Portland city, Oregon","11,608","± 2,519"
"Salem city, Oregon","1,892","± 757"
"Allentown city, Pennsylvania","2,491","± 995"
"Bethlehem city, Pennsylvania","1,293","± 724"
"Erie city, Pennsylvania","1,657","± 720"
"Philadelphia city, Pennsylvania","24,175","± 3,365"
"Pittsburgh city, Pennsylvania","6,265","± 1,420"
"Reading city, Pennsylvania","2,274","± 941"
"Scranton city, Pennsylvania","1,494","± 607"
"Cranston city, Rhode Island","528","± 485"
"Pawtucket city, Rhode Island","1,135","± 494"
"Providence city, Rhode Island","3,160","± 1,205"
"Warwick city, Rhode Island","1,623","± 1,084"
"Charleston city, South Carolina","2,536","± 1,035"
"Columbia city, South Carolina","2,737","± 1,275"
"Greenville city, South Carolina","2,271","± 855"
"Mount Pleasant town, South Carolina","943","± 1,019"
"North Charleston city, South Carolina","2,027","± 1,222"
"Rock Hill city, South Carolina","1,485","± 608"
"Rapid City city, South Dakota","613","± 369"
"Sioux Falls city, South Dakota","2,598","± 1,095"
"Chattanooga city, Tennessee","2,447","± 1,038"
"Clarksville city, Tennessee","3,062","± 1,361"
"Franklin city, Tennessee","1,954","± 1,062"
"Jackson city, Tennessee","1,441","± 680"
"Johnson City city, Tennessee","1,431","± 860"
"Knoxville city, Tennessee","5,618","± 1,186"
"Memphis city, Tennessee","12,128","± 2,654"
"Murfreesboro city, Tennessee","1,444","± 773"
"Nashville-Davidson metropolitan government (balance), Tennessee","12,518","± 2,048"
"Abilene city, Texas","1,576","± 847"
"Allen city, Texas","1,327","± 1,316"
"Amarillo city, Texas","3,005","± 958"
"Arlington city, Texas","8,715","± 1,872"
"Austin city, Texas","21,595","± 3,991"
"Baytown city, Texas","1,084","± 511"
"Beaumont city, Texas","2,753","± 1,102"
"Brownsville city, Texas","1,545","± 704"
"Bryan city, Texas","1,867","± 950"
"Carrollton city, Texas","1,372","± 727"
"Cedar Park city, Texas","777","± 506"
"College Station city, Texas","2,887","± 1,240"
"Conroe city, Texas","2,544","± 1,718"
"Corpus Christi city, Texas","4,905","± 1,502"
"Dallas city, Texas","24,361","± 3,940"
"Denton city, Texas","3,823","± 1,164"
"Edinburg city, Texas","909","± 835"
"El Paso city, Texas","8,686","± 1,911"
"Fort Worth city, Texas","19,620","± 3,569"
"Frisco city, Texas","1,207","± 790"
"Garland city, Texas","3,207","± 1,252"
"Georgetown city, Texas","740","± 495"
"Grand Prairie city, Texas","3,755","± 1,263"
"Harlingen city, Texas","1,091","± 617"
"Houston city, Texas","46,611","± 5,469"
"Irving city, Texas","5,480","± 1,486"
"Killeen city, Texas","2,785","± 1,298"
"Laredo city, Texas","2,586","± 872"
"League City city, Texas","65","± 113"
"Lewisville city, Texas","3,611","± 1,332"
"Longview city, Texas","1,061","± 715"
"Lubbock city, Texas","2,545","± 959"
"McAllen city, Texas","1,304","± 783"
"McKinney city, Texas","2,533","± 1,144"
"Mansfield city, Texas","381","± 422"
"Mesquite city, Texas","1,944","± 1,097"
"Midland city, Texas","1,266","± 913"
"Mission city, Texas","89","± 143"
"New Braunfels city, Texas","1,085","± 831"
"North Richland Hills city, Texas","861","± 513"
"Odessa city, Texas","1,938","± 1,270"
"Pasadena city, Texas","2,279","± 1,090"
"Pearland city, Texas","545","± 514"
"Pharr city, Texas","373","± 454"
"Plano city, Texas","2,453","± 878"
"Richardson city, Texas","1,108","± 556"
"Round Rock city, Texas","3,634","± 1,713"
"San Angelo city, Texas","839","± 529"
"San Antonio city, Texas","23,083","± 3,712"
"San Marcos city, Texas","2,091","± 1,262"
"Sugar Land city, Texas","838","± 710"
"Temple city, Texas","1,490","± 791"
"The Woodlands CDP, Texas","914","± 641"
"Tyler city, Texas","1,565","± 805"
"Victoria city, Texas","996","± 587"
"Waco city, Texas","2,663","± 1,122"
"Wichita Falls city, Texas","1,751","± 789"
"Layton city, Utah","862","± 469"
"Lehi city, Utah","572","± 589"
"Ogden city, Utah","1,078","± 491"
"Orem city, Utah","1,258","± 643"
"Provo city, Utah","1,667","± 574"
"St. George city, Utah","927","± 660"
"Salt Lake City city, Utah","4,972","± 1,363"
"Sandy city, Utah","468","± 493"
"South Jordan city, Utah","154","± 205"
"West Jordan city, Utah","1,324","± 977"
"West Valley City city, Utah","918","± 458"
"Alexandria city, Virginia","3,678","± 965"
"Arlington CDP, Virginia","4,108","± 1,330"
"Centreville CDP, Virginia","421","± 219"
"Chesapeake city, Virginia","3,185","± 1,466"
"Dale City CDP, Virginia","178","± 223"
"Hampton city, Virginia","2,759","± 1,180"
"Lynchburg city, Virginia","1,165","± 636"
"Newport News city, Virginia","3,921","± 1,283"
"Norfolk city, Virginia","4,335","± 1,456"
"Portsmouth city, Virginia","1,368","± 588"
"Richmond city, Virginia","4,965","± 1,385"
"Roanoke city, Virginia","1,890","± 899"
"Suffolk city, Virginia","1,200","± 486"
"Virginia Beach city, Virginia","6,997","± 1,697"
"Auburn city, Washington","1,393","± 666"
"Bellevue city, Washington","1,103","± 518"
"Bellingham city, Washington","4,186","± 1,094"
"Everett city, Washington","1,708","± 815"
"Federal Way city, Washington","1,125","± 589"
"Kennewick city, Washington","1,478","± 771"
"Kent city, Washington","2,469","± 1,071"
"Kirkland city, Washington","464","± 310"
"Marysville city, Washington","561","± 342"
"Pasco city, Washington","59","± 99"
"Redmond city, Washington","466","± 354"
"Renton city, Washington","2,212","± 930"
"Sammamish city, Washington","228","± 196"
"Seattle city, Washington","15,712","± 2,330"
"South Hill CDP, Washington","321","± 361"
"Spokane city, Washington","2,973","± 916"
"Spokane Valley city, Washington","2,195","± 1,175"
"Tacoma city, Washington","3,018","± 1,250"
"Vancouver city, Washington","4,779","± 1,479"
"Yakima city, Washington","1,077","± 530"
"Appleton city, Wisconsin","664","± 482"
"Eau Claire city, Wisconsin","721","± 373"
"Green Bay city, Wisconsin","1,035","± 780"
"Janesville city, Wisconsin","620","± 413"
"Kenosha city, Wisconsin","1,080","± 607"
"Madison city, Wisconsin","3,227","± 928"
"Milwaukee city, Wisconsin","10,327","± 1,573"
"Oshkosh city, Wisconsin","371","± 252"
"Racine city, Wisconsin","927","± 550"
"Waukesha city, Wisconsin","1,147","± 669"
"Cheyenne city, Wyoming","1,194","± 669"
"Bayamón zona urbana, Puerto Rico","1,122","± 446"
"Caguas zona urbana, Puerto Rico","1,253","± 744"
"Carolina zona urbana, Puerto Rico","746","± 516"
"Guaynabo zona urbana, Puerto Rico","64","± 106"
"Ponce zona urbana, Puerto Rico","476","± 344"
"San Juan zona urbana, Puerto Rico","3,318","± 1,076"