"Source Table: ACSDT1Y2024.B25070"

"UNIVERSE CONSTANTS"
"Total:"

"Geographic Area Name","50.0 percent or more","MoE"
"Auburn city, Alabama","3,709","± 975"
"Birmingham city, Alabama","11,688","± 2,259"
"Dothan city, Alabama","2,639","± 593"
"Hoover city, Alabama","1,231","± 977"
"Huntsville city, Alabama","8,115","± 1,779"
"Madison city, Alabama","1,965","± 1,081"
"Mobile city, Alabama","9,522","± 2,121"
"Montgomery city, Alabama","9,945","± 2,135"
"Tuscaloosa city, Alabama","9,065","± 1,887"
"Anchorage municipality, Alaska","8,056","± 1,844"
"Avondale city, Arizona","3,128","± 1,326"
"Buckeye city, Arizona","941","± 702"
"Casa Grande city, Arizona","556","± 473"
"Casas Adobes CDP, Arizona","2,126","± 980"
"Chandler city, Arizona","11,001","± 2,400"
"Flagstaff city, Arizona","6,042","± 1,786"
"Gilbert town, Arizona","5,567","± 1,724"
"Glendale city, Arizona","9,179","± 2,239"
"Goodyear city, Arizona","3,316","± 1,180"
"Maricopa city, Arizona","570","± 382"
"Mesa city, Arizona","17,960","± 2,854"
"Peoria city, Arizona","4,051","± 1,138"
"Phoenix city, Arizona","64,555","± 5,096"
"San Tan Valley CDP, Arizona","1,295","± 660"
"Scottsdale city, Arizona","9,758","± 2,315"
"Surprise city, Arizona","3,002","± 1,214"
"Tempe city, Arizona","13,116","± 2,974"
"Tucson city, Arizona","27,568","± 3,090"
"Yuma city, Arizona","2,984","± 1,065"
"Conway city, Arkansas","2,788","± 1,337"
"Fayetteville city, Arkansas","4,309","± 1,333"
"Fort Smith city, Arkansas","3,205","± 1,134"
"Jonesboro city, Arkansas","3,353","± 1,299"
"Little Rock city, Arkansas","7,888","± 2,287"
"Rogers city, Arkansas","2,164","± 1,008"
"Springdale city, Arkansas","2,439","± 965"
"Alameda city, California","3,622","± 1,551"
"Alhambra city, California","3,816","± 976"
"Anaheim city, California","18,802","± 2,735"
"Antioch city, California","4,037","± 1,254"
"Apple Valley town, California","1,416","± 857"
"Arden-Arcade CDP, California","6,597","± 1,846"
"Bakersfield city, California","15,625","± 2,049"
"Baldwin Park city, California","2,203","± 757"
"Bellflower city, California","3,217","± 1,060"
"Berkeley city, California","8,859","± 1,483"
"Brentwood city, California","1,601","± 717"
"Buena Park city, California","3,751","± 1,321"
"Burbank city, California","7,496","± 1,749"
"Camarillo city, California","2,704","± 1,144"
"Carlsbad city, California","4,358","± 1,287"
"Carmichael CDP, California","4,517","± 1,332"
"Carson city, California","2,025","± 1,045"
"Castro Valley CDP, California","906","± 496"
"Chico city, California","8,734","± 1,572"
"Chino city, California","3,037","± 1,287"
"Chino Hills city, California","1,220","± 635"
"Chula Vista city, California","13,416","± 2,740"
"Citrus Heights city, California","3,400","± 1,110"
"Clovis city, California","5,319","± 1,646"
"Compton city, California","3,707","± 1,019"
"Concord city, California","5,434","± 1,449"
"Corona city, California","5,628","± 1,596"
"Costa Mesa city, California","5,304","± 1,502"
"Daly City city, California","3,086","± 1,017"
"Davis city, California","7,725","± 1,451"
"Downey city, California","4,752","± 1,322"
"Dublin city, California","1,492","± 826"
"East Los Angeles CDP, California","5,733","± 1,065"
"El Cajon city, California","7,519","± 1,487"
"Elk Grove city, California","4,935","± 1,372"
"El Monte city, California","4,789","± 1,038"
"Escondido city, California","5,970","± 1,352"
"Fairfield city, California","4,899","± 1,294"
"Folsom city, California","2,369","± 1,015"
"Fontana city, California","4,966","± 1,153"
"Fremont city, California","5,589","± 1,628"
"Fresno city, California","27,432","± 3,206"
"Fullerton city, California","7,902","± 1,874"
"Garden Grove city, California","8,095","± 1,480"
"Glendale city, California","13,064","± 2,203"
"Hawthorne city, California","7,176","± 1,785"
"Hayward city, California","5,740","± 1,515"
"Hemet city, California","4,280","± 1,335"
"Hesperia city, California","2,413","± 829"
"Huntington Beach city, California","8,139","± 1,760"
"Indio city, California","1,980","± 966"
"Inglewood city, California","8,464","± 1,769"
"Irvine city, California","16,335","± 2,824"
"Jurupa Valley city, California","3,366","± 969"
"Lake Elsinore city, California","1,826","± 912"
"Lake Forest city, California","1,983","± 741"
"Lakewood city, California","1,396","± 721"
"Lancaster city, California","7,266","± 1,448"
"Livermore city, California","3,473","± 1,576"
"Lodi city, California","2,150","± 1,013"
"Long Beach city, California","26,864","± 3,168"
"Los Angeles city, California","286,484","± 9,847"
"Lynwood city, California","2,350","± 755"
"Madera city, California","2,571","± 963"
"Manteca city, California","1,728","± 676"
"Menifee city, California","3,382","± 1,331"
"Merced city, California","4,409","± 1,031"
"Milpitas city, California","1,339","± 834"
"Mission Viejo city, California","2,173","± 940"
"Modesto city, California","8,185","± 2,110"
"Moreno Valley city, California","6,575","± 1,559"
"Mountain View city, California","4,472","± 1,572"
"Murrieta city, California","1,987","± 973"
"Napa city, California","3,107","± 969"
"Newport Beach city, California","4,008","± 1,445"
"Norwalk city, California","2,253","± 853"
"Oakland city, California","28,513","± 3,290"
"Oceanside city, California","7,438","± 1,490"
"Ontario city, California","7,046","± 1,408"
"Orange city, California","5,563","± 1,460"
"Oxnard city, California","6,536","± 1,469"
"Palmdale city, California","5,789","± 1,390"
"Palo Alto city, California","2,955","± 1,110"
"Pasadena city, California","8,307","± 1,609"
"Perris city, California","1,957","± 855"
"Pittsburg city, California","4,145","± 1,498"
"Pleasanton city, California","2,804","± 1,230"
"Pomona city, California","6,182","± 1,348"
"Rancho Cordova city, California","3,491","± 1,292"
"Rancho Cucamonga city, California","8,070","± 1,621"
"Redding city, California","4,095","± 1,159"
"Redlands city, California","2,611","± 893"
"Redondo Beach city, California","2,774","± 923"
"Redwood City city, California","3,682","± 1,060"
"Rialto city, California","2,847","± 1,156"
"Richmond city, California","4,781","± 1,552"
"Riverside city, California","13,140","± 1,992"
"Rocklin city, California","2,574","± 1,015"
"Roseville city, California","5,423","± 1,331"
"Sacramento city, California","24,645","± 2,821"
"Salinas city, California","6,694","± 1,531"
"San Bernardino city, California","9,759","± 1,756"
"San Buenaventura (Ventura) city, California","5,025","± 1,326"
"San Diego city, California","75,111","± 5,233"
"San Francisco city, California","42,935","± 3,957"
"San Jose city, California","33,842","± 3,375"
"San Leandro city, California","3,949","± 1,648"
"San Marcos city, California","4,622","± 1,250"
"San Mateo city, California","4,172","± 1,027"
"San Ramon city, California","1,276","± 764"
"Santa Ana city, California","10,986","± 1,842"
"Santa Barbara city, California","5,900","± 1,559"
"Santa Clara city, California","6,563","± 1,716"
"Santa Clarita city, California","5,058","± 1,144"
"Santa Maria city, California","5,827","± 1,488"
"Santa Monica city, California","6,415","± 2,265"
"Santa Rosa city, California","7,657","± 1,631"
"Simi Valley city, California","2,954","± 1,206"
"South Gate city, California","4,407","± 1,177"
"Stockton city, California","12,743","± 2,030"
"Sunnyvale city, California","4,909","± 1,248"
"Temecula city, California","3,320","± 1,197"
"Thousand Oaks city, California","2,590","± 1,028"
"Torrance city, California","6,523","± 1,608"
"Tracy city, California","2,878","± 1,027"
"Tulare city, California","2,587","± 933"
"Turlock city, California","2,398","± 756"
"Tustin city, California","3,803","± 1,032"
"Union City city, California","2,105","± 834"
"Upland city, California","2,372","± 1,123"
"Vacaville city, California","2,507","± 914"
"Vallejo city, California","8,657","± 2,013"
"Victorville city, California","5,877","± 1,723"
"Visalia city, California","4,580","± 1,158"
"Vista city, California","5,161","± 1,437"
"Walnut Creek city, California","3,673","± 1,302"
"West Covina city, California","4,619","± 1,260"
"Westminster city, California","4,339","± 1,207"
"Whittier city, California","2,815","± 965"
"Yorba Linda city, California","613","± 559"
"Yuba City city, California","1,895","± 1,147"
"Arvada city, Colorado","2,609","± 847"
"Aurora city, Colorado","15,381","± 2,280"
"Boulder city, Colorado","9,978","± 1,562"
"Broomfield city, Colorado","2,263","± 794"
"Castle Rock town, Colorado","941","± 693"
"Centennial city, Colorado","1,851","± 806"
"Colorado Springs city, Colorado","19,153","± 2,682"
"Denver city, Colorado","40,197","± 4,701"
"Fort Collins city, Colorado","9,316","± 1,935"
"Grand Junction city, Colorado","3,216","± 1,209"
"Greeley city, Colorado","4,608","± 1,287"
"Highlands Ranch CDP, Colorado","1,816","± 937"
"Lakewood city, Colorado","7,089","± 1,515"
"Longmont city, Colorado","4,024","± 1,390"
"Loveland city, Colorado","3,744","± 1,146"
"Parker town, Colorado","2,202","± 1,086"
"Pueblo city, Colorado","4,638","± 1,259"
"Thornton city, Colorado","5,754","± 1,553"
"Westminster city, Colorado","3,919","± 1,292"
"Bridgeport city, Connecticut","10,248","± 1,880"
"Danbury city, Connecticut","4,127","± 1,360"
"Hartford city, Connecticut","10,976","± 1,967"
"New Britain city, Connecticut","3,648","± 1,310"
"New Haven city, Connecticut","11,233","± 2,201"
"Norwalk city, Connecticut","3,932","± 1,239"
"Stamford city, Connecticut","9,211","± 2,237"
"Waterbury city, Connecticut","8,544","± 2,655"
"Wilmington city, Delaware","3,671","± 1,100"
"Washington city, District of Columbia","46,467","± 4,324"
"Alafaya CDP, Florida","3,818","± 1,230"
"Boca Raton city, Florida","4,883","± 1,387"
"Boynton Beach city, Florida","4,011","± 1,306"
"Brandon CDP, Florida","6,335","± 1,677"
"Cape Coral city, Florida","5,550","± 1,675"
"Clearwater city, Florida","7,017","± 1,483"
"Coral Springs city, Florida","5,952","± 1,566"
"Davie town, Florida","3,487","± 1,193"
"Daytona Beach city, Florida","4,523","± 1,253"
"Deerfield Beach city, Florida","5,382","± 1,613"
"Delray Beach city, Florida","3,077","± 998"
"Deltona city, Florida","2,631","± 920"
"Doral city, Florida","6,570","± 1,528"
"Fort Lauderdale city, Florida","10,463","± 2,063"
"Fort Myers city, Florida","6,932","± 1,947"
"Four Corners CDP, Florida","3,845","± 1,592"
"Gainesville city, Florida","20,448","± 2,798"
"Hialeah city, Florida","15,798","± 2,833"
"Hollywood city, Florida","8,330","± 1,931"
"Homestead city, Florida","6,522","± 1,598"
"Horizon West CDP, Florida","3,212","± 1,894"
"Jacksonville city, Florida","46,260","± 5,146"
"Kendall CDP, Florida","2,225","± 789"
"Kissimmee city, Florida","6,429","± 2,358"
"Lakeland city, Florida","5,426","± 1,714"
"Largo city, Florida","4,547","± 1,410"
"Lauderhill city, Florida","5,789","± 1,734"
"Lehigh Acres CDP, Florida","4,274","± 1,415"
"Melbourne city, Florida","5,117","± 1,718"
"Miami city, Florida","49,787","± 4,421"
"Miami Beach city, Florida","5,514","± 1,192"
"Miami Gardens city, Florida","4,902","± 1,316"
"Miramar city, Florida","5,271","± 1,677"
"North Port city, Florida","1,165","± 620"
"Ocala city, Florida","4,584","± 1,574"
"Orlando city, Florida","24,157","± 4,311"
"Palm Bay city, Florida","3,602","± 1,104"
"Palm Coast city, Florida","2,237","± 1,083"
"Pembroke Pines city, Florida","5,750","± 1,652"
"Pine Hills CDP, Florida","4,788","± 1,735"
"Plantation city, Florida","3,256","± 1,231"
"Poinciana CDP, Florida","2,674","± 1,228"
"Pompano Beach city, Florida","5,279","± 1,451"
"Port Orange city, Florida","1,652","± 584"
"Port St. Lucie city, Florida","3,301","± 1,261"
"Riverview CDP, Florida","2,255","± 1,105"
"St. Petersburg city, Florida","11,215","± 2,189"
"Sanford city, Florida","2,809","± 1,079"
"Spring Hill CDP, Florida","2,228","± 820"
"Sunrise city, Florida","3,013","± 1,344"
"Tallahassee city, Florida","18,928","± 2,685"
"Tamarac city, Florida","2,930","± 1,308"
"Tampa city, Florida","22,943","± 3,291"
"Town 'n' Country CDP, Florida","4,548","± 1,769"
"Wesley Chapel CDP, Florida","2,266","± 992"
"Weston city, Florida","1,469","± 693"
"West Palm Beach city, Florida","7,768","± 2,142"
"Albany city, Georgia","5,059","± 1,199"
"Alpharetta city, Georgia","1,643","± 694"
"Athens-Clarke County unified government (balance), Georgia","9,880","± 2,042"
"Atlanta city, Georgia","33,040","± 3,868"
"Augusta-Richmond County consolidated government (balance), Georgia","9,333","± 1,599"
"Columbus city, Georgia","9,866","± 2,124"
"Johns Creek city, Georgia","908","± 535"
"Mableton city, Georgia","2,606","± 989"
"Macon-Bibb County, Georgia","8,314","± 1,795"
"Roswell city, Georgia","2,244","± 953"
"Sandy Springs city, Georgia","5,729","± 1,669"
"Savannah city, Georgia","9,231","± 1,977"
"South Fulton city, Georgia","2,692","± 1,462"
"Warner Robins city, Georgia","3,560","± 1,344"
"Urban Honolulu CDP, Hawaii","17,663","± 1,786"
"Boise City city, Idaho","12,125","± 1,774"
"Caldwell city, Idaho","1,601","± 780"
"Idaho Falls city, Idaho","965","± 481"
"Meridian city, Idaho","2,679","± 874"
"Nampa city, Idaho","2,002","± 708"
"Arlington Heights village, Illinois","1,735","± 906"
"Aurora city, Illinois","3,831","± 1,364"
"Bloomington city, Illinois","2,398","± 996"
"Bolingbrook village, Illinois","1,329","± 672"
"Champaign city, Illinois","6,071","± 1,389"
"Chicago city, Illinois","148,681","± 7,703"
"Cicero town, Illinois","4,168","± 1,548"
"Decatur city, Illinois","2,090","± 728"
"Elgin city, Illinois","2,511","± 1,068"
"Evanston city, Illinois","3,978","± 1,143"
"Joliet city, Illinois","3,620","± 1,111"
"Naperville city, Illinois","3,168","± 1,098"
"Palatine village, Illinois","1,556","± 892"
"Peoria city, Illinois","4,911","± 1,571"
"Rockford city, Illinois","7,941","± 1,600"
"Schaumburg village, Illinois","1,692","± 784"
"Skokie village, Illinois","2,472","± 1,400"
"Springfield city, Illinois","5,199","± 1,207"
"Waukegan city, Illinois","3,999","± 1,293"
"Bloomington city, Indiana","8,405","± 1,787"
"Carmel city, Indiana","2,630","± 1,018"
"Evansville city, Indiana","5,384","± 1,304"
"Fishers city, Indiana","1,761","± 902"
"Fort Wayne city, Indiana","9,066","± 1,844"
"Gary city, Indiana","2,667","± 907"
"Greenwood city, Indiana","2,079","± 941"
"Hammond city, Indiana","2,372","± 1,068"
"Indianapolis city (balance), Indiana","39,649","± 5,166"
"Lafayette city, Indiana","3,581","± 1,312"
"Muncie city, Indiana","4,094","± 1,355"
"Noblesville city, Indiana","1,210","± 700"
"South Bend city, Indiana","3,527","± 908"
"Ames city, Iowa","2,954","± 875"
"Ankeny city, Iowa","880","± 445"
"Cedar Rapids city, Iowa","3,834","± 1,078"
"Davenport city, Iowa","4,867","± 1,411"
"Des Moines city, Iowa","6,804","± 1,607"
"Iowa City city, Iowa","6,478","± 1,220"
"Sioux City city, Iowa","3,201","± 1,167"
"Waterloo city, Iowa","3,118","± 989"
"West Des Moines city, Iowa","2,799","± 1,135"
"Kansas City city, Kansas","4,835","± 1,304"
"Lawrence city, Kansas","6,637","± 1,703"
"Olathe city, Kansas","1,339","± 617"
"Overland Park city, Kansas","7,276","± 1,803"
"Shawnee city, Kansas","1,544","± 767"
"Topeka city, Kansas","4,458","± 1,156"
"Wichita city, Kansas","12,975","± 2,409"
"Bowling Green city, Kentucky","5,346","± 1,621"
"Lexington-Fayette urban county, Kentucky","16,966","± 2,822"
"Louisville/Jefferson County metro government (balance), Kentucky","25,413","± 3,861"
"Baton Rouge city, Louisiana","16,173","± 2,412"
"Kenner city, Louisiana","2,971","± 1,140"
"Lafayette city, Louisiana","6,616","± 1,913"
"Lake Charles city, Louisiana","4,407","± 1,442"
"Metairie CDP, Louisiana","5,435","± 1,792"
"New Orleans city, Louisiana","22,419","± 3,026"
"Shreveport city, Louisiana","7,993","± 1,946"
"Portland city, Maine","3,479","± 1,132"
"Baltimore city, Maryland","33,441","± 4,655"
"Bethesda CDP, Maryland","2,915","± 1,195"
"Columbia CDP, Maryland","3,130","± 1,121"
"Ellicott City CDP, Maryland","1,973","± 853"
"Frederick city, Maryland","2,958","± 995"
"Gaithersburg city, Maryland","2,907","± 1,198"
"Germantown CDP, Maryland","2,207","± 1,173"
"Glen Burnie CDP, Maryland","2,883","± 883"
"Rockville city, Maryland","2,464","± 930"
"Silver Spring CDP, Maryland","4,898","± 1,409"
"Boston city, Massachusetts","41,790","± 4,101"
"Brockton city, Massachusetts","4,029","± 1,216"
"Cambridge city, Massachusetts","7,132","± 1,399"
"Fall River city, Massachusetts","7,974","± 1,723"
"Framingham city, Massachusetts","2,985","± 965"
"Haverhill city, Massachusetts","3,285","± 1,365"
"Lawrence city, Massachusetts","6,440","± 1,708"
"Lowell city, Massachusetts","7,718","± 1,811"
"Lynn city, Massachusetts","6,481","± 1,931"
"Malden city, Massachusetts","2,544","± 995"
"New Bedford city, Massachusetts","5,749","± 1,259"
"Newton city, Massachusetts","2,492","± 919"
"Quincy city, Massachusetts","3,145","± 1,081"
"Somerville city, Massachusetts","2,814","± 775"
"Springfield city, Massachusetts","7,641","± 2,058"
"Waltham city, Massachusetts","2,026","± 724"
"Worcester city, Massachusetts","14,497","± 2,682"
"Ann Arbor city, Michigan","10,170","± 1,798"
"Dearborn city, Michigan","4,482","± 1,492"
"Detroit city, Michigan","44,015","± 3,931"
"Farmington Hills city, Michigan","3,317","± 968"
"Flint city, Michigan","4,464","± 1,090"
"Grand Rapids city, Michigan","7,997","± 1,604"
"Kalamazoo city, Michigan","4,073","± 1,290"
"Lansing city, Michigan","6,215","± 1,769"
"Livonia city, Michigan","1,321","± 655"
"Novi city, Michigan","1,639","± 727"
"Rochester Hills city, Michigan","1,538","± 649"
"Southfield city, Michigan","3,419","± 1,280"
"Sterling Heights city, Michigan","3,382","± 1,033"
"Troy city, Michigan","1,363","± 682"
"Warren city, Michigan","5,694","± 1,723"
"Westland city, Michigan","2,503","± 1,078"
"Wyoming city, Michigan","2,129","± 1,027"
"Blaine city, Minnesota","1,183","± 656"
"Bloomington city, Minnesota","2,565","± 899"
"Brooklyn Park city, Minnesota","2,398","± 1,058"
"Duluth city, Minnesota","3,555","± 886"
"Eagan city, Minnesota","1,269","± 569"
"Maple Grove city, Minnesota","857","± 613"
"Minneapolis city, Minnesota","22,751","± 3,032"
"Plymouth city, Minnesota","1,861","± 670"
"Rochester city, Minnesota","3,716","± 1,419"
"St. Cloud city, Minnesota","3,470","± 1,196"
"St. Paul city, Minnesota","14,699","± 2,358"
"Woodbury city, Minnesota","2,569","± 1,143"
"Gulfport city, Mississippi","4,362","± 1,335"
"Jackson city, Mississippi","9,287","± 2,165"
"Columbia city, Missouri","5,889","± 1,491"
"Independence city, Missouri","5,816","± 1,651"
"Kansas City city, Missouri","25,009","± 3,603"
"Lee's Summit city, Missouri","2,552","± 767"
"O'Fallon city, Missouri","1,353","± 569"
"St. Charles city, Missouri","2,704","± 1,041"
"St. Joseph city, Missouri","2,128","± 831"
"St. Louis city, Missouri","20,675","± 2,729"
"Springfield city, Missouri","6,744","± 1,340"
"Billings city, Montana","4,579","± 1,266"
"Missoula city, Montana","4,975","± 1,110"
"Lincoln city, Nebraska","11,711","± 1,904"
"Omaha city, Nebraska","18,873","± 2,648"
"Enterprise CDP, Nevada","7,750","± 1,859"
"Henderson city, Nevada","13,255","± 2,704"
"Las Vegas city, Nevada","32,384","± 3,979"
"North Las Vegas city, Nevada","10,268","± 2,048"
"Paradise CDP, Nevada","13,834","± 2,212"
"Reno city, Nevada","12,509","± 2,220"
"Sparks city, Nevada","5,421","± 1,437"
"Spring Valley CDP, Nevada","14,036","± 3,037"
"Sunrise Manor CDP, Nevada","9,853","± 1,900"
"Manchester city, New Hampshire","6,230","± 1,621"
"Nashua city, New Hampshire","4,063","± 1,245"
"Bayonne city, New Jersey","3,923","± 1,352"
"Camden city, New Jersey","5,306","± 1,438"
"Clifton city, New Jersey","3,754","± 1,236"
"East Orange city, New Jersey","4,225","± 1,878"
"Elizabeth city, New Jersey","8,208","± 1,534"
"Jersey City city, New Jersey","18,130","± 2,644"
"Lakewood CDP, New Jersey","3,830","± 1,256"
"Newark city, New Jersey","20,488","± 3,019"
"Passaic city, New Jersey","5,610","± 1,319"
"Paterson city, New Jersey","11,322","± 2,146"
"Toms River CDP, New Jersey","1,208","± 745"
"Trenton city, New Jersey","4,784","± 1,824"
"Union City city, New Jersey","6,422","± 1,502"
"Albuquerque city, New Mexico","23,373","± 2,830"
"Las Cruces city, New Mexico","5,648","± 1,962"
"Rio Rancho city, New Mexico","1,486","± 681"
"Santa Fe city, New Mexico","4,108","± 1,054"
"Albany city, New York","8,306","± 1,843"
"Buffalo city, New York","18,925","± 2,750"
"Cheektowaga CDP, New York","2,268","± 764"
"Mount Vernon city, New York","3,097","± 1,116"
"New Rochelle city, New York","4,294","± 1,228"
"New York city, New York","622,867","± 15,278"
"Rochester city, New York","17,136","± 2,304"
"Schenectady city, New York","5,567","± 1,431"
"Syracuse city, New York","9,823","± 2,078"
"Yonkers city, New York","13,478","± 2,540"
"Apex town, North Carolina","1,060","± 843"
"Asheville city, North Carolina","3,865","± 1,296"
"Cary town, North Carolina","5,100","± 1,475"
"Charlotte city, North Carolina","46,459","± 4,771"
"Concord city, North Carolina","2,579","± 1,089"
"Durham city, North Carolina","14,803","± 2,918"
"Fayetteville city, North Carolina","10,562","± 1,466"
"Gastonia city, North Carolina","4,473","± 1,329"
"Greensboro city, North Carolina","16,142","± 2,938"
"Greenville city, North Carolina","7,700","± 1,979"
"High Point city, North Carolina","4,395","± 1,343"
"Huntersville town, North Carolina","1,175","± 655"
"Jacksonville city, North Carolina","3,926","± 1,411"
"Raleigh city, North Carolina","27,090","± 3,992"
"Wilmington city, North Carolina","10,837","± 1,935"
"Winston-Salem city, North Carolina","14,483","± 2,163"
"Bismarck city, North Dakota","1,214","± 660"
"Fargo city, North Dakota","7,029","± 2,024"
"Akron city, Ohio","12,233","± 2,475"
"Canton city, Ohio","3,542","± 1,121"
"Cincinnati city, Ohio","26,765","± 3,545"
"Cleveland city, Ohio","24,993","± 3,538"
"Columbus city, Ohio","55,456","± 4,493"
"Dayton city, Ohio","7,841","± 1,819"
"Lorain city, Ohio","3,433","± 1,195"
"Parma city, Ohio","1,978","± 922"
"Toledo city, Ohio","11,709","± 1,836"
"Broken Arrow city, Oklahoma","2,299","± 537"
"Edmond city, Oklahoma","2,820","± 1,138"
"Lawton city, Oklahoma","3,730","± 601"
"Norman city, Oklahoma","5,871","± 1,446"
"Oklahoma City city, Oklahoma","26,300","± 3,197"
"Tulsa city, Oklahoma","19,181","± 1,959"
"Beaverton city, Oregon","5,830","± 1,484"
"Bend city, Oregon","4,003","± 1,125"
"Eugene city, Oregon","12,989","± 2,122"
"Gresham city, Oregon","4,882","± 1,240"
"Hillsboro city, Oregon","4,847","± 1,435"
"Medford city, Oregon","3,950","± 1,290"
"Portland city, Oregon","40,158","± 3,600"
"Salem city, Oregon","8,138","± 1,816"
"Allentown city, Pennsylvania","8,061","± 1,955"
"Bethlehem city, Pennsylvania","3,260","± 1,058"
"Erie city, Pennsylvania","4,430","± 1,087"
"Philadelphia city, Pennsylvania","105,205","± 8,596"
"Pittsburgh city, Pennsylvania","17,785","± 2,215"
"Reading city, Pennsylvania","6,385","± 1,390"
"Scranton city, Pennsylvania","4,620","± 1,130"
"Cranston city, Rhode Island","1,577","± 946"
"Pawtucket city, Rhode Island","2,730","± 911"
"Providence city, Rhode Island","12,470","± 2,644"
"Warwick city, Rhode Island","2,281","± 850"
"Charleston city, South Carolina","9,578","± 2,169"
"Columbia city, South Carolina","9,170","± 2,132"
"Greenville city, South Carolina","3,312","± 1,144"
"Mount Pleasant town, South Carolina","1,531","± 837"
"North Charleston city, South Carolina","5,879","± 1,788"
"Rock Hill city, South Carolina","3,605","± 1,334"
"Rapid City city, South Dakota","2,627","± 1,053"
"Sioux Falls city, South Dakota","5,630","± 1,305"
"Chattanooga city, Tennessee","11,961","± 1,905"
"Clarksville city, Tennessee","5,995","± 1,652"
"Franklin city, Tennessee","3,541","± 1,230"
"Jackson city, Tennessee","3,832","± 1,311"
"Johnson City city, Tennessee","3,280","± 1,182"
"Knoxville city, Tennessee","12,291","± 1,720"
"Memphis city, Tennessee","39,287","± 3,502"
"Murfreesboro city, Tennessee","7,910","± 1,846"
"Nashville-Davidson metropolitan government (balance), Tennessee","35,963","± 4,133"
"Abilene city, Texas","5,382","± 1,287"
"Allen city, Texas","4,111","± 1,725"
"Amarillo city, Texas","7,249","± 1,973"
"Arlington city, Texas","19,471","± 3,410"
"Austin city, Texas","61,219","± 6,432"
"Baytown city, Texas","3,976","± 1,406"
"Beaumont city, Texas","5,043","± 1,700"
"Brownsville city, Texas","4,095","± 1,140"
"Bryan city, Texas","4,226","± 1,293"
"Carrollton city, Texas","4,530","± 1,437"
"Cedar Park city, Texas","1,463","± 649"
"College Station city, Texas","12,614","± 2,044"
"Conroe city, Texas","4,227","± 1,352"
"Corpus Christi city, Texas","11,014","± 2,209"
"Dallas city, Texas","67,927","± 6,901"
"Denton city, Texas","9,294","± 1,953"
"Edinburg city, Texas","3,179","± 998"
"El Paso city, Texas","24,705","± 2,977"
"Flower Mound town, Texas","961","± 610"
"Fort Worth city, Texas","42,998","± 4,346"
"Frisco city, Texas","4,749","± 1,839"
"Garland city, Texas","10,283","± 1,973"
"Georgetown city, Texas","2,942","± 947"
"Grand Prairie city, Texas","6,342","± 1,885"
"Harlingen city, Texas","2,812","± 978"
"Houston city, Texas","156,500","± 8,183"
"Irving city, Texas","11,616","± 1,933"
"Killeen city, Texas","7,449","± 1,821"
"Laredo city, Texas","8,179","± 1,841"
"League City city, Texas","2,731","± 912"
"Leander city, Texas","1,450","± 670"
"Lewisville city, Texas","7,133","± 2,081"
"Longview city, Texas","3,880","± 1,212"
"Lubbock city, Texas","16,430","± 2,241"
"McAllen city, Texas","5,241","± 1,413"
"McKinney city, Texas","5,601","± 1,931"
"Mansfield city, Texas","2,792","± 1,278"
"Mesquite city, Texas","7,484","± 2,264"
"Midland city, Texas","5,834","± 1,822"
"Mission city, Texas","2,946","± 1,019"
"Missouri City city, Texas","923","± 659"
"New Braunfels city, Texas","4,767","± 1,503"
"North Richland Hills city, Texas","2,332","± 1,102"
"Odessa city, Texas","4,674","± 1,595"
"Pasadena city, Texas","5,978","± 1,337"
"Pearland city, Texas","1,973","± 820"
"Pflugerville city, Texas","1,956","± 846"
"Pharr city, Texas","2,271","± 918"
"Plano city, Texas","9,811","± 2,011"
"Richardson city, Texas","4,732","± 1,506"
"Round Rock city, Texas","4,503","± 1,332"
"Rowlett city, Texas","1,813","± 1,228"
"San Angelo city, Texas","3,121","± 1,287"
"San Antonio city, Texas","71,442","± 5,392"
"San Marcos city, Texas","6,303","± 1,579"
"Spring CDP, Texas","1,734","± 1,036"
"Sugar Land city, Texas","2,404","± 1,020"
"Temple city, Texas","3,599","± 1,221"
"The Woodlands CDP, Texas","3,091","± 1,213"
"Tyler city, Texas","5,587","± 1,404"
"Victoria city, Texas","2,772","± 1,230"
"Waco city, Texas","7,216","± 1,484"
"Wichita Falls city, Texas","3,072","± 835"
"Layton city, Utah","1,241","± 714"
"Lehi city, Utah","1,071","± 659"
"Ogden city, Utah","2,556","± 789"
"Orem city, Utah","2,297","± 880"
"Provo city, Utah","5,639","± 1,279"
"St. George city, Utah","2,715","± 998"
"Salt Lake City city, Utah","13,846","± 2,524"
"Sandy city, Utah","2,444","± 920"
"South Jordan city, Utah","1,045","± 705"
"West Jordan city, Utah","1,895","± 853"
"West Valley City city, Utah","1,861","± 698"
"Alexandria city, Virginia","6,763","± 1,407"
"Arlington CDP, Virginia","10,980","± 1,936"
"Centreville CDP, Virginia","1,437","± 778"
"Chesapeake city, Virginia","8,307","± 1,825"
"Hampton city, Virginia","6,923","± 1,668"
"Lynchburg city, Virginia","4,068","± 1,117"
"Newport News city, Virginia","10,324","± 1,868"
"Norfolk city, Virginia","13,165","± 2,154"
"Portsmouth city, Virginia","2,982","± 1,005"
"Reston CDP, Virginia","1,612","± 841"
"Richmond city, Virginia","15,581","± 2,242"
"Roanoke city, Virginia","4,053","± 1,314"
"Suffolk city, Virginia","2,977","± 1,012"
"Virginia Beach city, Virginia","15,746","± 2,330"
"Auburn city, Washington","3,744","± 1,270"
"Bellevue city, Washington","6,845","± 1,934"
"Bellingham city, Washington","6,435","± 1,449"
"Everett city, Washington","5,159","± 1,511"
"Federal Way city, Washington","4,399","± 1,211"
"Kennewick city, Washington","3,796","± 1,386"
"Kent city, Washington","5,498","± 1,593"
"Kirkland city, Washington","3,511","± 1,175"
"Marysville city, Washington","1,848","± 629"
"Pasco city, Washington","1,910","± 785"
"Redmond city, Washington","3,241","± 1,105"
"Renton city, Washington","3,893","± 915"
"Sammamish city, Washington","585","± 482"
"Seattle city, Washington","41,794","± 3,880"
"Shoreline city, Washington","2,673","± 1,011"
"South Hill CDP, Washington","1,664","± 839"
"Spokane city, Washington","9,188","± 1,493"
"Spokane Valley city, Washington","4,761","± 1,016"
"Tacoma city, Washington","11,698","± 2,160"
"Vancouver city, Washington","8,270","± 1,593"
"Yakima city, Washington","3,760","± 1,177"
"Appleton city, Wisconsin","1,907","± 771"
"Eau Claire city, Wisconsin","4,683","± 1,465"
"Green Bay city, Wisconsin","3,319","± 1,040"
"Janesville city, Wisconsin","1,818","± 1,008"
"Kenosha city, Wisconsin","3,628","± 1,079"
"Madison city, Wisconsin","17,498","± 2,700"
"Milwaukee city, Wisconsin","34,624","± 3,647"
"Oshkosh city, Wisconsin","2,951","± 897"
"Racine city, Wisconsin","3,831","± 1,276"
"Waukesha city, Wisconsin","2,709","± 804"
"Cheyenne city, Wyoming","2,326","± 933"
"Bayamón zona urbana, Puerto Rico","2,989","± 885"
"Caguas zona urbana, Puerto Rico","1,186","± 602"
"Carolina zona urbana, Puerto Rico","2,421","± 965"
"Guaynabo zona urbana, Puerto Rico","1,208","± 524"
"Ponce zona urbana, Puerto Rico","1,778","± 641"
"San Juan zona urbana, Puerto Rico","10,956","± 1,958"