"Geographic Area Name","Total Cost Burden","MoE"
"Auburn city, Alabama","15,118","± 1,865"
"Birmingham city, Alabama","46,905","± 3,301"
"Dothan city, Alabama","13,583","± 904"
"Hoover city, Alabama","10,728","± 1,770"
"Huntsville city, Alabama","37,536","± 2,967"
"Mobile city, Alabama","36,548","± 2,797"
"Montgomery city, Alabama","35,560","± 2,503"
"Tuscaloosa city, Alabama","22,889","± 2,553"
"Anchorage municipality, Alaska","39,885","± 3,085"
"Avondale city, Arizona","10,595","± 1,524"
"Casas Adobes CDP, Arizona","10,422","± 1,486"
"Chandler city, Arizona","36,632","± 3,017"
"Flagstaff city, Arizona","17,494","± 2,108"
"Gilbert town, Arizona","23,489","± 2,796"
"Glendale city, Arizona","38,141","± 2,666"
"Goodyear city, Arizona","7,405","± 1,710"
"Mesa city, Arizona","72,966","± 3,782"
"Peoria city, Arizona","17,153","± 2,298"
"Phoenix city, Arizona","247,802","± 8,175"
"Scottsdale city, Arizona","38,990","± 2,937"
"Surprise city, Arizona","12,266","± 1,867"
"Tempe city, Arizona","45,175","± 2,627"
"Tucson city, Arizona","108,360","± 3,896"
"Yuma city, Arizona","15,050","± 2,184"
"Conway city, Arkansas","14,061","± 1,235"
"Fayetteville city, Arkansas","21,324","± 2,158"
"Fort Smith city, Arkansas","15,703","± 1,847"
"Jonesboro city, Arkansas","12,807","± 1,905"
"Little Rock city, Arkansas","40,186","± 3,284"
"Rogers city, Arkansas","10,836","± 1,392"
"Springdale city, Arkansas","12,761","± 2,068"
"Alameda city, California","16,601","± 1,621"
"Alhambra city, California","17,826","± 1,361"
"Anaheim city, California","53,924","± 3,074"
"Antioch city, California","13,429","± 1,837"
"Apple Valley town, California","8,510","± 1,722"
"Arden-Arcade CDP, California","22,314","± 2,361"
"Bakersfield city, California","49,609","± 3,692"
"Baldwin Park city, California","6,361","± 1,148"
"Bellflower city, California","15,369","± 1,447"
"Berkeley city, California","23,686","± 2,283"
"Buena Park city, California","10,046","± 1,233"
"Burbank city, California","24,602","± 2,540"
"Camarillo city, California","9,370","± 1,484"
"Carlsbad city, California","18,475","± 2,439"
"Carmichael CDP, California","15,559","± 2,159"
"Carson city, California","6,845","± 1,527"
"Castro Valley CDP, California","6,135","± 1,237"
"Chico city, California","22,801","± 2,003"
"Chino city, California","9,341","± 1,604"
"Chino Hills city, California","6,487","± 1,133"
"Chula Vista city, California","34,862","± 3,088"
"Citrus Heights city, California","14,274","± 2,014"
"Clovis city, California","12,010","± 1,584"
"Compton city, California","10,744","± 1,567"
"Concord city, California","20,093","± 2,408"
"Corona city, California","18,444","± 1,785"
"Costa Mesa city, California","26,210","± 2,128"
"Daly City city, California","13,559","± 1,681"
"Davis city, California","14,206","± 1,531"
"Downey city, California","17,200","± 1,744"
"Dublin city, California","6,865","± 1,071"
"East Los Angeles CDP, California","21,119","± 1,604"
"El Cajon city, California","19,761","± 1,814"
"Elk Grove city, California","14,148","± 1,845"
"El Monte city, California","18,038","± 1,298"
"Escondido city, California","22,574","± 1,719"
"Fairfield city, California","15,826","± 1,533"
"Folsom city, California","8,447","± 1,507"
"Fontana city, California","18,346","± 1,940"
"Fremont city, California","29,280","± 2,650"
"Fresno city, California","90,608","± 3,841"
"Fullerton city, California","24,898","± 1,922"
"Garden Grove city, California","22,145","± 1,887"
"Glendale city, California","45,620","± 2,426"
"Hawthorne city, California","21,752","± 1,797"
"Hayward city, California","21,856","± 1,798"
"Hemet city, California","13,503","± 2,246"
"Hesperia city, California","10,050","± 1,807"
"Huntington Beach city, California","34,476","± 2,422"
"Indio city, California","12,408","± 1,876"
"Inglewood city, California","23,731","± 2,059"
"Irvine city, California","61,787","± 4,196"
"Jurupa Valley city, California","8,988","± 1,473"
"Lake Elsinore city, California","6,684","± 1,505"
"Lake Forest city, California","8,994","± 1,496"
"Lakewood city, California","7,159","± 1,167"
"Lancaster city, California","21,455","± 2,112"
"Livermore city, California","9,547","± 1,594"
"Lodi city, California","10,790","± 1,381"
"Long Beach city, California","103,129","± 3,951"
"Los Angeles city, California","889,109","± 11,763"
"Lynwood city, California","8,111","± 1,202"
"Madera city, California","9,743","± 1,523"
"Manteca city, California","7,468","± 1,612"
"Menifee city, California","7,722","± 1,689"
"Merced city, California","16,857","± 1,739"
"Milpitas city, California","9,333","± 1,179"
"Mission Viejo city, California","7,529","± 1,184"
"Modesto city, California","29,435","± 2,741"
"Moreno Valley city, California","20,952","± 2,291"
"Mountain View city, California","21,577","± 1,774"
"Murrieta city, California","8,554","± 1,729"
"Napa city, California","11,474","± 1,308"
"Newport Beach city, California","17,662","± 1,923"
"Norwalk city, California","8,173","± 1,256"
"Oakland city, California","97,705","± 3,384"
"Oceanside city, California","26,519","± 2,083"
"Ontario city, California","23,395","± 2,286"
"Orange city, California","19,069","± 1,885"
"Oxnard city, California","21,813","± 2,067"
"Palmdale city, California","15,249","± 1,748"
"Palo Alto city, California","11,379","± 1,453"
"Pasadena city, California","32,511","± 2,293"
"Perris city, California","6,822","± 1,746"
"Pittsburg city, California","10,888","± 1,557"
"Pleasanton city, California","9,991","± 1,425"
"Pomona city, California","19,551","± 1,650"
"Rancho Cordova city, California","11,603","± 1,470"
"Rancho Cucamonga city, California","23,596","± 2,708"
"Redding city, California","18,864","± 1,630"
"Redlands city, California","10,556","± 1,648"
"Redondo Beach city, California","12,117","± 1,868"
"Redwood City city, California","13,375","± 1,650"
"Rialto city, California","11,054","± 1,511"
"Richmond city, California","18,587","± 2,098"
"Riverside city, California","39,899","± 2,482"
"Rocklin city, California","8,503","± 1,262"
"Roseville city, California","18,116","± 1,920"
"Sacramento city, California","98,099","± 4,591"
"Salinas city, California","24,785","± 1,901"
"San Bernardino city, California","30,940","± 2,973"
"San Buenaventura (Ventura) city, California","16,716","± 2,023"
"San Diego city, California","269,493","± 6,644"
"San Francisco city, California","209,987","± 6,241"
"San Jose city, California","143,084","± 4,755"
"San Leandro city, California","12,330","± 1,593"
"San Marcos city, California","12,049","± 1,704"
"San Mateo city, California","18,431","± 2,036"
"San Ramon city, California","8,946","± 1,179"
"Santa Ana city, California","43,357","± 3,009"
"Santa Barbara city, California","22,401","± 1,651"
"Santa Clara city, California","27,882","± 2,284"
"Santa Clarita city, California","20,085","± 2,230"
"Santa Maria city, California","15,236","± 1,703"
"Santa Monica city, California","31,222","± 2,412"
"Santa Rosa city, California","31,371","± 2,260"
"Simi Valley city, California","12,401","± 1,756"
"South Gate city, California","12,700","± 1,562"
"Stockton city, California","44,366","± 2,736"
"Sunnyvale city, California","32,268","± 2,108"
"Temecula city, California","11,325","± 1,697"
"Thousand Oaks city, California","13,179","± 1,692"
"Torrance city, California","25,475","± 2,445"
"Tracy city, California","10,354","± 1,906"
"Tulare city, California","7,722","± 1,326"
"Turlock city, California","11,101","± 1,588"
"Tustin city, California","13,232","± 1,669"
"Union City city, California","7,263","± 1,432"
"Upland city, California","12,023","± 1,222"
"Vacaville city, California","11,985","± 1,591"
"Vallejo city, California","17,995","± 2,125"
"Victorville city, California","14,923","± 2,633"
"Visalia city, California","21,876","± 2,629"
"Vista city, California","16,233","± 1,544"
"Walnut Creek city, California","10,686","± 1,333"
"West Covina city, California","12,260","± 1,299"
"Westminster city, California","14,423","± 1,401"
"Whittier city, California","11,252","± 1,089"
"Yorba Linda city, California","4,796","± 991"
"Yuba City city, California","10,697","± 1,499"
"Arvada city, Colorado","12,375","± 1,469"
"Aurora city, Colorado","50,388","± 2,952"
"Boulder city, Colorado","22,800","± 1,906"
"Broomfield city, Colorado","9,923","± 997"
"Castle Rock town, Colorado","5,703","± 1,417"
"Centennial city, Colorado","8,304","± 1,416"
"Colorado Springs city, Colorado","74,144","± 3,848"
"Denver city, Colorado","162,205","± 5,317"
"Fort Collins city, Colorado","33,431","± 2,666"
"Grand Junction city, Colorado","11,758","± 1,740"
"Greeley city, Colorado","14,604","± 1,450"
"Highlands Ranch CDP, Colorado","7,168","± 1,159"
"Lakewood city, Colorado","28,685","± 2,333"
"Longmont city, Colorado","15,799","± 1,696"
"Loveland city, Colorado","13,299","± 1,754"
"Pueblo city, Colorado","18,730","± 1,926"
"Thornton city, Colorado","11,283","± 1,496"
"Westminster city, Colorado","17,373","± 1,410"
"Bridgeport city, Connecticut","32,794","± 2,452"
"Danbury city, Connecticut","12,839","± 2,215"
"Hartford city, Connecticut","32,457","± 2,113"
"New Britain city, Connecticut","15,610","± 1,750"
"New Haven city, Connecticut","41,960","± 2,822"
"Norwalk city, Connecticut","15,651","± 1,903"
"Stamford city, Connecticut","26,983","± 2,335"
"Waterbury city, Connecticut","24,530","± 2,300"
"Wilmington city, Delaware","15,470","± 1,715"
"Washington city, District of Columbia","186,629","± 4,176"
"Alafaya CDP, Florida","12,719","± 2,937"
"Boca Raton city, Florida","13,483","± 1,974"
"Boynton Beach city, Florida","12,471","± 1,515"
"Brandon CDP, Florida","22,430","± 2,550"
"Cape Coral city, Florida","18,069","± 2,312"
"Clearwater city, Florida","19,956","± 1,801"
"Coral Springs city, Florida","17,967","± 1,987"
"Davie town, Florida","13,212","± 2,078"
"Daytona Beach city, Florida","16,698","± 1,776"
"Deerfield Beach city, Florida","14,882","± 1,990"
"Delray Beach city, Florida","10,523","± 1,423"
"Deltona city, Florida","7,430","± 1,455"
"Doral city, Florida","14,095","± 1,655"
"Fort Lauderdale city, Florida","37,385","± 2,839"
"Fort Myers city, Florida","19,753","± 2,138"
"Gainesville city, Florida","33,168","± 2,949"
"Hialeah city, Florida","40,016","± 2,664"
"Hollywood city, Florida","25,188","± 2,049"
"Homestead city, Florida","12,170","± 1,812"
"Jacksonville city, Florida","159,854","± 6,368"
"Kendall CDP, Florida","11,558","± 2,106"
"Kissimmee city, Florida","14,088","± 2,111"
"Lakeland city, Florida","19,582","± 2,205"
"Largo city, Florida","14,440","± 2,046"
"Lauderhill city, Florida","12,687","± 1,620"
"Lehigh Acres CDP, Florida","10,854","± 1,875"
"Melbourne city, Florida","12,906","± 1,738"
"Miami city, Florida","133,756","± 4,884"
"Miami Beach city, Florida","26,326","± 2,139"
"Miami Gardens city, Florida","11,173","± 1,780"
"Miramar city, Florida","11,664","± 2,272"
"Orlando city, Florida","80,989","± 5,528"
"Palm Bay city, Florida","10,347","± 2,020"
"Palm Coast city, Florida","6,500","± 1,718"
"Pembroke Pines city, Florida","19,861","± 2,628"
"Pine Hills CDP, Florida","12,583","± 1,957"
"Plantation city, Florida","12,535","± 1,986"
"Pompano Beach city, Florida","21,193","± 2,771"
"Port Charlotte CDP, Florida","5,460","± 1,375"
"Port St. Lucie city, Florida","12,700","± 2,327"
"Riverview CDP, Florida","11,372","± 2,095"
"St. Petersburg city, Florida","41,200","± 2,772"
"Spring Hill CDP, Florida","9,183","± 1,562"
"Sunrise city, Florida","11,919","± 1,856"
"Tallahassee city, Florida","49,288","± 2,838"
"Tamarac city, Florida","8,313","± 1,605"
"Tampa city, Florida","75,265","± 4,060"
"Town 'n' Country CDP, Florida","14,389","± 2,586"
"Wesley Chapel CDP, Florida","6,488","± 1,429"
"Weston city, Florida","5,313","± 1,192"
"West Palm Beach city, Florida","24,988","± 2,671"
"Albany city, Georgia","16,266","± 1,499"
"Alpharetta city, Georgia","9,146","± 1,612"
"Athens-Clarke County unified government (balance), Georgia","33,084","± 2,365"
"Atlanta city, Georgia","119,628","± 4,775"
"Augusta-Richmond County consolidated government (balance), Georgia","35,302","± 3,117"
"Columbus city, Georgia","43,280","± 2,839"
"Macon-Bibb County, Georgia","25,498","± 2,386"
"Roswell city, Georgia","11,363","± 2,123"
"Sandy Springs city, Georgia","25,510","± 2,845"
"Savannah city, Georgia","31,529","± 2,561"
"Warner Robins city, Georgia","14,671","± 2,295"
"Urban Honolulu CDP, Hawaii","69,940","± 3,843"
"Boise City city, Idaho","36,566","± 2,883"
"Idaho Falls city, Idaho","7,940","± 1,284"
"Meridian city, Idaho","10,896","± 2,952"
"Nampa city, Idaho","11,073","± 1,784"
"Arlington Heights village, Illinois","8,277","± 1,595"
"Aurora city, Illinois","19,018","± 2,006"
"Bloomington city, Illinois","13,433","± 1,676"
"Bolingbrook village, Illinois","5,245","± 1,033"
"Champaign city, Illinois","20,061","± 2,183"
"Chicago city, Illinois","608,560","± 12,634"
"Cicero town, Illinois","11,018","± 1,757"
"Decatur city, Illinois","12,303","± 1,450"
"Elgin city, Illinois","11,641","± 1,620"
"Evanston city, Illinois","13,341","± 1,665"
"Joliet city, Illinois","12,955","± 1,460"
"Naperville city, Illinois","13,406","± 1,758"
"Palatine village, Illinois","8,370","± 1,393"
"Peoria city, Illinois","19,790","± 1,942"
"Rockford city, Illinois","28,625","± 2,670"
"Schaumburg village, Illinois","11,666","± 1,715"
"Skokie village, Illinois","7,026","± 1,711"
"Springfield city, Illinois","17,923","± 2,024"
"Waukegan city, Illinois","14,630","± 1,650"
"Bloomington city, Indiana","19,672","± 2,096"
"Carmel city, Indiana","11,164","± 1,867"
"Evansville city, Indiana","24,766","± 1,985"
"Fishers city, Indiana","7,954","± 1,815"
"Fort Wayne city, Indiana","41,636","± 2,944"
"Hammond city, Indiana","12,860","± 1,401"
"Indianapolis city (balance), Indiana","157,001","± 4,884"
"Lafayette city, Indiana","15,817","± 1,735"
"Noblesville city, Indiana","7,584","± 1,776"
"South Bend city, Indiana","16,731","± 1,940"
"Ames city, Iowa","14,763","± 1,445"
"Ankeny city, Iowa","8,858","± 2,194"
"Cedar Rapids city, Iowa","16,902","± 1,797"
"Davenport city, Iowa","15,550","± 1,520"
"Des Moines city, Iowa","32,810","± 2,581"
"Iowa City city, Iowa","15,468","± 2,073"
"Sioux City city, Iowa","9,879","± 1,067"
"Waterloo city, Iowa","11,145","± 1,417"
"West Des Moines city, Iowa","17,258","± 2,239"
"Kansas City city, Kansas","23,188","± 1,845"
"Lawrence city, Kansas","23,431","± 1,930"
"Olathe city, Kansas","12,791","± 1,509"
"Overland Park city, Kansas","32,234","± 2,230"
"Shawnee city, Kansas","7,503","± 1,433"
"Topeka city, Kansas","23,252","± 2,068"
"Wichita city, Kansas","65,141","± 3,121"
"Bowling Green city, Kentucky","18,600","± 1,903"
"Lexington-Fayette urban county, Kentucky","64,174","± 2,941"
"Louisville/Jefferson County metro government (balance), Kentucky","102,627","± 3,825"
"Baton Rouge city, Louisiana","46,173","± 3,838"
"Kenner city, Louisiana","9,434","± 1,567"
"Lafayette city, Louisiana","23,608","± 2,310"
"Lake Charles city, Louisiana","10,702","± 1,993"
"Metairie CDP, Louisiana","21,281","± 2,401"
"New Orleans city, Louisiana","75,311","± 3,104"
"Shreveport city, Louisiana","35,503","± 2,673"
"Portland city, Maine","16,892","± 1,834"
"Baltimore city, Maryland","131,121","± 4,465"
"Bethesda CDP, Maryland","9,528","± 1,105"
"Columbia CDP, Maryland","14,421","± 1,933"
"Ellicott City CDP, Maryland","6,539","± 1,347"
"Frederick city, Maryland","13,681","± 1,781"
"Gaithersburg city, Maryland","14,049","± 1,373"
"Germantown CDP, Maryland","10,734","± 1,825"
"Glen Burnie CDP, Maryland","9,531","± 1,612"
"Rockville city, Maryland","11,222","± 1,427"
"Silver Spring CDP, Maryland","19,945","± 2,210"
"Waldorf CDP, Maryland","8,817","± 1,419"
"Boston city, Massachusetts","177,444","± 4,826"
"Brockton city, Massachusetts","15,289","± 1,706"
"Cambridge city, Massachusetts","36,662","± 2,674"
"Fall River city, Massachusetts","26,097","± 1,954"
"Framingham city, Massachusetts","11,868","± 1,353"
"Haverhill city, Massachusetts","10,049","± 1,596"
"Lawrence city, Massachusetts","21,591","± 2,044"
"Lowell city, Massachusetts","22,803","± 1,945"
"Lynn city, Massachusetts","17,497","± 2,141"
"Malden city, Massachusetts","14,919","± 1,938"
"New Bedford city, Massachusetts","25,769","± 2,404"
"Newton city, Massachusetts","7,995","± 1,211"
"Quincy city, Massachusetts","24,148","± 2,428"
"Somerville city, Massachusetts","21,528","± 2,050"
"Springfield city, Massachusetts","29,793","± 2,183"
"Worcester city, Massachusetts","43,351","± 2,945"
"Ann Arbor city, Michigan","27,764","± 2,099"
"Dearborn city, Michigan","10,432","± 1,462"
"Detroit city, Michigan","122,645","± 4,576"
"Farmington Hills city, Michigan","12,795","± 1,503"
"Flint city, Michigan","14,500","± 1,945"
"Grand Rapids city, Michigan","34,646","± 2,942"
"Kalamazoo city, Michigan","16,657","± 1,966"
"Lansing city, Michigan","22,506","± 2,006"
"Livonia city, Michigan","4,920","± 947"
"Novi city, Michigan","9,419","± 1,689"
"Rochester Hills city, Michigan","7,464","± 1,265"
"Southfield city, Michigan","16,082","± 1,965"
"Sterling Heights city, Michigan","11,901","± 1,502"
"Troy city, Michigan","8,805","± 1,307"
"Warren city, Michigan","16,933","± 1,904"
"Westland city, Michigan","14,691","± 1,789"
"Wyoming city, Michigan","10,346","± 1,836"
"Blaine city, Minnesota","4,061","± 1,135"
"Bloomington city, Minnesota","13,137","± 1,470"
"Brooklyn Park city, Minnesota","7,303","± 1,697"
"Duluth city, Minnesota","14,361","± 1,543"
"Eagan city, Minnesota","6,994","± 1,035"
"Maple Grove city, Minnesota","4,243","± 1,166"
"Minneapolis city, Minnesota","94,700","± 4,285"
"Plymouth city, Minnesota","9,109","± 1,541"
"Rochester city, Minnesota","17,035","± 1,663"
"St. Cloud city, Minnesota","15,301","± 1,843"
"St. Paul city, Minnesota","54,322","± 2,966"
"Gulfport city, Mississippi","15,023","± 1,943"
"Jackson city, Mississippi","33,249","± 2,011"
"Columbia city, Missouri","25,383","± 2,317"
"Independence city, Missouri","19,135","± 2,140"
"Kansas City city, Missouri","100,636","± 4,208"
"Lee's Summit city, Missouri","9,266","± 1,667"
"O'Fallon city, Missouri","6,835","± 1,611"
"St. Charles city, Missouri","9,911","± 1,327"
"St. Joseph city, Missouri","12,337","± 1,616"
"St. Louis city, Missouri","76,083","± 3,295"
"Springfield city, Missouri","44,029","± 2,636"
"Billings city, Montana","16,806","± 1,669"
"Missoula city, Montana","18,537","± 1,724"
"Lincoln city, Nebraska","50,404","± 2,440"
"Omaha city, Nebraska","84,065","± 3,149"
"Enterprise CDP, Nevada","30,963","± 3,385"
"Henderson city, Nevada","43,908","± 2,744"
"Las Vegas city, Nevada","111,673","± 3,801"
"North Las Vegas city, Nevada","34,523","± 2,982"
"Paradise CDP, Nevada","44,105","± 3,010"
"Reno city, Nevada","56,835","± 2,984"
"Sparks city, Nevada","16,224","± 2,169"
"Spring Valley CDP, Nevada","47,836","± 3,712"
"Sunrise Manor CDP, Nevada","28,404","± 2,608"
"Manchester city, New Hampshire","24,765","± 2,154"
"Nashua city, New Hampshire","16,780","± 2,020"
"Bayonne city, New Jersey","18,568","± 1,912"
"Camden city, New Jersey","15,719","± 1,964"
"Clifton city, New Jersey","12,994","± 2,137"
"East Orange city, New Jersey","19,111","± 2,128"
"Elizabeth city, New Jersey","34,788","± 2,051"
"Jersey City city, New Jersey","84,800","± 3,526"
"Newark city, New Jersey","91,143","± 3,756"
"Passaic city, New Jersey","15,806","± 1,568"
"Paterson city, New Jersey","38,873","± 2,485"
"Toms River CDP, New Jersey","7,168","± 1,511"
"Trenton city, New Jersey","20,289","± 2,071"
"Union City city, New Jersey","19,141","± 1,700"
"Albuquerque city, New Mexico","95,618","± 4,565"
"Las Cruces city, New Mexico","21,125","± 2,303"
"Rio Rancho city, New Mexico","7,591","± 1,605"
"Santa Fe city, New Mexico","12,780","± 1,747"
"Albany city, New York","26,983","± 2,786"
"Buffalo city, New York","68,461","± 3,729"
"Cheektowaga CDP, New York","9,441","± 1,465"
"Mount Vernon city, New York","13,485","± 1,885"
"New Rochelle city, New York","15,299","± 2,195"
"New York city, New York","2,177,959","± 18,478"
"Rochester city, New York","55,138","± 3,118"
"Schenectady city, New York","15,376","± 1,832"
"Syracuse city, New York","35,624","± 2,331"
"Yonkers city, New York","41,012","± 2,781"
"Asheville city, North Carolina","17,235","± 2,052"
"Cary town, North Carolina","20,475","± 2,508"
"Charlotte city, North Carolina","171,339","± 5,352"
"Concord city, North Carolina","9,243","± 1,888"
"Durham city, North Carolina","59,862","± 3,248"
"Fayetteville city, North Carolina","45,068","± 2,218"
"Gastonia city, North Carolina","15,462","± 1,826"
"Greensboro city, North Carolina","54,121","± 4,054"
"Greenville city, North Carolina","29,046","± 2,310"
"High Point city, North Carolina","18,379","± 1,835"
"Jacksonville city, North Carolina","14,320","± 1,911"
"Raleigh city, North Carolina","91,550","± 5,475"
"Wilmington city, North Carolina","31,886","± 2,440"
"Winston-Salem city, North Carolina","44,717","± 2,900"
"Bismarck city, North Dakota","11,037","± 1,395"
"Fargo city, North Dakota","32,733","± 2,820"
"Akron city, Ohio","42,200","± 2,417"
"Canton city, Ohio","14,246","± 1,886"
"Cincinnati city, Ohio","89,518","± 3,912"
"Cleveland city, Ohio","104,282","± 4,272"
"Columbus city, Ohio","215,178","± 6,049"
"Dayton city, Ohio","27,836","± 1,945"
"Lorain city, Ohio","12,129","± 1,658"
"Parma city, Ohio","8,467","± 1,384"
"Toledo city, Ohio","53,064","± 3,057"
"Broken Arrow city, Oklahoma","12,279","± 774"
"Edmond city, Oklahoma","10,237","± 1,377"
"Lawton city, Oklahoma","19,700","± 1,749"
"Norman city, Oklahoma","26,243","± 2,469"
"Oklahoma City city, Oklahoma","110,815","± 4,497"
"Tulsa city, Oklahoma","84,636","± 2,111"
"Beaverton city, Oregon","23,184","± 1,973"
"Bend city, Oregon","14,208","± 1,996"
"Eugene city, Oregon","36,539","± 2,623"
"Gresham city, Oregon","17,955","± 2,011"
"Hillsboro city, Oregon","20,449","± 2,113"
"Medford city, Oregon","14,304","± 1,768"
"Portland city, Oregon","133,613","± 4,397"
"Salem city, Oregon","28,785","± 2,559"
"Allentown city, Pennsylvania","27,542","± 2,523"
"Bethlehem city, Pennsylvania","14,224","± 1,348"
"Erie city, Pennsylvania","17,575","± 1,821"
"Philadelphia city, Pennsylvania","311,986","± 8,016"
"Pittsburgh city, Pennsylvania","70,018","± 3,630"
"Reading city, Pennsylvania","19,671","± 1,936"
"Scranton city, Pennsylvania","13,924","± 1,673"
"Cranston city, Rhode Island","9,966","± 1,786"
"Pawtucket city, Rhode Island","14,932","± 1,629"
"Providence city, Rhode Island","40,466","± 3,414"
"Warwick city, Rhode Island","9,612","± 1,631"
"Charleston city, South Carolina","26,534","± 2,434"
"Columbia city, South Carolina","27,891","± 2,517"
"Greenville city, South Carolina","20,640","± 1,834"
"Mount Pleasant town, South Carolina","9,853","± 1,929"
"North Charleston city, South Carolina","21,742","± 2,467"
"Rock Hill city, South Carolina","13,148","± 1,829"
"Rapid City city, South Dakota","11,248","± 1,445"
"Sioux Falls city, South Dakota","32,481","± 2,417"
"Chattanooga city, Tennessee","35,844","± 2,533"
"Clarksville city, Tennessee","29,186","± 3,146"
"Franklin city, Tennessee","11,170","± 1,627"
"Jackson city, Tennessee","12,627","± 1,533"
"Johnson City city, Tennessee","15,765","± 1,859"
"Knoxville city, Tennessee","44,616","± 2,857"
"Memphis city, Tennessee","137,346","± 5,685"
"Murfreesboro city, Tennessee","23,017","± 3,193"
"Nashville-Davidson metropolitan government (balance), Tennessee","142,821","± 4,730"
"Abilene city, Texas","21,250","± 1,872"
"Allen city, Texas","11,209","± 2,337"
"Amarillo city, Texas","33,229","± 2,466"
"Arlington city, Texas","68,005","± 4,414"
"Austin city, Texas","252,941","± 7,324"
"Baytown city, Texas","13,911","± 1,858"
"Beaumont city, Texas","21,701","± 2,258"
"Brownsville city, Texas","22,082","± 2,402"
"Bryan city, Texas","18,704","± 1,963"
"Carrollton city, Texas","21,953","± 2,060"
"Cedar Park city, Texas","10,447","± 1,751"
"College Station city, Texas","24,719","± 2,579"
"Conroe city, Texas","15,602","± 2,695"
"Corpus Christi city, Texas","49,492","± 3,133"
"Dallas city, Texas","306,490","± 8,193"
"Denton city, Texas","30,669","± 3,358"
"Edinburg city, Texas","19,123","± 3,019"
"El Paso city, Texas","94,741","± 5,104"
"Fort Worth city, Texas","149,089","± 7,352"
"Frisco city, Texas","25,361","± 2,516"
"Garland city, Texas","30,834","± 2,716"
"Georgetown city, Texas","9,045","± 1,526"
"Grand Prairie city, Texas","27,502","± 2,708"
"Harlingen city, Texas","10,998","± 1,938"
"Houston city, Texas","534,755","± 10,246"
"Irving city, Texas","60,765","± 3,684"
"Killeen city, Texas","30,515","± 2,886"
"Laredo city, Texas","27,950","± 2,528"
"League City city, Texas","11,256","± 2,374"
"Lewisville city, Texas","25,789","± 2,176"
"Longview city, Texas","14,730","± 2,111"
"Lubbock city, Texas","50,704","± 3,052"
"McAllen city, Texas","19,806","± 2,684"
"McKinney city, Texas","26,293","± 3,029"
"Mansfield city, Texas","7,510","± 1,566"
"Mesquite city, Texas","18,348","± 2,694"
"Midland city, Texas","17,689","± 2,743"
"Mission city, Texas","9,676","± 1,618"
"New Braunfels city, Texas","14,626","± 2,432"
"North Richland Hills city, Texas","10,442","± 1,483"
"Odessa city, Texas","19,150","± 2,929"
"Pasadena city, Texas","21,644","± 2,511"
"Pearland city, Texas","11,185","± 2,384"
"Pharr city, Texas","10,400","± 2,075"
"Plano city, Texas","47,589","± 2,682"
"Richardson city, Texas","19,700","± 2,103"
"Round Rock city, Texas","23,133","± 3,530"
"San Angelo city, Texas","14,000","± 1,749"
"San Antonio city, Texas","259,122","± 8,435"
"San Marcos city, Texas","20,016","± 2,199"
"Sugar Land city, Texas","6,852","± 1,400"
"Temple city, Texas","16,366","± 2,021"
"The Woodlands CDP, Texas","10,758","± 2,068"
"Tyler city, Texas","16,256","± 2,073"
"Victoria city, Texas","11,418","± 1,367"
"Waco city, Texas","27,231","± 2,263"
"Wichita Falls city, Texas","16,108","± 1,686"
"Layton city, Utah","8,180","± 1,332"
"Lehi city, Utah","5,002","± 1,362"
"Ogden city, Utah","12,618","± 1,358"
"Orem city, Utah","12,590","± 1,492"
"Provo city, Utah","20,325","± 1,547"
"St. George city, Utah","13,077","± 2,047"
"Salt Lake City city, Utah","47,158","± 3,266"
"Sandy city, Utah","7,599","± 1,578"
"South Jordan city, Utah","4,591","± 1,490"
"West Jordan city, Utah","8,818","± 1,643"
"West Valley City city, Utah","12,383","± 1,761"
"Alexandria city, Virginia","40,887","± 2,287"
"Arlington CDP, Virginia","60,819","± 3,053"
"Centreville CDP, Virginia","6,444","± 1,081"
"Chesapeake city, Virginia","24,663","± 2,682"
"Dale City CDP, Virginia","4,002","± 1,071"
"Hampton city, Virginia","26,519","± 2,234"
"Lynchburg city, Virginia","13,590","± 1,822"
"Newport News city, Virginia","40,962","± 2,675"
"Norfolk city, Virginia","52,729","± 2,649"
"Portsmouth city, Virginia","17,909","± 1,616"
"Richmond city, Virginia","54,944","± 3,013"
"Roanoke city, Virginia","20,457","± 1,675"
"Suffolk city, Virginia","10,732","± 1,320"
"Virginia Beach city, Virginia","63,631","± 3,396"
"Auburn city, Washington","13,041","± 1,750"
"Bellevue city, Washington","29,144","± 2,348"
"Bellingham city, Washington","24,053","± 2,236"
"Everett city, Washington","23,721","± 1,952"
"Federal Way city, Washington","15,394","± 1,662"
"Kennewick city, Washington","13,475","± 1,770"
"Kent city, Washington","19,892","± 1,821"
"Kirkland city, Washington","14,898","± 1,891"
"Marysville city, Washington","7,036","± 1,452"
"Pasco city, Washington","6,454","± 1,250"
"Redmond city, Washington","18,286","± 2,221"
"Renton city, Washington","20,437","± 2,205"
"Sammamish city, Washington","3,699","± 1,057"
"Seattle city, Washington","190,063","± 5,901"
"South Hill CDP, Washington","4,631","± 1,206"
"Spokane city, Washington","40,249","± 3,032"
"Spokane Valley city, Washington","18,580","± 2,033"
"Tacoma city, Washington","37,663","± 2,829"
"Vancouver city, Washington","40,330","± 2,285"
"Yakima city, Washington","16,713","± 1,886"
"Appleton city, Wisconsin","9,737","± 1,282"
"Eau Claire city, Wisconsin","12,259","± 1,446"
"Green Bay city, Wisconsin","19,700","± 2,116"
"Janesville city, Wisconsin","9,313","± 1,281"
"Kenosha city, Wisconsin","15,814","± 1,635"
"Madison city, Wisconsin","63,695","± 3,177"
"Milwaukee city, Wisconsin","136,318","± 3,893"
"Oshkosh city, Wisconsin","13,393","± 1,364"
"Racine city, Wisconsin","14,570","± 1,514"
"Waukesha city, Wisconsin","12,650","± 1,452"
"Cheyenne city, Wyoming","10,819","± 1,656"
"Bayamón zona urbana, Puerto Rico","19,047","± 1,804"
"Caguas zona urbana, Puerto Rico","12,005","± 1,929"
"Carolina zona urbana, Puerto Rico","18,628","± 2,581"
"Guaynabo zona urbana, Puerto Rico","6,698","± 1,295"
"Ponce zona urbana, Puerto Rico","13,276","± 1,551"
"San Juan zona urbana, Puerto Rico","63,065","± 3,562"