"Geographic Area Name","Total Burdened (2021)","MoE"
"Auburn city, Alabama","14,300","± 1,861"
"Birmingham city, Alabama","48,444","± 3,262"
"Dothan city, Alabama","12,638","± 963"
"Hoover city, Alabama","11,040","± 2,111"
"Huntsville city, Alabama","41,110","± 2,989"
"Madison city, Alabama","7,519","± 1,594"
"Mobile city, Alabama","32,418","± 2,470"
"Montgomery city, Alabama","37,541","± 2,945"
"Tuscaloosa city, Alabama","27,962","± 2,277"
"Anchorage municipality, Alaska","41,645","± 3,544"
"Avondale city, Arizona","12,722","± 2,227"
"Buckeye city, Arizona","6,849","± 1,928"
"Casa Grande city, Arizona","5,341","± 1,549"
"Casas Adobes CDP, Arizona","10,158","± 1,875"
"Chandler city, Arizona","40,550","± 3,868"
"Flagstaff city, Arizona","17,253","± 2,077"
"Gilbert town, Arizona","25,839","± 3,278"
"Glendale city, Arizona","40,113","± 3,722"
"Goodyear city, Arizona","10,369","± 2,256"
"Maricopa city, Arizona","4,530","± 1,353"
"Mesa city, Arizona","70,154","± 4,717"
"Peoria city, Arizona","17,594","± 2,452"
"Phoenix city, Arizona","267,479","± 8,411"
"San Tan Valley CDP, Arizona","6,769","± 1,601"
"Scottsdale city, Arizona","42,701","± 4,148"
"Surprise city, Arizona","11,029","± 2,199"
"Tempe city, Arizona","48,151","± 3,567"
"Tucson city, Arizona","111,068","± 3,851"
"Yuma city, Arizona","12,004","± 1,906"
"Conway city, Arkansas","15,047","± 1,550"
"Fayetteville city, Arkansas","25,894","± 2,627"
"Fort Smith city, Arkansas","17,136","± 2,021"
"Jonesboro city, Arkansas","14,796","± 1,801"
"Little Rock city, Arkansas","41,398","± 3,265"
"Rogers city, Arkansas","12,550","± 1,674"
"Springdale city, Arkansas","14,202","± 1,975"
"Alameda city, California","14,035","± 1,783"
"Alhambra city, California","18,709","± 1,768"
"Anaheim city, California","58,023","± 3,791"
"Antioch city, California","13,550","± 2,004"
"Apple Valley town, California","6,999","± 1,780"
"Arden-Arcade CDP, California","20,909","± 2,657"
"Bakersfield city, California","51,396","± 3,281"
"Baldwin Park city, California","8,768","± 1,223"
"Bellflower city, California","14,866","± 1,739"
"Berkeley city, California","25,888","± 1,837"
"Brentwood city, California","3,971","± 1,359"
"Buena Park city, California","11,168","± 1,621"
"Burbank city, California","24,887","± 2,190"
"Camarillo city, California","8,656","± 1,379"
"Carlsbad city, California","16,146","± 1,935"
"Carmichael CDP, California","13,673","± 2,042"
"Carson city, California","8,171","± 1,596"
"Castro Valley CDP, California","5,302","± 1,132"
"Chico city, California","26,213","± 2,241"
"Chino city, California","7,611","± 1,653"
"Chino Hills city, California","8,347","± 1,532"
"Chula Vista city, California","37,638","± 3,745"
"Citrus Heights city, California","12,905","± 1,883"
"Clovis city, California","16,159","± 2,274"
"Compton city, California","10,196","± 1,277"
"Concord city, California","17,723","± 2,110"
"Corona city, California","19,546","± 2,343"
"Costa Mesa city, California","25,870","± 2,113"
"Daly City city, California","14,725","± 1,913"
"Davis city, California","14,293","± 1,682"
"Downey city, California","17,166","± 2,017"
"Dublin city, California","7,306","± 1,444"
"East Los Angeles CDP, California","20,214","± 1,935"
"El Cajon city, California","17,770","± 1,644"
"Elk Grove city, California","13,880","± 2,016"
"El Monte city, California","17,317","± 1,440"
"Escondido city, California","21,615","± 1,980"
"Fairfield city, California","16,054","± 1,984"
"Folsom city, California","10,998","± 1,738"
"Fontana city, California","22,141","± 2,317"
"Fremont city, California","32,292","± 2,694"
"Fresno city, California","88,362","± 3,854"
"Fullerton city, California","23,990","± 2,675"
"Garden Grove city, California","24,330","± 2,195"
"Glendale city, California","47,259","± 3,110"
"Hawthorne city, California","23,328","± 2,472"
"Hayward city, California","21,537","± 2,010"
"Hemet city, California","11,454","± 1,854"
"Hesperia city, California","9,290","± 1,655"
"Huntington Beach city, California","34,671","± 2,492"
"Indio city, California","9,994","± 1,614"
"Inglewood city, California","25,560","± 2,527"
"Irvine city, California","61,124","± 3,706"
"Jurupa Valley city, California","9,887","± 1,723"
"Lake Elsinore city, California","6,767","± 1,585"
"Lake Forest city, California","10,213","± 1,658"
"Lakewood city, California","7,227","± 1,417"
"Lancaster city, California","16,907","± 2,194"
"Livermore city, California","10,749","± 2,077"
"Lodi city, California","10,169","± 1,369"
"Long Beach city, California","100,647","± 4,643"
"Los Angeles city, California","949,439","± 11,216"
"Lynwood city, California","8,160","± 1,075"
"Madera city, California","8,368","± 1,163"
"Manteca city, California","7,604","± 1,369"
"Menifee city, California","8,528","± 1,942"
"Merced city, California","12,743","± 1,382"
"Milpitas city, California","11,518","± 1,745"
"Mission Viejo city, California","7,736","± 1,317"
"Modesto city, California","29,679","± 2,649"
"Moreno Valley city, California","21,957","± 2,471"
"Mountain View city, California","21,835","± 1,808"
"Murrieta city, California","11,370","± 1,839"
"Napa city, California","10,914","± 1,712"
"Newport Beach city, California","17,437","± 1,996"
"Norwalk city, California","9,040","± 1,381"
"Oakland city, California","105,093","± 4,812"
"Oceanside city, California","24,989","± 2,250"
"Ontario city, California","22,640","± 2,432"
"Orange city, California","19,543","± 2,071"
"Oxnard city, California","23,669","± 1,965"
"Palmdale city, California","13,608","± 1,679"
"Palo Alto city, California","12,706","± 1,613"
"Pasadena city, California","34,578","± 2,686"
"Perris city, California","6,974","± 1,717"
"Pittsburg city, California","10,652","± 1,942"
"Pleasanton city, California","10,256","± 1,834"
"Pomona city, California","20,705","± 1,906"
"Rancho Cordova city, California","12,695","± 1,628"
"Rancho Cucamonga city, California","24,002","± 2,284"
"Redding city, California","16,019","± 1,741"
"Redlands city, California","11,434","± 1,783"
"Redondo Beach city, California","13,691","± 2,351"
"Redwood City city, California","14,432","± 1,583"
"Rialto city, California","7,793","± 1,605"
"Richmond city, California","17,890","± 2,221"
"Riverside city, California","45,724","± 3,375"
"Rocklin city, California","8,891","± 1,334"
"Roseville city, California","17,633","± 1,984"
"Sacramento city, California","97,804","± 4,680"
"Salinas city, California","23,018","± 2,329"
"San Bernardino city, California","31,966","± 2,749"
"San Buenaventura (Ventura) city, California","20,390","± 2,064"
"San Diego city, California","290,395","± 6,775"
"San Francisco city, California","235,275","± 5,637"
"San Jose city, California","147,542","± 5,747"
"San Leandro city, California","12,609","± 1,961"
"San Marcos city, California","10,214","± 1,559"
"San Mateo city, California","19,652","± 2,104"
"San Ramon city, California","7,370","± 1,409"
"Santa Ana city, California","48,042","± 3,002"
"Santa Barbara city, California","21,558","± 2,116"
"Santa Clara city, California","32,798","± 2,983"
"Santa Clarita city, California","21,539","± 2,590"
"Santa Maria city, California","15,940","± 1,535"
"Santa Monica city, California","36,726","± 2,935"
"Santa Rosa city, California","28,643","± 2,774"
"Simi Valley city, California","11,561","± 1,798"
"South Gate city, California","14,185","± 1,550"
"Stockton city, California","45,582","± 3,609"
"Sunnyvale city, California","35,685","± 2,645"
"Temecula city, California","14,337","± 1,961"
"Thousand Oaks city, California","10,997","± 1,578"
"Torrance city, California","22,600","± 2,105"
"Tracy city, California","10,776","± 1,705"
"Tulare city, California","9,646","± 1,706"
"Turlock city, California","10,467","± 1,425"
"Tustin city, California","16,121","± 1,824"
"Union City city, California","7,583","± 1,212"
"Upland city, California","12,155","± 1,436"
"Vacaville city, California","11,760","± 1,961"
"Vallejo city, California","22,615","± 2,383"
"Victorville city, California","14,213","± 2,177"
"Visalia city, California","18,317","± 2,016"
"Vista city, California","16,080","± 1,857"
"Walnut Creek city, California","11,735","± 1,713"
"West Covina city, California","14,089","± 1,706"
"Westminster city, California","13,096","± 1,916"
"Whittier city, California","12,116","± 1,692"
"Yorba Linda city, California","3,134","± 1,010"
"Yuba City city, California","9,332","± 1,718"
"Arvada city, Colorado","12,677","± 1,833"
"Aurora city, Colorado","59,143","± 3,737"
"Boulder city, Colorado","26,589","± 2,128"
"Broomfield city, Colorado","13,518","± 1,298"
"Castle Rock town, Colorado","5,405","± 1,524"
"Centennial city, Colorado","8,302","± 1,534"
"Colorado Springs city, Colorado","89,885","± 4,402"
"Denver city, Colorado","181,698","± 5,466"
"Fort Collins city, Colorado","36,654","± 2,489"
"Grand Junction city, Colorado","10,733","± 1,553"
"Greeley city, Colorado","16,592","± 2,171"
"Highlands Ranch CDP, Colorado","9,170","± 1,548"
"Lakewood city, Colorado","30,794","± 2,552"
"Longmont city, Colorado","17,822","± 2,275"
"Loveland city, Colorado","12,342","± 1,667"
"Parker town, Colorado","5,816","± 1,328"
"Pueblo city, Colorado","17,013","± 1,833"
"Thornton city, Colorado","17,217","± 2,073"
"Westminster city, Colorado","19,173","± 1,912"
"Bridgeport city, Connecticut","32,232","± 2,391"
"Danbury city, Connecticut","15,062","± 2,191"
"Hartford city, Connecticut","36,423","± 3,246"
"New Britain city, Connecticut","15,689","± 1,953"
"New Haven city, Connecticut","39,385","± 3,342"
"Norwalk city, Connecticut","16,202","± 2,088"
"Stamford city, Connecticut","27,424","± 2,852"
"Waterbury city, Connecticut","23,623","± 2,743"
"Wilmington city, Delaware","16,752","± 2,098"
"Washington city, District of Columbia","194,851","± 6,181"
"Alafaya CDP, Florida","14,158","± 2,290"
"Boca Raton city, Florida","13,206","± 1,757"
"Boynton Beach city, Florida","11,141","± 1,788"
"Brandon CDP, Florida","20,476","± 3,196"
"Cape Coral city, Florida","18,279","± 2,670"
"Clearwater city, Florida","22,373","± 2,257"
"Coral Springs city, Florida","16,984","± 2,163"
"Davie town, Florida","11,957","± 1,904"
"Daytona Beach city, Florida","19,065","± 1,988"
"Deerfield Beach city, Florida","15,059","± 2,521"
"Delray Beach city, Florida","14,400","± 1,987"
"Deltona city, Florida","7,073","± 1,687"
"Doral city, Florida","16,136","± 2,223"
"Fort Lauderdale city, Florida","35,340","± 3,515"
"Fort Myers city, Florida","19,630","± 2,706"
"Four Corners CDP, Florida","14,948","± 2,580"
"Gainesville city, Florida","43,103","± 3,102"
"Hialeah city, Florida","45,277","± 2,965"
"Hollywood city, Florida","27,494","± 2,766"
"Homestead city, Florida","12,938","± 1,834"
"Horizon West CDP, Florida","9,431","± 2,599"
"Jacksonville city, Florida","173,411","± 7,223"
"Kendall CDP, Florida","12,216","± 2,135"
"Kissimmee city, Florida","18,130","± 2,825"
"Lakeland city, Florida","20,711","± 2,292"
"Largo city, Florida","14,204","± 1,831"
"Lauderhill city, Florida","11,841","± 2,101"
"Lehigh Acres CDP, Florida","13,319","± 2,448"
"Melbourne city, Florida","15,624","± 2,148"
"Miami city, Florida","136,551","± 5,869"
"Miami Beach city, Florida","23,615","± 2,117"
"Miami Gardens city, Florida","11,451","± 1,827"
"Miramar city, Florida","15,726","± 2,637"
"North Port city, Florida","5,343","± 1,452"
"Ocala city, Florida","13,471","± 1,844"
"Orlando city, Florida","86,348","± 5,442"
"Palm Bay city, Florida","9,539","± 1,329"
"Palm Coast city, Florida","6,449","± 1,461"
"Pembroke Pines city, Florida","22,346","± 2,658"
"Pine Hills CDP, Florida","11,080","± 2,339"
"Plantation city, Florida","12,308","± 2,183"
"Poinciana CDP, Florida","7,457","± 2,038"
"Pompano Beach city, Florida","18,583","± 2,012"
"Port Orange city, Florida","5,773","± 1,126"
"Port St. Lucie city, Florida","16,661","± 2,749"
"Riverview CDP, Florida","8,168","± 1,859"
"St. Petersburg city, Florida","46,903","± 3,781"
"Sanford city, Florida","11,516","± 2,045"
"Spring Hill CDP, Florida","8,777","± 1,704"
"Sunrise city, Florida","10,534","± 2,003"
"Tallahassee city, Florida","49,511","± 2,843"
"Tamarac city, Florida","7,746","± 2,034"
"Tampa city, Florida","87,990","± 5,055"
"Town 'n' Country CDP, Florida","15,352","± 2,701"
"Wesley Chapel CDP, Florida","6,846","± 1,746"
"Weston city, Florida","5,193","± 1,177"
"West Palm Beach city, Florida","27,580","± 2,785"
"Albany city, Georgia","17,701","± 1,817"
"Alpharetta city, Georgia","9,801","± 1,627"
"Athens-Clarke County unified government (balance), Georgia","32,823","± 2,049"
"Atlanta city, Georgia","127,924","± 5,126"
"Augusta-Richmond County consolidated government (balance), Georgia","40,024","± 3,036"
"Columbus city, Georgia","38,259","± 2,951"
"Johns Creek city, Georgia","5,364","± 1,160"
"Mableton city, Georgia","10,293","± 1,644"
"Macon-Bibb County, Georgia","28,434","± 2,025"
"Roswell city, Georgia","10,587","± 1,698"
"Sandy Springs city, Georgia","24,955","± 2,535"
"Savannah city, Georgia","28,641","± 2,432"
"South Fulton city, Georgia","10,195","± 2,292"
"Warner Robins city, Georgia","15,203","± 2,026"
"Urban Honolulu CDP, Hawaii","71,039","± 3,012"
"Boise City city, Idaho","40,440","± 2,490"
"Caldwell city, Idaho","5,639","± 1,288"
"Idaho Falls city, Idaho","8,388","± 1,348"
"Meridian city, Idaho","14,780","± 1,997"
"Nampa city, Idaho","13,011","± 1,611"
"Arlington Heights village, Illinois","7,939","± 1,685"
"Aurora city, Illinois","22,543","± 2,860"
"Bloomington city, Illinois","14,285","± 1,692"
"Bolingbrook village, Illinois","5,462","± 1,325"
"Champaign city, Illinois","22,476","± 1,946"
"Chicago city, Illinois","626,859","± 13,424"
"Cicero town, Illinois","10,811","± 2,057"
"Decatur city, Illinois","11,646","± 1,756"
"Elgin city, Illinois","10,192","± 1,969"
"Evanston city, Illinois","15,269","± 1,799"
"Joliet city, Illinois","10,664","± 1,571"
"Naperville city, Illinois","13,528","± 1,726"
"Palatine village, Illinois","8,612","± 1,762"
"Peoria city, Illinois","20,280","± 2,213"
"Rockford city, Illinois","27,858","± 1,893"
"Schaumburg village, Illinois","10,531","± 1,802"
"Skokie village, Illinois","5,896","± 1,464"
"Springfield city, Illinois","19,331","± 2,091"
"Waukegan city, Illinois","17,945","± 2,469"
"Bloomington city, Indiana","22,569","± 2,136"
"Carmel city, Indiana","11,453","± 1,778"
"Evansville city, Indiana","23,981","± 1,860"
"Fishers city, Indiana","9,133","± 1,502"
"Fort Wayne city, Indiana","41,677","± 2,663"
"Gary city, Indiana","13,022","± 1,702"
"Greenwood city, Indiana","10,363","± 1,634"
"Hammond city, Indiana","11,279","± 1,532"
"Indianapolis city (balance), Indiana","162,321","± 6,310"
"Lafayette city, Indiana","19,440","± 1,740"
"Muncie city, Indiana","14,180","± 1,652"
"Noblesville city, Indiana","6,954","± 1,523"
"South Bend city, Indiana","16,132","± 1,588"
"Ames city, Iowa","16,898","± 1,350"
"Ankeny city, Iowa","8,444","± 1,424"
"Cedar Rapids city, Iowa","19,805","± 2,155"
"Davenport city, Iowa","18,173","± 1,849"
"Des Moines city, Iowa","35,871","± 3,272"
"Iowa City city, Iowa","16,774","± 1,438"
"Sioux City city, Iowa","10,469","± 1,623"
"Waterloo city, Iowa","10,292","± 1,409"
"West Des Moines city, Iowa","15,224","± 2,148"
"Kansas City city, Kansas","22,279","± 1,998"
"Lawrence city, Kansas","23,275","± 1,847"
"Olathe city, Kansas","13,265","± 1,920"
"Overland Park city, Kansas","34,110","± 2,800"
"Shawnee city, Kansas","8,024","± 1,367"
"Topeka city, Kansas","24,928","± 2,057"
"Wichita city, Kansas","64,252","± 3,508"
"Bowling Green city, Kentucky","21,588","± 2,472"
"Lexington-Fayette urban county, Kentucky","66,787","± 3,098"
"Louisville/Jefferson County metro government (balance), Kentucky","106,866","± 4,164"
"Baton Rouge city, Louisiana","41,370","± 3,320"
"Kenner city, Louisiana","8,007","± 1,858"
"Lafayette city, Louisiana","25,348","± 2,207"
"Lake Charles city, Louisiana","14,373","± 1,798"
"Metairie CDP, Louisiana","24,802","± 2,876"
"New Orleans city, Louisiana","74,293","± 3,619"
"Shreveport city, Louisiana","33,453","± 2,978"
"Portland city, Maine","19,935","± 2,079"
"Baltimore city, Maryland","137,374","± 5,183"
"Bethesda CDP, Maryland","10,639","± 1,679"
"Columbia CDP, Maryland","14,142","± 2,104"
"Ellicott City CDP, Maryland","8,055","± 1,785"
"Frederick city, Maryland","15,132","± 1,905"
"Gaithersburg city, Maryland","12,834","± 1,998"
"Germantown CDP, Maryland","12,201","± 2,594"
"Glen Burnie CDP, Maryland","12,935","± 1,732"
"Rockville city, Maryland","12,006","± 1,267"
"Silver Spring CDP, Maryland","19,185","± 2,358"
"Boston city, Massachusetts","189,050","± 5,388"
"Brockton city, Massachusetts","15,312","± 2,056"
"Cambridge city, Massachusetts","35,718","± 2,246"
"Fall River city, Massachusetts","28,362","± 2,153"
"Framingham city, Massachusetts","14,226","± 1,540"
"Haverhill city, Massachusetts","9,664","± 1,766"
"Lawrence city, Massachusetts","24,647","± 2,391"
"Lowell city, Massachusetts","23,286","± 2,572"
"Lynn city, Massachusetts","19,818","± 2,931"
"Malden city, Massachusetts","14,248","± 1,913"
"New Bedford city, Massachusetts","22,416","± 1,774"
"Newton city, Massachusetts","11,607","± 1,643"
"Quincy city, Massachusetts","22,769","± 2,685"
"Somerville city, Massachusetts","23,490","± 2,133"
"Springfield city, Massachusetts","25,699","± 2,650"
"Waltham city, Massachusetts","13,414","± 1,908"
"Worcester city, Massachusetts","46,917","± 3,836"
"Ann Arbor city, Michigan","26,986","± 2,267"
"Dearborn city, Michigan","10,117","± 1,956"
"Detroit city, Michigan","131,427","± 5,406"
"Farmington Hills city, Michigan","11,877","± 1,415"
"Flint city, Michigan","16,316","± 2,143"
"Grand Rapids city, Michigan","37,366","± 2,579"
"Kalamazoo city, Michigan","16,659","± 1,897"
"Lansing city, Michigan","23,635","± 2,076"
"Livonia city, Michigan","5,405","± 1,139"
"Novi city, Michigan","10,025","± 1,556"
"Rochester Hills city, Michigan","7,004","± 1,363"
"Southfield city, Michigan","16,743","± 2,205"
"Sterling Heights city, Michigan","12,753","± 1,689"
"Troy city, Michigan","9,119","± 1,390"
"Warren city, Michigan","16,109","± 2,133"
"Westland city, Michigan","14,553","± 2,036"
"Wyoming city, Michigan","11,420","± 1,981"
"Blaine city, Minnesota","4,478","± 1,037"
"Bloomington city, Minnesota","14,044","± 1,782"
"Brooklyn Park city, Minnesota","8,368","± 1,555"
"Duluth city, Minnesota","16,792","± 1,868"
"Eagan city, Minnesota","9,437","± 1,372"
"Maple Grove city, Minnesota","5,291","± 1,008"
"Minneapolis city, Minnesota","104,117","± 4,899"
"Plymouth city, Minnesota","9,506","± 1,608"
"Rochester city, Minnesota","17,927","± 1,987"
"St. Cloud city, Minnesota","13,238","± 1,761"
"St. Paul city, Minnesota","64,586","± 3,231"
"Woodbury city, Minnesota","7,644","± 1,526"
"Gulfport city, Mississippi","13,828","± 1,691"
"Jackson city, Mississippi","30,266","± 2,433"
"Columbia city, Missouri","27,148","± 2,177"
"Independence city, Missouri","21,106","± 2,305"
"Kansas City city, Missouri","94,284","± 4,819"
"Lee's Summit city, Missouri","10,788","± 1,397"
"O'Fallon city, Missouri","4,902","± 1,098"
"St. Charles city, Missouri","11,041","± 1,540"
"St. Joseph city, Missouri","10,989","± 1,555"
"St. Louis city, Missouri","80,327","± 3,958"
"Springfield city, Missouri","42,595","± 2,599"
"Billings city, Montana","19,744","± 2,420"
"Missoula city, Montana","20,681","± 1,696"
"Lincoln city, Nebraska","54,096","± 2,690"
"Omaha city, Nebraska","87,463","± 3,890"
"Enterprise CDP, Nevada","32,970","± 4,063"
"Henderson city, Nevada","46,283","± 4,085"
"Las Vegas city, Nevada","109,942","± 5,577"
"North Las Vegas city, Nevada","33,851","± 3,016"
"Paradise CDP, Nevada","42,925","± 3,626"
"Reno city, Nevada","60,874","± 3,316"
"Sparks city, Nevada","16,613","± 1,811"
"Spring Valley CDP, Nevada","47,730","± 4,405"
"Sunrise Manor CDP, Nevada","30,968","± 3,294"
"Manchester city, New Hampshire","25,327","± 2,301"
"Nashua city, New Hampshire","19,219","± 2,312"
"Bayonne city, New Jersey","21,437","± 1,991"
"Camden city, New Jersey","16,511","± 1,725"
"Clifton city, New Jersey","13,138","± 2,121"
"East Orange city, New Jersey","20,076","± 3,266"
"Elizabeth city, New Jersey","33,354","± 2,561"
"Jersey City city, New Jersey","94,317","± 4,094"
"Lakewood CDP, New Jersey","8,148","± 1,821"
"Newark city, New Jersey","82,638","± 4,412"
"Passaic city, New Jersey","16,180","± 1,667"
"Paterson city, New Jersey","33,021","± 2,505"
"Toms River CDP, New Jersey","6,540","± 1,850"
"Trenton city, New Jersey","18,999","± 2,369"
"Union City city, New Jersey","21,607","± 1,659"
"Albuquerque city, New Mexico","91,341","± 4,304"
"Las Cruces city, New Mexico","19,663","± 2,574"
"Rio Rancho city, New Mexico","7,594","± 1,492"
"Santa Fe city, New Mexico","15,604","± 1,740"
"Albany city, New York","30,248","± 2,439"
"Buffalo city, New York","63,875","± 3,451"
"Cheektowaga CDP, New York","8,876","± 1,464"
"Mount Vernon city, New York","13,343","± 2,050"
"New Rochelle city, New York","15,003","± 2,534"
"New York city, New York","2,275,300","± 17,443"
"Rochester city, New York","58,793","± 3,862"
"Schenectady city, New York","16,536","± 1,778"
"Syracuse city, New York","35,971","± 2,684"
"Yonkers city, New York","46,588","± 3,547"
"Apex town, North Carolina","6,297","± 1,564"
"Asheville city, North Carolina","17,202","± 2,363"
"Cary town, North Carolina","23,456","± 2,565"
"Charlotte city, North Carolina","188,835","± 6,249"
"Concord city, North Carolina","16,113","± 2,270"
"Durham city, North Carolina","62,536","± 3,782"
"Fayetteville city, North Carolina","40,410","± 1,897"
"Gastonia city, North Carolina","15,071","± 1,831"
"Greensboro city, North Carolina","65,079","± 4,045"
"Greenville city, North Carolina","27,724","± 2,118"
"High Point city, North Carolina","21,993","± 2,570"
"Huntersville town, North Carolina","6,665","± 1,239"
"Jacksonville city, North Carolina","14,746","± 2,113"
"Raleigh city, North Carolina","110,475","± 5,311"
"Wilmington city, North Carolina","32,064","± 2,437"
"Winston-Salem city, North Carolina","45,787","± 3,199"
"Bismarck city, North Dakota","11,924","± 1,408"
"Fargo city, North Dakota","38,807","± 2,183"
"Akron city, Ohio","39,984","± 3,219"
"Canton city, Ohio","14,406","± 1,857"
"Cincinnati city, Ohio","87,420","± 3,982"
"Cleveland city, Ohio","92,388","± 4,570"
"Columbus city, Ohio","214,714","± 6,176"
"Dayton city, Ohio","28,585","± 2,992"
"Lorain city, Ohio","11,326","± 1,719"
"Parma city, Ohio","9,052","± 1,575"
"Toledo city, Ohio","55,671","± 3,373"
"Broken Arrow city, Oklahoma","12,737","± 1,187"
"Edmond city, Oklahoma","11,124","± 1,883"
"Lawton city, Oklahoma","17,409","± 1,047"
"Norman city, Oklahoma","23,342","± 2,466"
"Oklahoma City city, Oklahoma","124,926","± 5,819"
"Tulsa city, Oklahoma","86,675","± 2,586"
"Beaverton city, Oregon","20,781","± 1,962"
"Bend city, Oregon","19,144","± 2,076"
"Eugene city, Oregon","39,725","± 2,766"
"Gresham city, Oregon","18,468","± 2,332"
"Hillsboro city, Oregon","21,469","± 1,918"
"Medford city, Oregon","15,530","± 1,987"
"Portland city, Oregon","145,097","± 5,011"
"Salem city, Oregon","30,974","± 2,873"
"Allentown city, Pennsylvania","24,383","± 2,394"
"Bethlehem city, Pennsylvania","15,372","± 1,867"
"Erie city, Pennsylvania","19,170","± 1,826"
"Philadelphia city, Pennsylvania","338,178","± 9,150"
"Pittsburgh city, Pennsylvania","73,930","± 4,156"
"Reading city, Pennsylvania","19,093","± 2,144"
"Scranton city, Pennsylvania","15,812","± 1,706"
"Cranston city, Rhode Island","9,743","± 1,931"
"Pawtucket city, Rhode Island","15,424","± 2,418"
"Providence city, Rhode Island","43,560","± 3,372"
"Warwick city, Rhode Island","9,864","± 1,978"
"Charleston city, South Carolina","33,124","± 3,533"
"Columbia city, South Carolina","32,740","± 2,508"
"Greenville city, South Carolina","19,851","± 2,172"
"Mount Pleasant town, South Carolina","7,700","± 1,186"
"North Charleston city, South Carolina","27,451","± 3,687"
"Rock Hill city, South Carolina","14,839","± 1,961"
"Rapid City city, South Dakota","11,576","± 1,651"
"Sioux Falls city, South Dakota","38,625","± 2,663"
"Chattanooga city, Tennessee","41,825","± 3,275"
"Clarksville city, Tennessee","35,678","± 2,797"
"Franklin city, Tennessee","12,608","± 1,907"
"Jackson city, Tennessee","14,298","± 1,604"
"Johnson City city, Tennessee","15,531","± 2,244"
"Knoxville city, Tennessee","48,387","± 2,952"
"Memphis city, Tennessee","139,093","± 4,742"
"Murfreesboro city, Tennessee","33,372","± 3,289"
"Nashville-Davidson metropolitan government (balance), Tennessee","159,709","± 5,783"
"Abilene city, Texas","20,099","± 2,211"
"Allen city, Texas","13,531","± 1,868"
"Amarillo city, Texas","32,871","± 2,650"
"Arlington city, Texas","68,731","± 4,544"
"Austin city, Texas","284,749","± 9,296"
"Baytown city, Texas","15,278","± 2,348"
"Beaumont city, Texas","16,638","± 2,576"
"Brownsville city, Texas","23,364","± 2,346"
"Bryan city, Texas","16,150","± 1,765"
"Carrollton city, Texas","21,303","± 2,615"
"Cedar Park city, Texas","10,690","± 1,829"
"College Station city, Texas","33,140","± 1,989"
"Conroe city, Texas","20,140","± 2,546"
"Corpus Christi city, Texas","52,358","± 3,698"
"Dallas city, Texas","310,458","± 7,675"
"Denton city, Texas","28,183","± 2,423"
"Edinburg city, Texas","18,176","± 2,339"
"El Paso city, Texas","94,792","± 4,971"
"Flower Mound town, Texas","5,682","± 1,183"
"Fort Worth city, Texas","151,953","± 7,148"
"Frisco city, Texas","30,783","± 3,366"
"Garland city, Texas","34,364","± 2,785"
"Georgetown city, Texas","14,739","± 1,890"
"Grand Prairie city, Texas","26,282","± 3,039"
"Harlingen city, Texas","12,798","± 1,841"
"Houston city, Texas","557,742","± 10,878"
"Irving city, Texas","59,834","± 3,673"
"Killeen city, Texas","30,802","± 2,896"
"Laredo city, Texas","28,379","± 2,483"
"League City city, Texas","10,690","± 1,596"
"Leander city, Texas","8,595","± 1,775"
"Lewisville city, Texas","28,104","± 2,735"
"Longview city, Texas","14,015","± 1,844"
"Lubbock city, Texas","53,270","± 3,156"
"McAllen city, Texas","18,481","± 2,037"
"McKinney city, Texas","31,298","± 3,431"
"Mansfield city, Texas","8,526","± 1,874"
"Mesquite city, Texas","19,668","± 3,266"
"Midland city, Texas","19,245","± 2,686"
"Mission city, Texas","8,643","± 1,661"
"Missouri City city, Texas","4,270","± 1,153"
"New Braunfels city, Texas","16,929","± 2,239"
"North Richland Hills city, Texas","12,930","± 1,827"
"Odessa city, Texas","20,645","± 3,263"
"Pasadena city, Texas","22,241","± 2,121"
"Pearland city, Texas","11,720","± 2,149"
"Pflugerville city, Texas","6,987","± 1,520"
"Pharr city, Texas","10,773","± 1,395"
"Plano city, Texas","49,815","± 3,538"
"Richardson city, Texas","22,403","± 2,109"
"Round Rock city, Texas","22,120","± 2,506"
"Rowlett city, Texas","7,803","± 2,365"
"San Angelo city, Texas","19,128","± 1,974"
"San Antonio city, Texas","273,449","± 8,535"
"San Marcos city, Texas","19,458","± 1,684"
"Spring CDP, Texas","8,031","± 2,062"
"Sugar Land city, Texas","7,996","± 1,704"
"Temple city, Texas","15,581","± 2,200"
"The Woodlands CDP, Texas","16,988","± 2,607"
"Tyler city, Texas","19,489","± 1,917"
"Victoria city, Texas","13,446","± 1,606"
"Waco city, Texas","29,570","± 2,729"
"Wichita Falls city, Texas","16,674","± 1,916"
"Layton city, Utah","7,024","± 1,334"
"Lehi city, Utah","6,458","± 1,287"
"Ogden city, Utah","12,820","± 1,650"
"Orem city, Utah","12,642","± 1,439"
"Provo city, Utah","21,824","± 1,461"
"St. George city, Utah","13,654","± 2,051"
"Salt Lake City city, Utah","55,293","± 3,982"
"Sandy city, Utah","8,594","± 1,557"
"South Jordan city, Utah","5,565","± 1,207"
"West Jordan city, Utah","9,406","± 1,702"
"West Valley City city, Utah","10,668","± 1,832"
"Alexandria city, Virginia","44,829","± 2,083"
"Arlington CDP, Virginia","69,505","± 3,232"
"Centreville CDP, Virginia","7,536","± 1,387"
"Chesapeake city, Virginia","26,496","± 2,597"
"Hampton city, Virginia","25,020","± 2,075"
"Lynchburg city, Virginia","14,419","± 1,597"
"Newport News city, Virginia","38,378","± 2,710"
"Norfolk city, Virginia","53,013","± 2,734"
"Portsmouth city, Virginia","14,656","± 1,732"
"Reston CDP, Virginia","12,825","± 1,990"
"Richmond city, Virginia","62,906","± 3,229"
"Roanoke city, Virginia","20,895","± 2,058"
"Suffolk city, Virginia","10,352","± 1,343"
"Virginia Beach city, Virginia","66,408","± 3,814"
"Auburn city, Washington","12,945","± 1,855"
"Bellevue city, Washington","32,987","± 2,442"
"Bellingham city, Washington","22,834","± 1,993"
"Everett city, Washington","24,675","± 2,495"
"Federal Way city, Washington","16,574","± 2,116"
"Kennewick city, Washington","14,179","± 2,136"
"Kent city, Washington","19,186","± 2,314"
"Kirkland city, Washington","17,003","± 1,887"
"Marysville city, Washington","8,086","± 1,458"
"Pasco city, Washington","8,553","± 1,436"
"Redmond city, Washington","21,443","± 2,147"
"Renton city, Washington","17,587","± 1,912"
"Sammamish city, Washington","4,151","± 913"
"Seattle city, Washington","222,838","± 6,276"
"Shoreline city, Washington","10,632","± 1,687"
"South Hill CDP, Washington","8,752","± 2,168"
"Spokane city, Washington","40,044","± 2,812"
"Spokane Valley city, Washington","16,945","± 2,144"
"Tacoma city, Washington","43,503","± 2,967"
"Vancouver city, Washington","40,626","± 2,804"
"Yakima city, Washington","18,850","± 1,974"
"Appleton city, Wisconsin","9,514","± 1,335"
"Eau Claire city, Wisconsin","16,558","± 1,618"
"Green Bay city, Wisconsin","15,473","± 1,718"
"Janesville city, Wisconsin","9,192","± 1,344"
"Kenosha city, Wisconsin","17,345","± 1,727"
"Madison city, Wisconsin","74,964","± 3,424"
"Milwaukee city, Wisconsin","133,112","± 5,022"
"Oshkosh city, Wisconsin","12,399","± 1,390"
"Racine city, Wisconsin","13,069","± 1,936"
"Waukesha city, Wisconsin","12,427","± 1,355"
"Cheyenne city, Wyoming","11,577","± 1,528"
"Bayamón zona urbana, Puerto Rico","19,746","± 1,786"
"Caguas zona urbana, Puerto Rico","11,010","± 1,604"
"Carolina zona urbana, Puerto Rico","19,929","± 2,370"
"Guaynabo zona urbana, Puerto Rico","5,599","± 1,186"
"Ponce zona urbana, Puerto Rico","16,000","± 1,589"
"San Juan zona urbana, Puerto Rico","63,130","± 4,071"