City,Pct_30_35_2021,Pct_30_35_2024,Pct_35_40_2021,Pct_35_40_2024,Pct_40_50_2021,Pct_40_50_2024,Pct_50plus_2021,Pct_50plus_2024,Total_Burdened_2021,Total_Burdened_2024
"Auburn city, Alabama","1,006",949,444,679,"1,357",654,"6,495","3,709","14,300","15,118"
"Birmingham city, Alabama","3,751","5,633","4,553","2,543","4,219","3,441","12,366","11,688","48,444","46,905"
"Dothan city, Alabama","1,392","1,153",677,"1,099","1,091","1,048","3,134","2,639","12,638","13,583"
"Hoover city, Alabama",741,888,274,229,846,"2,657","2,875","1,231","11,040","10,728"
"Huntsville city, Alabama","2,628","2,158","3,112","1,873","3,245","2,776","7,194","8,115","41,110","37,536"
"Madison city, Alabama",,515,,0,,69,,"1,965","7,519",
"Mobile city, Alabama","3,106","2,250","1,798","2,212","3,026","2,742","9,985","9,522","32,418","36,548"
"Montgomery city, Alabama","2,584","2,699","1,736","2,377","2,900","3,603","12,028","9,945","37,541","35,560"
"Tuscaloosa city, Alabama","1,592","1,785","1,492","1,109","1,302",858,"7,506","9,065","27,962","22,889"
"Anchorage municipality, Alaska","4,588","3,544","3,542","1,436","3,725","2,079","8,391","8,056","41,645","39,885"
"Avondale city, Arizona",778,"1,376",316,573,324,"1,415","3,175","3,128","12,722","10,595"
"Buckeye city, Arizona",,"1,211",,556,,731,,941,"6,849",
"Casa Grande city, Arizona",,567,,620,,781,,556,"5,341",
"Casas Adobes CDP, Arizona",672,"1,425",977,238,"1,171",682,"1,738","2,126","10,158","10,422"
"Chandler city, Arizona","4,276","4,080","2,514","2,965","2,356","2,440","7,297","11,001","40,550","36,632"
"Flagstaff city, Arizona","1,192",936,613,747,533,"1,086","7,886","6,042","17,253","17,494"
"Gilbert town, Arizona","2,509","2,926",441,"1,575","1,080","2,118","4,722","5,567","25,839","23,489"
"Glendale city, Arizona","2,616","4,416","3,273","3,558","2,945","5,302","10,865","9,179","40,113","38,141"
"Goodyear city, Arizona",868,673,588,344,"1,059","1,900","2,175","3,316","10,369","7,405"
"Maricopa city, Arizona",,262,,507,,452,,570,"4,530",
"Mesa city, Arizona","6,400","9,386","5,579","5,019","7,798","6,161","17,519","17,960","70,154","72,966"
"Peoria city, Arizona","1,628","2,464","1,309","1,380","2,510","2,603","4,106","4,051","17,594","17,153"
"Phoenix city, Arizona","20,307","23,192","18,266","18,416","24,982","27,636","60,144","64,555","267,479","247,802"
"San Tan Valley CDP, Arizona",,591,,467,,777,,"1,295","6,769",
"Scottsdale city, Arizona","2,884","2,656","1,658","4,438","2,499","5,047","9,493","9,758","42,701","38,990"
"Surprise city, Arizona","1,460","1,639",607,375,"2,516",303,"2,815","3,002","11,029","12,266"
"Tempe city, Arizona","3,823","4,899","2,882","1,533","5,093","4,034","11,903","13,116","48,151","45,175"
"Tucson city, Arizona","8,694","10,659","7,333","6,643","9,321","13,654","26,515","27,568","111,068","108,360"
"Yuma city, Arizona","1,787",598,"1,147",713,"1,678",382,"2,604","2,984","12,004","15,050"
"Conway city, Arkansas","1,836",486,917,"1,868","1,000","2,086","3,416","2,788","15,047","14,061"
"Fayetteville city, Arkansas","1,959","1,975","1,237","1,816",993,"2,211","4,877","4,309","25,894","21,324"
"Fort Smith city, Arkansas","1,147",819,393,632,"1,035",846,"3,516","3,205","17,136","15,703"
"Jonesboro city, Arkansas",842,"1,231",605,"1,520",894,"1,339","4,221","3,353","14,796","12,807"
"Little Rock city, Arkansas","4,219","3,704","1,406","2,735","4,808","2,624","9,610","7,888","41,398","40,186"
"Rogers city, Arkansas","1,051","1,153",667,701,696,913,"1,247","2,164","12,550","10,836"
"Springdale city, Arkansas",906,"1,443",443,558,"1,639","1,606","1,614","2,439","14,202","12,761"
"Alameda city, California","1,074","1,484","1,645",422,"1,782",854,"2,688","3,622","14,035","16,601"
"Alhambra city, California","1,534","2,123","1,547","1,062","1,192","1,779","5,128","3,816","18,709","17,826"
"Anaheim city, California","5,621","4,662","4,530","5,052","5,831","5,403","15,977","18,802","58,023","53,924"
"Antioch city, California",878,618,"1,354","1,267","1,543","1,594","5,907","4,037","13,550","13,429"
"Apple Valley town, California",752,558,"1,077","2,111","1,087",542,"1,848","1,416","6,999","8,510"
"Arden-Arcade CDP, California","1,611","1,427","2,495",943,"2,011","1,745","7,588","6,597","20,909","22,314"
"Bakersfield city, California","3,651","3,965","4,748","4,330","5,876","5,321","14,099","15,625","51,396","49,609"
"Baldwin Park city, California",514,757,286,501,823,653,"1,645","2,203","8,768","6,361"
"Bellflower city, California",927,"1,733","1,313","1,373","1,856","1,972","4,507","3,217","14,866","15,369"
"Berkeley city, California","1,891","1,898","2,038",926,"2,483","1,949","6,463","8,859","25,888","23,686"
"Brentwood city, California",,214,,45,,674,,"1,601","3,971",
"Buena Park city, California",676,609,989,294,"1,200","1,730","2,736","3,751","11,168","10,046"
"Burbank city, California","2,256","3,021","2,526","1,520","1,355","2,694","8,754","7,496","24,887","24,602"
"Camarillo city, California","1,623",280,507,"1,427",890,579,"2,785","2,704","8,656","9,370"
"Carlsbad city, California","1,623","1,063",897,"1,707","1,970","1,701","4,979","4,358","16,146","18,475"
"Carmichael CDP, California","1,848",913,852,"1,279","1,861","1,885","3,897","4,517","13,673","15,559"
"Carson city, California",688,569,"1,172",376,415,948,"1,797","2,025","8,171","6,845"
"Castro Valley CDP, California",486,473,222,465,750,189,"2,342",906,"5,302","6,135"
"Chico city, California","1,220","1,717","1,041","1,748","2,369","2,746","7,822","8,734","26,213","22,801"
"Chino city, California",841,913,"1,071",342,977,920,"2,385","3,037","7,611","9,341"
"Chino Hills city, California",427,733,226,404,376,"1,351","1,994","1,220","8,347","6,487"
"Chula Vista city, California","3,634","4,345","2,665","3,396","3,529","3,205","11,990","13,416","37,638","34,862"
"Citrus Heights city, California","1,225","1,563","1,210",777,"1,421",953,"4,794","3,400","12,905","14,274"
"Clovis city, California",860,430,"1,006","1,362","1,763","2,384","2,786","5,319","16,159","12,010"
"Compton city, California",318,471,735,859,740,"1,047","3,506","3,707","10,196","10,744"
"Concord city, California","1,412",716,"2,157","2,031","1,772","2,663","6,737","5,434","17,723","20,093"
"Corona city, California","2,113","2,619","1,644","1,809","1,857","2,594","4,978","5,628","19,546","18,444"
"Costa Mesa city, California","1,937","4,225","1,789","1,539","2,161","2,744","6,475","5,304","25,870","26,210"
"Daly City city, California","1,219","1,782",717,"1,910","1,247","1,673","4,537","3,086","14,725","13,559"
"Davis city, California","1,197",820,405,718,"1,244",884,"5,329","7,725","14,293","14,206"
"Downey city, California","2,845","1,494","1,618","1,385","1,501","1,552","5,011","4,752","17,166","17,200"
"Dublin city, California",310,791,190,484,549,551,"1,432","1,492","7,306","6,865"
"East Los Angeles CDP, California","1,556","1,303","1,293","1,193","1,909","1,711","4,354","5,733","20,214","21,119"
"El Cajon city, California","1,513",553,"1,260","1,019","2,409","2,483","6,728","7,519","17,770","19,761"
"Elk Grove city, California","1,134","1,739","1,428",572,988,855,"3,408","4,935","13,880","14,148"
"El Monte city, California",787,"1,442","1,237","1,464","2,190","1,447","6,065","4,789","17,317","18,038"
"Escondido city, California","2,413","1,809","1,654","2,174","3,023","1,835","6,336","5,970","21,615","22,574"
"Fairfield city, California","1,971",421,701,964,"2,050","3,049","6,010","4,899","16,054","15,826"
"Folsom city, California",654,728,614,552,"1,040","1,170","1,512","2,369","10,998","8,447"
"Fontana city, California","1,172","1,827","1,567","1,888","1,632","2,475","3,805","4,966","22,141","18,346"
"Fremont city, California","2,267","2,846","1,464","2,259","2,264","3,409","4,963","5,589","32,292","29,280"
"Fresno city, California","6,689","7,817","6,144","5,105","7,363","8,769","24,188","27,432","88,362","90,608"
"Fullerton city, California","2,658","1,465","1,347","1,800","3,009","2,659","7,147","7,902","23,990","24,898"
"Garden Grove city, California","1,889","1,591","1,264","1,654","1,551","2,971","7,649","8,095","24,330","22,145"
"Glendale city, California","3,560","3,949","2,422","3,548","4,074","5,724","16,624","13,064","47,259","45,620"
"Hawthorne city, California","1,466","1,723","1,464","2,114","1,934","4,040","7,575","7,176","23,328","21,752"
"Hayward city, California","2,273","2,785","1,038","1,314","1,866","1,487","6,304","5,740","21,537","21,856"
"Hemet city, California","1,219",263,396,245,946,"2,557","5,650","4,280","11,454","13,503"
"Hesperia city, California","1,509",875,580,606,527,"1,122","3,339","2,413","9,290","10,050"
"Huntington Beach city, California","2,414","3,514","2,802","2,808","2,490","4,051","10,465","8,139","34,671","34,476"
"Indio city, California","1,300",655,"1,192","1,250","1,132","1,234","2,314","1,980","9,994","12,408"
"Inglewood city, California","2,768","3,335","2,089","2,095","1,802","3,055","7,582","8,464","25,560","23,731"
"Irvine city, California","5,983","4,489","3,215","3,679","5,530","6,836","15,775","16,335","61,124","61,787"
"Jurupa Valley city, California",877,"1,004",700,231,693,695,"2,271","3,366","9,887","8,988"
"Lake Elsinore city, California",663,508,383,961,"1,068",591,"2,391","1,826","6,767","6,684"
"Lake Forest city, California","1,207","1,480","1,154","1,128",698,"1,159","2,368","1,983","10,213","8,994"
"Lakewood city, California","1,110",414,245,537,965,800,"1,572","1,396","7,227","7,159"
"Lancaster city, California","1,452",974,568,667,"2,177","1,332","7,620","7,266","16,907","21,455"
"Livermore city, California","1,173",428,902,964,827,865,"2,032","3,473","10,749","9,547"
"Lodi city, California","1,238","1,028",883,809,670,"1,288","2,244","2,150","10,169","10,790"
"Long Beach city, California","10,878","9,871","6,244","6,477","9,900","12,440","29,150","26,864","100,647","103,129"
"Los Angeles city, California","75,097","86,883","56,104","67,881","87,032","88,392","291,578","286,484","949,439","889,109"
"Lynwood city, California",890,976,58,563,394,786,"2,816","2,350","8,160","8,111"
"Madera city, California",530,"1,078",616,324,697,"1,005","3,521","2,571","8,368","9,743"
"Manteca city, California",895,959,610,232,701,959,"1,221","1,728","7,604","7,468"
"Menifee city, California",329,736,880,"1,324",331,"1,043","2,572","3,382","8,528","7,722"
"Merced city, California","1,178","1,371",931,704,"1,970",599,"4,922","4,409","12,743","16,857"
"Milpitas city, California",981,787,497,162,680,"1,728","1,576","1,339","11,518","9,333"
"Mission Viejo city, California",904,"1,046",417,672,629,356,"2,011","2,173","7,736","7,529"
"Modesto city, California","2,711","3,363","2,315","3,025","3,829","3,328","8,045","8,185","29,679","29,435"
"Moreno Valley city, California","2,477","1,757","2,186","1,215","1,970","2,964","5,814","6,575","21,957","20,952"
"Mountain View city, California","2,408",975,"1,198",634,"1,570",853,"3,201","4,472","21,835","21,577"
"Murrieta city, California",951,"1,337",459,998,"1,436","1,959","2,554","1,987","11,370","8,554"
"Napa city, California","1,292","1,437",693,424,"1,309","1,518","2,960","3,107","10,914","11,474"
"Newport Beach city, California","1,361","1,489",467,"1,261","1,427","2,128","4,194","4,008","17,437","17,662"
"Norwalk city, California",638,710,424,894,409,"1,469","3,306","2,253","9,040","8,173"
"Oakland city, California","10,398","7,810","5,270","5,037","7,546","9,793","26,544","28,513","105,093","97,705"
"Oceanside city, California","3,947","2,896","2,626","1,609","1,503","2,188","7,626","7,438","24,989","26,519"
"Ontario city, California","2,254","2,163","1,859","1,999","2,426","2,243","8,368","7,046","22,640","23,395"
"Orange city, California","2,614","1,496",749,"1,196","2,035","1,628","5,365","5,563","19,543","19,069"
"Oxnard city, California","1,981","2,340","1,504","1,978","2,494","2,423","6,110","6,536","23,669","21,813"
"Palmdale city, California","1,152","1,204","1,113",716,"2,147",890,"4,291","5,789","13,608","15,249"
"Palo Alto city, California",988,807,936,587,"1,063",923,"2,084","2,955","12,706","11,379"
"Pasadena city, California","2,530","3,017","1,769","3,897","3,394","3,378","9,092","8,307","34,578","32,511"
"Perris city, California",403,"1,115",857,331,603,699,"1,352","1,957","6,974","6,822"
"Pittsburg city, California",694,"1,142",986,735,"1,379",616,"2,901","4,145","10,652","10,888"
"Pleasanton city, California",801,353,110,571,"1,642","1,418","2,065","2,804","10,256","9,991"
"Pomona city, California","1,296","2,156","1,648","1,623","2,411","1,870","6,182","6,182","20,705","19,551"
"Rancho Cordova city, California","1,210","1,149",280,674,"1,421","1,587","2,223","3,491","12,695","11,603"
"Rancho Cucamonga city, California","2,237","2,625","1,801","1,381","2,872","1,877","5,595","8,070","24,002","23,596"
"Redding city, California","1,103","1,209","1,483","1,580","1,525","1,251","5,187","4,095","16,019","18,864"
"Redlands city, California",757,"1,445",699,427,"1,485","1,296","1,665","2,611","11,434","10,556"
"Redondo Beach city, California",779,"1,390",684,444,"1,040",781,"3,111","2,774","13,691","12,117"
"Redwood City city, California",443,593,"1,031","1,124",942,763,"2,982","3,682","14,432","13,375"
"Rialto city, California","1,330",913,789,225,906,"1,061","3,261","2,847","7,793","11,054"
"Richmond city, California","1,461","1,551","1,220","1,579","2,679","1,237","5,230","4,781","17,890","18,587"
"Riverside city, California","3,962","5,851","3,006","2,520","4,636","5,016","11,159","13,140","45,724","39,899"
"Rocklin city, California","1,291","1,021",773,945,"1,407",638,"1,434","2,574","8,891","8,503"
"Roseville city, California","1,538","1,468","1,447","1,379","1,218","1,475","4,774","5,423","17,633","18,116"
"Sacramento city, California","8,506","8,922","8,056","6,179","9,350","8,810","26,268","24,645","97,804","98,099"
"Salinas city, California","2,536","2,277","2,923","1,228","2,620","3,814","5,619","6,694","23,018","24,785"
"San Bernardino city, California","2,886","2,355","2,008","2,169","4,044","4,362","9,631","9,759","31,966","30,940"
"San Buenaventura (Ventura) city, California","1,607","1,560",924,"2,683","1,413","1,901","4,805","5,025","20,390","16,716"
"San Diego city, California","24,987","29,842","20,503","21,639","22,998","27,076","73,755","75,111","290,395","269,493"
"San Francisco city, California","15,887","17,373","9,395","12,515","16,380","14,423","42,477","42,935","235,275","209,987"
"San Jose city, California","15,425","12,388","11,169","10,479","12,623","13,224","29,575","33,842","147,542","143,084"
"San Leandro city, California","1,119",932,448,563,"1,306",864,"3,219","3,949","12,609","12,330"
"San Marcos city, California","1,012",978,565,590,"2,101",834,"5,069","4,622","10,214","12,049"
"San Mateo city, California","1,429","1,458",729,801,761,"1,119","5,385","4,172","19,652","18,431"
"San Ramon city, California","1,113",892,330,363,"1,451","1,023","1,376","1,276","7,370","8,946"
"Santa Ana city, California","4,580","3,501","2,896","3,483","3,772","5,287","12,404","10,986","48,042","43,357"
"Santa Barbara city, California","2,305","2,484","1,508","1,755","2,155","1,636","6,373","5,900","21,558","22,401"
"Santa Clara city, California","2,046","1,300",970,"1,962","1,396","1,929","4,121","6,563","32,798","27,882"
"Santa Clarita city, California","1,444","1,671","1,327","1,744","2,436","3,490","6,590","5,058","21,539","20,085"
"Santa Maria city, California","1,307","1,546","1,398",506,"1,433","2,115","5,016","5,827","15,940","15,236"
"Santa Monica city, California","3,729","1,938","1,450","1,440","2,871","1,804","6,799","6,415","36,726","31,222"
"Santa Rosa city, California","4,243","2,882","2,809","1,778","2,546","3,065","7,423","7,657","28,643","31,371"
"Simi Valley city, California","1,670","1,798",673,715,"1,069","1,052","3,942","2,954","11,561","12,401"
"South Gate city, California",691,"1,370",407,"1,030","1,395","1,169","4,010","4,407","14,185","12,700"
"Stockton city, California","4,446","3,152","2,681","2,546","4,325","5,511","12,500","12,743","45,582","44,366"
"Sunnyvale city, California","2,261","3,047","2,215","2,261","1,374","2,262","4,500","4,909","35,685","32,268"
"Temecula city, California",890,"2,301",563,"1,208","1,111","2,157","2,940","3,320","14,337","11,325"
"Thousand Oaks city, California",996,"1,621",628,781,"1,377",874,"3,107","2,590","10,997","13,179"
"Torrance city, California","2,060","2,753","2,522","1,496","1,798","2,440","5,715","6,523","22,600","25,475"
"Tracy city, California",283,"1,284","1,767",468,"1,905",458,"2,020","2,878","10,776","10,354"
"Tulare city, California",909,"1,131","1,083",567,572,"1,247","1,068","2,587","9,646","7,722"
"Turlock city, California",614,"1,054","1,065",544,"1,285","2,008","3,025","2,398","10,467","11,101"
"Tustin city, California",893,"1,857",605,"2,079","1,512","2,109","3,308","3,803","16,121","13,232"
"Union City city, California",765,954,911,143,760,398,988,"2,105","7,583","7,263"
"Upland city, California","1,606","1,053",846,862,"1,273","1,068","3,516","2,372","12,155","12,023"
"Vacaville city, California",917,"3,166","2,132",785,828,"1,289","2,738","2,507","11,760","11,985"
"Vallejo city, California","1,601","2,423","1,836","1,499","1,137","2,779","6,107","8,657","22,615","17,995"
"Victorville city, California","1,101",524,523,"1,045","1,883","1,767","4,802","5,877","14,213","14,923"
"Visalia city, California","3,364","1,811",940,887,"1,982","1,621","4,955","4,580","18,317","21,876"
"Vista city, California","1,535","1,916","1,273",896,"1,738","1,369","4,241","5,161","16,080","16,233"
"Walnut Creek city, California","1,031","1,022",533,375,"1,714","1,408","1,660","3,673","11,735","10,686"
"West Covina city, California","1,496","1,759",880,823,"1,271","1,096","2,532","4,619","14,089","12,260"
"Westminster city, California","1,503","1,848",516,"1,124","1,268",794,"5,951","4,339","13,096","14,423"
"Whittier city, California","1,518","1,344",880,"1,871","1,577","1,722","2,932","2,815","12,116","11,252"
"Yorba Linda city, California",200,222,110,312,322,284,"1,580",613,"3,134","4,796"
"Yuba City city, California","1,166",397,626,747,"2,182",465,"2,236","1,895","9,332","10,697"
"Arvada city, Colorado","1,143","1,231",712,"1,041",918,"1,114","3,821","2,609","12,677","12,375"
"Aurora city, Colorado","4,584","4,390","4,533","4,578","5,532","7,212","16,765","15,381","59,143","50,388"
"Boulder city, Colorado","1,243","2,271","1,352","1,358","1,236","2,070","9,567","9,978","26,589","22,800"
"Broomfield city, Colorado","1,126",982,217,"1,326",431,933,"2,603","2,263","13,518","9,923"
"Castle Rock town, Colorado",272,746,824,405,451,727,"1,801",941,"5,405","5,703"
"Centennial city, Colorado",300,743,703,422,"1,142",478,"1,693","1,851","8,302","8,304"
"Colorado Springs city, Colorado","8,740","9,209","4,499","6,000","7,380","13,095","17,667","19,153","89,885","74,144"
"Denver city, Colorado","14,910","18,058","11,720","10,591","13,355","18,004","34,041","40,197","181,698","162,205"
"Fort Collins city, Colorado","4,105","5,469","1,673","2,482","4,233","3,750","9,003","9,316","36,654","33,431"
"Grand Junction city, Colorado","1,049",573,607,391,"1,582",248,"2,451","3,216","10,733","11,758"
"Greeley city, Colorado","1,628","1,066",996,"1,555",862,"1,663","4,467","4,608","16,592","14,604"
"Highlands Ranch CDP, Colorado",656,"1,327",724,270,405,"1,375","2,277","1,816","9,170","7,168"
"Lakewood city, Colorado","2,805","3,268","1,444","3,184","2,414","2,706","9,569","7,089","30,794","28,685"
"Longmont city, Colorado","2,146","3,014","1,840","1,640","1,450","1,142","3,730","4,024","17,822","15,799"
"Loveland city, Colorado","1,542","1,668","1,302","1,246","1,316",685,"2,654","3,744","12,342","13,299"
"Parker town, Colorado",,620,,181,,765,,"2,202","5,816",
"Pueblo city, Colorado","1,115","1,110","1,062","1,555","1,314","1,184","5,690","4,638","17,013","18,730"
"Thornton city, Colorado",566,"2,751","1,000",958,558,"1,855","4,000","5,754","17,217","11,283"
"Westminster city, Colorado","1,597","1,839","1,801",821,"1,726","1,893","4,285","3,919","19,173","17,373"
"Bridgeport city, Connecticut","2,855","4,114","2,328","2,152","3,837","3,491","10,406","10,248","32,232","32,794"
"Danbury city, Connecticut","2,211",783,211,"1,119",946,"1,052","2,976","4,127","15,062","12,839"
"Hartford city, Connecticut","2,754","2,293","3,171","2,414","3,219","3,082","10,003","10,976","36,423","32,457"
"New Britain city, Connecticut","1,782","1,685",502,806,988,"1,543","3,866","3,648","15,689","15,610"
"New Haven city, Connecticut","2,707","4,619","4,176","2,778","3,526","3,089","10,673","11,233","39,385","41,960"
"Norwalk city, Connecticut","1,675","1,837",899,831,"1,302","1,283","4,200","3,932","16,202","15,651"
"Stamford city, Connecticut","2,252","2,152","1,416","2,021","2,864","2,107","5,987","9,211","27,424","26,983"
"Waterbury city, Connecticut","1,957","2,532","1,540","1,610","2,468","2,517","6,045","8,544","23,623","24,530"
"Wilmington city, Delaware",670,"1,623","1,097",418,"1,344","1,585","4,192","3,671","16,752","15,470"
"Washington city, District of Columbia","16,123","16,392","11,779","12,897","14,864","12,843","41,482","46,467","194,851","186,629"
"Alafaya CDP, Florida","1,373","1,584","1,835",898,"1,960",911,"1,755","3,818","14,158","12,719"
"Boca Raton city, Florida",852,"1,023","1,060",483,978,"1,778","4,959","4,883","13,206","13,483"
"Boynton Beach city, Florida",799,"1,151","1,565",363,"1,306",870,"4,211","4,011","11,141","12,471"
"Brandon CDP, Florida","1,307","3,422","2,556","1,635","1,990","1,128","6,646","6,335","20,476","22,430"
"Cape Coral city, Florida","1,205","1,791","1,990","1,750","2,141","1,085","4,329","5,550","18,279","18,069"
"Clearwater city, Florida","2,649","1,481","1,276","1,177","1,887","3,584","4,658","7,017","22,373","19,956"
"Coral Springs city, Florida","2,578","1,366","1,415","1,180","2,336","1,670","4,587","5,952","16,984","17,967"
"Davie town, Florida",333,729,"1,501","1,340","1,959","1,292","3,432","3,487","11,957","13,212"
"Daytona Beach city, Florida","1,599","1,765",953,"2,001",829,"3,100","5,405","4,523","19,065","16,698"
"Deerfield Beach city, Florida",893,"1,772",982,"1,500","1,512","1,845","4,914","5,382","15,059","14,882"
"Delray Beach city, Florida",980,"1,638",584,"1,081","1,269","1,807","2,939","3,077","14,400","10,523"
"Deltona city, Florida",319,211,751,0,760,473,"1,999","2,631","7,073","7,430"
"Doral city, Florida","1,020","1,296",910,"1,096","2,734","1,624","4,183","6,570","16,136","14,095"
"Fort Lauderdale city, Florida","3,195","3,872","2,784","2,460","4,435","3,868","12,223","10,463","35,340","37,385"
"Fort Myers city, Florida",896,"3,063","1,009","1,110","1,791","2,249","5,760","6,932","19,630","19,753"
"Four Corners CDP, Florida",,"1,007",,"2,205",,"1,516",,"3,845","14,948",
"Gainesville city, Florida","1,815","2,441","1,661","1,473","3,809","4,165","11,147","20,448","43,103","33,168"
"Hialeah city, Florida","3,671","4,321","2,588","2,786","5,031","5,493","12,935","15,798","45,277","40,016"
"Hollywood city, Florida","1,974","2,994","1,136","2,510","3,742","4,595","7,876","8,330","27,494","25,188"
"Homestead city, Florida",595,812,"1,515",308,457,"1,255","4,486","6,522","12,938","12,170"
"Horizon West CDP, Florida",,361,,"1,995",,669,,"3,212","9,431",
"Jacksonville city, Florida","16,092","20,679","9,555","10,991","15,347","19,769","45,275","46,260","173,411","159,854"
"Kendall CDP, Florida",953,"2,927",867,616,"1,107","2,345","3,813","2,225","12,216","11,558"
"Kissimmee city, Florida","1,420","1,207",410,728,"1,442","1,734","6,083","6,429","18,130","14,088"
"Lakeland city, Florida","2,016","1,109",897,"1,890","1,466","1,752","5,424","5,426","20,711","19,582"
"Largo city, Florida","2,107","1,111","1,296","1,296","1,069","1,522","3,891","4,547","14,204","14,440"
"Lauderhill city, Florida",942,825,876,"1,786","1,012",500,"5,250","5,789","11,841","12,687"
"Lehigh Acres CDP, Florida",689,235,583,"1,790",929,724,"3,819","4,274","13,319","10,854"
"Melbourne city, Florida","1,138","1,619","1,413",819,591,"2,412","3,574","5,117","15,624","12,906"
"Miami city, Florida","13,871","12,356","10,888","10,547","14,294","13,353","43,290","49,787","136,551","133,756"
"Miami Beach city, Florida","2,794","2,909","1,483","1,253","2,406","3,457","8,891","5,514","23,615","26,326"
"Miami Gardens city, Florida",747,"1,352","1,512","1,009","1,592",832,"3,134","4,902","11,451","11,173"
"Miramar city, Florida","1,673","1,316",777,992,"1,992","2,263","1,566","5,271","15,726","11,664"
"North Port city, Florida",,403,,"1,329",,984,,"1,165","5,343",
"Ocala city, Florida",,882,,"1,030",,"1,276",,"4,584","13,471",
"Orlando city, Florida","8,424","8,347","5,676","4,965","8,703","10,202","22,311","24,157","86,348","80,989"
"Palm Bay city, Florida",516,637,188,909,986,865,"3,896","3,602","9,539","10,347"
"Palm Coast city, Florida",397,347,331,365,563,374,"2,387","2,237","6,449","6,500"
"Pembroke Pines city, Florida","2,765","1,607","1,547","2,642","2,820","3,018","5,527","5,750","22,346","19,861"
"Pine Hills CDP, Florida","1,389",770,"1,154","1,101","2,068","1,270","3,466","4,788","11,080","12,583"
"Plantation city, Florida",866,"2,259","2,208",616,"1,868","1,229","2,769","3,256","12,308","12,535"
"Poinciana CDP, Florida",,585,,538,,"1,238",,"2,674","7,457",
"Pompano Beach city, Florida","2,056",954,"1,247","1,505","2,498","2,751","6,727","5,279","18,583","21,193"
"Port Orange city, Florida",,865,,362,,658,,"1,652","5,773",
"Port St. Lucie city, Florida","1,201","2,203","1,050",555,"1,471","2,876","3,792","3,301","16,661","12,700"
"Riverview CDP, Florida","1,380",981,"1,437",252,"1,163","1,201","1,786","2,255","8,168","11,372"
"St. Petersburg city, Florida","4,456","4,680","3,254","5,380","4,425","6,864","9,957","11,215","46,903","41,200"
"Sanford city, Florida",,"2,047",,825,,"1,605",,"2,809","11,516",
"Spring Hill CDP, Florida",405,"1,314",558,301,729,898,"2,844","2,228","8,777","9,183"
"Sunrise city, Florida",877,"1,079","1,679",463,491,"1,638","3,639","3,013","10,534","11,919"
"Tallahassee city, Florida","3,868","4,017","3,230","2,496","5,117","3,741","16,577","18,928","49,511","49,288"
"Tamarac city, Florida",338,"1,126",833,125,905,"1,120","2,585","2,930","7,746","8,313"
"Tampa city, Florida","8,427","8,746","3,567","6,399","6,457","11,195","21,025","22,943","87,990","75,265"
"Town 'n' Country CDP, Florida","1,879","2,029",477,689,752,"1,500","5,161","4,548","15,352","14,389"
"Wesley Chapel CDP, Florida",422,646,611,301,427,576,950,"2,266","6,846","6,488"
"Weston city, Florida","1,189",857,478,173,361,"1,002","1,210","1,469","5,193","5,313"
"West Palm Beach city, Florida","2,618","2,249","1,131","1,848","2,984","1,989","8,371","7,768","27,580","24,988"
"Albany city, Georgia","1,449","1,673","1,133",586,"1,267","1,155","4,426","5,059","17,701","16,266"
"Alpharetta city, Georgia",597,641,349,578,"1,025",369,"2,004","1,643","9,801","9,146"
"Athens-Clarke County unified government (balance), Georgia","3,754","3,342","1,396","2,290","2,588","3,004","10,212","9,880","32,823","33,084"
"Atlanta city, Georgia","9,155","12,792","7,132","7,234","9,780","10,109","32,275","33,040","127,924","119,628"
"Augusta-Richmond County consolidated government (balance), Georgia","3,116","3,866","2,555","3,780","2,932","2,936","7,819","9,333","40,024","35,302"
"Columbus city, Georgia","3,141","3,472","2,997","1,931","3,614","3,358","10,656","9,866","38,259","43,280"
"Johns Creek city, Georgia",,593,,595,,281,,908,"5,364",
"Mableton city, Georgia",,"1,071",,468,,"1,309",,"2,606","10,293",
"Macon-Bibb County, Georgia","2,240","2,222","2,235","1,314","2,191","2,405","6,925","8,314","28,434","25,498"
"Roswell city, Georgia",821,"1,897",460,756,"2,132",463,"2,576","2,244","10,587","11,363"
"Sandy Springs city, Georgia","1,966","3,545","2,648","1,122",628,"1,685","4,511","5,729","24,955","25,510"
"Savannah city, Georgia","1,601","1,904","1,310","2,214","2,868","2,429","9,517","9,231","28,641","31,529"
"South Fulton city, Georgia",,712,,"1,888",,"2,051",,"2,692","10,195",
"Warner Robins city, Georgia",402,775,"1,329",628,"2,586","1,172","2,108","3,560","15,203","14,671"
"Urban Honolulu CDP, Hawaii","7,179","5,670","3,869","4,030","6,421","7,333","18,313","17,663","71,039","69,940"
"Boise City city, Idaho","3,232","3,860","2,853","3,117","3,154","2,448","7,978","12,125","40,440","36,566"
"Caldwell city, Idaho",,206,,367,,279,,"1,601","5,639",
"Idaho Falls city, Idaho",334,521,619,949,808,946,"1,472",965,"8,388","7,940"
"Meridian city, Idaho","1,537","1,531","1,241",935,382,"1,595","1,701","2,679","14,780","10,896"
"Nampa city, Idaho","1,764","1,613",388,"1,123",585,"1,017","2,234","2,002","13,011","11,073"
"Arlington Heights village, Illinois",388,889,792,110,444,411,"1,123","1,735","7,939","8,277"
"Aurora city, Illinois","1,624","1,360",405,"2,255","1,584","1,690","4,674","3,831","22,543","19,018"
"Bloomington city, Illinois",127,"1,152",700,360,667,"1,040","2,232","2,398","14,285","13,433"
"Bolingbrook village, Illinois",279,464,182,393,278,"1,456","1,439","1,329","5,462","5,245"
"Champaign city, Illinois","1,745","1,784","1,365","1,127","1,552",980,"4,670","6,071","22,476","20,061"
"Chicago city, Illinois","49,354","59,168","32,518","38,796","44,081","46,806","156,141","148,681","626,859","608,560"
"Cicero town, Illinois",629,844,310,875,945,585,"2,944","4,168","10,811","11,018"
"Decatur city, Illinois","1,251",761,794,867,882,829,"2,156","2,090","11,646","12,303"
"Elgin city, Illinois",924,"1,309",362,"1,339",864,359,"1,955","2,511","10,192","11,641"
"Evanston city, Illinois","1,416","1,311",795,"1,220",691,"1,408","3,341","3,978","15,269","13,341"
"Joliet city, Illinois","1,210",725,"1,614",705,826,541,"2,407","3,620","10,664","12,955"
"Naperville city, Illinois",781,"1,554",652,"1,164","1,266","1,248","3,665","3,168","13,528","13,406"
"Palatine village, Illinois",629,"1,695",537,822,834,471,"3,054","1,556","8,612","8,370"
"Peoria city, Illinois","1,292",934,"1,337","1,119","1,810","1,952","5,247","4,911","20,280","19,790"
"Rockford city, Illinois","2,721","2,536","1,709","1,499","3,172","2,370","7,866","7,941","27,858","28,625"
"Schaumburg village, Illinois",689,499,519,488,"1,043",758,"2,429","1,692","10,531","11,666"
"Skokie village, Illinois",618,474,39,556,354,130,"2,117","2,472","5,896","7,026"
"Springfield city, Illinois","1,403","1,400",880,951,861,849,"4,685","5,199","19,331","17,923"
"Waukegan city, Illinois","1,189","2,291",777,904,"1,270","1,107","2,992","3,999","17,945","14,630"
"Bloomington city, Indiana","1,271","1,651","1,242","1,805","1,418","2,343","8,664","8,405","22,569","19,672"
"Carmel city, Indiana","1,424",581,427,876,"1,074",360,"1,278","2,630","11,453","11,164"
"Evansville city, Indiana","1,819",947,"1,979","1,500","2,608","3,307","3,714","5,384","23,981","24,766"
"Fishers city, Indiana","1,111",716,182,489,332,696,876,"1,761","9,133","7,954"
"Fort Wayne city, Indiana","5,341","3,152","2,090","2,560","3,115","4,043","8,305","9,066","41,677","41,636"
"Gary city, Indiana",,965,,358,,687,,"2,667","13,022",
"Greenwood city, Indiana",,366,,"1,127",,650,,"2,079","10,363",
"Hammond city, Indiana",391,"1,375",552,579,"1,806",869,"2,242","2,372","11,279","12,860"
"Indianapolis city (balance), Indiana","14,010","12,477","12,183","9,141","12,476","15,131","34,118","39,649","162,321","157,001"
"Lafayette city, Indiana","2,254","3,446","1,080","1,357","1,477","1,442","3,176","3,581","19,440","15,817"
"Muncie city, Indiana",,458,,930,,"1,021",,"4,094","14,180",
"Noblesville city, Indiana","1,315",347,484,867,167,945,"1,243","1,210","6,954","7,584"
"South Bend city, Indiana","1,296","1,656","1,174",993,"1,138","1,621","4,688","3,527","16,132","16,731"
"Ames city, Iowa","1,261","1,121",185,"1,093","1,055","2,052","5,129","2,954","16,898","14,763"
"Ankeny city, Iowa",439,684,"1,027",275,705,575,"1,084",880,"8,444","8,858"
"Cedar Rapids city, Iowa","1,947","2,340","1,139",969,"2,352","1,592","2,897","3,834","19,805","16,902"
"Davenport city, Iowa","1,060","1,184",301,"1,139","2,415","1,181","3,245","4,867","18,173","15,550"
"Des Moines city, Iowa","3,957","3,785","2,031","3,062","2,285","2,432","6,981","6,804","35,871","32,810"
"Iowa City city, Iowa",876,"1,731","1,079",391,"2,101","1,986","4,102","6,478","16,774","15,468"
"Sioux City city, Iowa",882,369,407,204,501,401,"2,255","3,201","10,469","9,879"
"Waterloo city, Iowa",791,510,549,379,993,931,"2,890","3,118","10,292","11,145"
"West Des Moines city, Iowa","2,070","1,964","1,526",978,724,"1,354","3,595","2,799","15,224","17,258"
"Kansas City city, Kansas","2,305","2,133","1,155","1,152","1,538","2,451","4,822","4,835","22,279","23,188"
"Lawrence city, Kansas","1,782","2,705","1,193",854,"2,056","1,379","7,356","6,637","23,275","23,431"
"Olathe city, Kansas","1,902","2,283",296,"1,047","1,557",249,"1,946","1,339","13,265","12,791"
"Overland Park city, Kansas","2,590","3,215","1,713","2,406","2,043","2,477","5,530","7,276","34,110","32,234"
"Shawnee city, Kansas",619,104,420,519,604,935,986,"1,544","8,024","7,503"
"Topeka city, Kansas","1,056","2,209","1,527","1,111","1,205","2,351","5,699","4,458","24,928","23,252"
"Wichita city, Kansas","4,262","6,886","3,081","3,499","5,351","3,925","14,248","12,975","64,252","65,141"
"Bowling Green city, Kentucky",932,"1,837","1,293",967,"1,404","1,244","4,752","5,346","21,588","18,600"
"Lexington-Fayette urban county, Kentucky","5,352","6,552","2,975","2,630","5,476","4,737","15,725","16,966","66,787","64,174"
"Louisville/Jefferson County metro government (balance), Kentucky","9,319","7,578","5,875","9,373","9,204","6,646","22,566","25,413","106,866","102,627"
"Baton Rouge city, Louisiana","3,856","2,496","3,294","1,315","3,326","3,142","14,597","16,173","41,370","46,173"
"Kenner city, Louisiana",574,359,991,"1,071",548,"1,083","3,169","2,971","8,007","9,434"
"Lafayette city, Louisiana","1,223","1,309","1,562","2,335","2,007",768,"6,376","6,616","25,348","23,608"
"Lake Charles city, Louisiana",369,"1,075",375,509,955,811,"3,304","4,407","14,373","10,702"
"Metairie CDP, Louisiana","1,484","2,528","1,396","1,520","1,124","2,399","4,750","5,435","24,802","21,281"
"New Orleans city, Louisiana","4,794","6,412","5,198","4,435","7,320","7,514","25,279","22,419","74,293","75,311"
"Shreveport city, Louisiana","2,800","1,920","1,952","2,984","2,423","3,778","10,408","7,993","33,453","35,503"
"Portland city, Maine","1,759","1,960",954,"2,844","1,078","1,700","3,307","3,479","19,935","16,892"
"Baltimore city, Maryland","12,620","14,394","7,718","7,672","11,249","14,374","37,110","33,441","137,374","131,121"
"Bethesda CDP, Maryland",702,518,732,354,551,758,"2,295","2,915","10,639","9,528"
"Columbia CDP, Maryland","1,466","1,029",702,698,"1,618",882,"2,565","3,130","14,142","14,421"
"Ellicott City CDP, Maryland",260,801,150,782,"1,012","1,005","1,427","1,973","8,055","6,539"
"Frederick city, Maryland","1,354","1,619",790,865,"1,447","1,382","3,617","2,958","15,132","13,681"
"Gaithersburg city, Maryland",842,934,479,595,"1,133",573,"3,322","2,907","12,834","14,049"
"Germantown CDP, Maryland",733,"1,068","1,070","1,438",925,433,"2,266","2,207","12,201","10,734"
"Glen Burnie CDP, Maryland",595,"1,461",712,699,"1,052","1,758","2,063","2,883","12,935","9,531"
"Rockville city, Maryland",521,"1,175",655,"1,165","1,135","1,557","2,473","2,464","12,006","11,222"
"Silver Spring CDP, Maryland","2,406","1,027","1,213",929,"2,038","1,632","4,614","4,898","19,185","19,945"
"Boston city, Massachusetts","17,544","23,461","12,557","12,834","13,981","16,254","43,140","41,790","189,050","177,444"
"Brockton city, Massachusetts","1,541","2,172","1,714",537,"2,024","1,284","4,303","4,029","15,312","15,289"
"Cambridge city, Massachusetts","3,879","3,375","1,735","1,765","2,847","2,570","6,484","7,132","35,718","36,662"
"Fall River city, Massachusetts","2,373","1,953","2,077","2,743","1,716","3,391","6,528","7,974","28,362","26,097"
"Framingham city, Massachusetts","1,436","1,224",942,529,997,"1,320","2,905","2,985","14,226","11,868"
"Haverhill city, Massachusetts",756,"1,241",625,553,902,757,"3,546","3,285","9,664","10,049"
"Lawrence city, Massachusetts","3,054","3,239","1,613","2,552","2,569","1,654","6,132","6,440","24,647","21,591"
"Lowell city, Massachusetts","2,046","2,160","3,184","1,231","2,157","1,889","4,594","7,718","23,286","22,803"
"Lynn city, Massachusetts","1,892","2,132","1,074",169,"1,785","2,357","5,112","6,481","19,818","17,497"
"Malden city, Massachusetts","1,408","1,607","1,362",672,"1,055","1,182","3,884","2,544","14,248","14,919"
"New Bedford city, Massachusetts","1,828","1,894","1,306","2,167","1,398","2,465","7,288","5,749","22,416","25,769"
"Newton city, Massachusetts",775,"1,036",235,361,685,851,"1,127","2,492","11,607","7,995"
"Quincy city, Massachusetts","2,052","2,855","1,209",838,"2,610","3,117","5,443","3,145","22,769","24,148"
"Somerville city, Massachusetts","1,393","3,027","1,021",782,"1,234","1,106","3,471","2,814","23,490","21,528"
"Springfield city, Massachusetts","2,353","1,452","1,179","1,243","1,518","2,719","9,842","7,641","25,699","29,793"
"Waltham city, Massachusetts",,919,,710,,"1,038",,"2,026","13,414",
"Worcester city, Massachusetts","4,199","6,509","2,581","1,830","3,713","3,684","9,184","14,497","46,917","43,351"
"Ann Arbor city, Michigan","1,984","1,169","1,456","1,955","2,743","2,729","9,390","10,170","26,986","27,764"
"Dearborn city, Michigan",856,851,744,702,727,831,"3,395","4,482","10,117","10,432"
"Detroit city, Michigan","11,029","8,438","8,648","9,547","9,234","10,010","37,389","44,015","131,427","122,645"
"Farmington Hills city, Michigan",755,645,852,757,"1,059",864,"1,784","3,317","11,877","12,795"
"Flint city, Michigan","1,794",831,671,844,"1,451","1,664","3,632","4,464","16,316","14,500"
"Grand Rapids city, Michigan","3,408","2,570","2,103","3,494","1,626","2,550","7,708","7,997","37,366","34,646"
"Kalamazoo city, Michigan",546,"1,623","1,405","1,161","1,252","1,861","6,470","4,073","16,659","16,657"
"Lansing city, Michigan","3,170","1,507","1,647","1,423","1,961","2,430","4,914","6,215","23,635","22,506"
"Livonia city, Michigan",364,487,151,298,244,176,925,"1,321","5,405","4,920"
"Novi city, Michigan",323,"1,083",403,"1,179",869,240,"2,031","1,639","10,025","9,419"
"Rochester Hills city, Michigan",366,602,306,99,129,562,"1,407","1,538","7,004","7,464"
"Southfield city, Michigan","1,688","1,550",173,"2,402","1,650","1,362","5,112","3,419","16,743","16,082"
"Sterling Heights city, Michigan",703,739,"1,215",719,823,941,"2,675","3,382","12,753","11,901"
"Troy city, Michigan",422,211,316,175,467,536,"1,344","1,363","9,119","8,805"
"Warren city, Michigan","1,015","2,537",883,765,"1,856","1,193","3,430","5,694","16,109","16,933"
"Westland city, Michigan","1,677","1,109",722,947,806,"1,667","2,602","2,503","14,553","14,691"
"Wyoming city, Michigan",979,"2,257",901,989,"1,012",934,"3,127","2,129","11,420","10,346"
"Blaine city, Minnesota",75,59,79,162,970,467,"1,015","1,183","4,478","4,061"
"Bloomington city, Minnesota",937,"1,552","1,122","1,127",684,"1,079","2,991","2,565","14,044","13,137"
"Brooklyn Park city, Minnesota",949,305,396,118,"1,137",877,"2,114","2,398","8,368","7,303"
"Duluth city, Minnesota","1,786","2,259",675,"1,153","1,403",806,"4,320","3,555","16,792","14,361"
"Eagan city, Minnesota",698,881,952,445,985,706,908,"1,269","9,437","6,994"
"Maple Grove city, Minnesota",212,387,80,609,396,536,527,857,"5,291","4,243"
"Minneapolis city, Minnesota","9,883","8,651","5,655","7,783","8,592","7,206","21,594","22,751","104,117","94,700"
"Plymouth city, Minnesota",913,738,775,522,836,926,"1,556","1,861","9,506","9,109"
"Rochester city, Minnesota","1,733","1,841","1,196","1,578","1,393","1,479","3,614","3,716","17,927","17,035"
"St. Cloud city, Minnesota",599,741,"1,042",566,649,785,"4,700","3,470","13,238","15,301"
"St. Paul city, Minnesota","5,559","6,823","2,561","3,734","4,399","4,934","11,436","14,699","64,586","54,322"
"Woodbury city, Minnesota",,"1,204",,308,,636,,"2,569","7,644",
"Gulfport city, Mississippi","1,291",768,836,"1,056",961,948,"3,296","4,362","13,828","15,023"
"Jackson city, Mississippi","2,975","3,504","2,307",945,"2,807","3,204","10,116","9,287","30,266","33,249"
"Columbia city, Missouri","1,105","2,196","1,780","1,799","2,366","2,486","7,335","5,889","27,148","25,383"
"Independence city, Missouri","1,689","1,292",965,"1,560","2,601","2,397","5,315","5,816","21,106","19,135"
"Kansas City city, Missouri","9,959","10,132","4,567","5,644","8,565","7,621","22,000","25,009","94,284","100,636"
"Lee's Summit city, Missouri",684,"1,068",860,901,796,557,"1,715","2,552","10,788","9,266"
"O'Fallon city, Missouri",574,316,606,129,264,"1,034",672,"1,353","4,902","6,835"
"St. Charles city, Missouri",748,478,108,609,802,501,"1,860","2,704","11,041","9,911"
"St. Joseph city, Missouri",790,"1,741",976,690,796,654,"2,694","2,128","10,989","12,337"
"St. Louis city, Missouri","4,878","6,639","4,470","6,470","5,041","5,457","17,732","20,675","80,327","76,083"
"Springfield city, Missouri","5,038","4,493","3,055","2,625","3,617","2,653","9,343","6,744","42,595","44,029"
"Billings city, Montana","1,510","2,278",363,"1,104","1,931","2,152","4,229","4,579","19,744","16,806"
"Missoula city, Montana","1,259","1,538","1,853","1,510","1,339","2,222","4,026","4,975","20,681","18,537"
"Lincoln city, Nebraska","3,508","4,937","3,255","4,558","4,926","5,198","11,572","11,711","54,096","50,404"
"Omaha city, Nebraska","7,196","10,240","5,603","4,852","6,766","8,542","21,346","18,873","87,463","84,065"
"Enterprise CDP, Nevada","2,098","2,651","2,295","2,063","2,710","2,967","9,126","7,750","32,970","30,963"
"Henderson city, Nevada","3,342","4,950","3,060","3,274","5,382","3,994","9,819","13,255","46,283","43,908"
"Las Vegas city, Nevada","9,319","9,330","8,657","10,182","10,571","13,570","32,490","32,384","109,942","111,673"
"North Las Vegas city, Nevada","4,284","2,834","2,084","2,935","3,684","2,640","9,621","10,268","33,851","34,523"
"Paradise CDP, Nevada","4,069","4,680","2,433","2,554","5,275","5,721","13,709","13,834","42,925","44,105"
"Reno city, Nevada","5,623","5,226","4,278","5,146","5,389","6,516","12,702","12,509","60,874","56,835"
"Sparks city, Nevada","1,518","2,166",691,298,"1,706","1,227","2,135","5,421","16,613","16,224"
"Spring Valley CDP, Nevada","4,125","4,066","2,848","2,866","4,131","5,792","15,990","14,036","47,730","47,836"
"Sunrise Manor CDP, Nevada","2,261","2,962","2,545","1,712","3,450","3,625","8,180","9,853","30,968","28,404"
"Manchester city, New Hampshire","2,860","1,772","1,529","1,434","1,749","2,008","4,614","6,230","25,327","24,765"
"Nashua city, New Hampshire",517,"1,688","1,427",384,"1,193","2,678","3,589","4,063","19,219","16,780"
"Bayonne city, New Jersey","1,758","2,777",684,"1,941","1,566","1,230","3,541","3,923","21,437","18,568"
"Camden city, New Jersey","1,006","1,088",828,"1,106","1,443","2,093","5,064","5,306","16,511","15,719"
"Clifton city, New Jersey","1,152","1,233",741,853,"1,264","2,739","4,344","3,754","13,138","12,994"
"East Orange city, New Jersey","1,810","1,927","2,415","2,988","2,102","2,064","3,809","4,225","20,076","19,111"
"Elizabeth city, New Jersey","3,238","2,790","1,972","2,519","3,722","5,030","9,235","8,208","33,354","34,788"
"Jersey City city, New Jersey","5,901","9,309","4,609","4,230","6,637","8,006","21,144","18,130","94,317","84,800"
"Lakewood CDP, New Jersey",,614,,608,,301,,"3,830","8,148",
"Newark city, New Jersey","9,481","7,897","6,659","5,005","8,297","8,124","26,346","20,488","82,638","91,143"
"Passaic city, New Jersey","1,210","1,051",942,"1,443","1,343","1,719","5,754","5,610","16,180","15,806"
"Paterson city, New Jersey","2,263","2,377","3,102","2,033","2,929","3,074","12,679","11,322","33,021","38,873"
"Toms River CDP, New Jersey",555,827,147,443,231,81,"2,063","1,208","6,540","7,168"
"Trenton city, New Jersey","1,971","2,785","1,350","1,583","3,434",889,"4,335","4,784","18,999","20,289"
"Union City city, New Jersey","1,116","2,016","1,183","1,536","2,161","1,838","4,776","6,422","21,607","19,141"
"Albuquerque city, New Mexico","8,474","7,107","6,335","6,564","7,659","6,332","23,837","23,373","91,341","95,618"
"Las Cruces city, New Mexico",565,"1,284","1,460","1,087","2,974","1,165","5,632","5,648","19,663","21,125"
"Rio Rancho city, New Mexico",838,495,532,686,276,707,"1,473","1,486","7,594","7,591"
"Santa Fe city, New Mexico","1,297","1,193",433,693,666,"2,273","4,163","4,108","15,604","12,780"
"Albany city, New York","1,765","2,829","1,436","1,791",622,"3,115","9,778","8,306","30,248","26,983"
"Buffalo city, New York","5,462","4,748","5,370","3,536","6,080","3,386","20,397","18,925","63,875","68,461"
"Cheektowaga CDP, New York",565,752,400,479,628,356,"1,822","2,268","8,876","9,441"
"Mount Vernon city, New York",394,"1,271",899,249,"1,188","1,436","3,605","3,097","13,343","13,485"
"New Rochelle city, New York","2,316",991,664,"1,220","1,014",995,"4,019","4,294","15,003","15,299"
"New York city, New York","191,875","189,126","136,148","124,482","171,024","178,136","623,792","622,867","2,275,300","2,177,959"
"Rochester city, New York","5,996","4,159","3,935","2,522","4,334","4,758","16,035","17,136","58,793","55,138"
"Schenectady city, New York",992,"1,021",216,447,804,"1,796","5,612","5,567","16,536","15,376"
"Syracuse city, New York","1,765","3,674","1,696","1,615","2,892","1,891","12,794","9,823","35,971","35,624"
"Yonkers city, New York","2,402","3,469","3,395","2,807","2,905","4,782","12,340","13,478","46,588","41,012"
"Apex town, North Carolina",,635,,552,,712,,"1,060","6,297",
"Asheville city, North Carolina","1,241","2,592","1,171","1,332","1,687",947,"4,361","3,865","17,202","17,235"
"Cary town, North Carolina",643,"2,264",891,"1,443","1,726","1,198","3,692","5,100","23,456","20,475"
"Charlotte city, North Carolina","16,696","15,697","11,822","11,290","17,490","18,912","34,366","46,459","188,835","171,339"
"Concord city, North Carolina","1,513","1,334",485,716,762,"1,527","1,887","2,579","16,113","9,243"
"Durham city, North Carolina","7,006","6,903","2,410","5,768","4,186","6,586","14,473","14,803","62,536","59,862"
"Fayetteville city, North Carolina","4,007","4,981","3,196","3,373","4,845","5,212","10,530","10,562","40,410","45,068"
"Gastonia city, North Carolina","1,533","2,383",800,427,"1,709","1,292","3,705","4,473","15,071","15,462"
"Greensboro city, North Carolina","6,611","5,940","4,211","6,123","4,072","7,781","13,462","16,142","65,079","54,121"
"Greenville city, North Carolina","2,806","1,328","4,319","2,223","1,464","1,538","8,293","7,700","27,724","29,046"
"High Point city, North Carolina","1,512","2,206",565,648,765,"2,974","4,070","4,395","21,993","18,379"
"Huntersville town, North Carolina",,693,,"1,341",,427,,"1,175","6,665",
"Jacksonville city, North Carolina",823,"1,380",883,"1,775","1,848","1,429","3,774","3,926","14,746","14,320"
"Raleigh city, North Carolina","9,029","13,285","5,974","7,848","7,779","8,742","24,710","27,090","110,475","91,550"
"Wilmington city, North Carolina","1,961","2,552","1,891","2,406","3,643","2,764","8,733","10,837","32,064","31,886"
"Winston-Salem city, North Carolina","3,145","4,705","1,438","4,173","4,963","3,634","11,173","14,483","45,787","44,717"
"Bismarck city, North Dakota","1,290",630,596,637,698,609,"1,688","1,214","11,924","11,037"
"Fargo city, North Dakota","2,962","2,125","1,225","2,297","2,439","2,834","6,034","7,029","38,807","32,733"
"Akron city, Ohio","4,165","4,026","2,391","2,852","4,383","1,944","9,009","12,233","39,984","42,200"
"Canton city, Ohio","1,277",711,687,460,728,944,"3,981","3,542","14,406","14,246"
"Cincinnati city, Ohio","6,728","5,488","5,676","6,103","6,924","5,599","24,901","26,765","87,420","89,518"
"Cleveland city, Ohio","9,087","10,351","6,397","4,346","9,215","5,708","24,034","24,993","92,388","104,282"
"Columbus city, Ohio","16,202","18,077","12,862","13,017","17,730","19,644","45,224","55,456","214,714","215,178"
"Dayton city, Ohio","2,299","2,130","1,804","2,143","1,533","2,564","5,825","7,841","28,585","27,836"
"Lorain city, Ohio","1,487",762,652,"1,238",580,479,"3,518","3,433","11,326","12,129"
"Parma city, Ohio",974,766,177,196,"1,404","1,156","1,508","1,978","9,052","8,467"
"Toledo city, Ohio","3,903","5,180","2,359","2,035","4,376","4,059","11,024","11,709","55,671","53,064"
"Broken Arrow city, Oklahoma","1,255","1,195",693,413,584,"1,039","1,692","2,299","12,737","12,279"
"Edmond city, Oklahoma",401,"1,185",880,508,822,745,"2,838","2,820","11,124","10,237"
"Lawton city, Oklahoma","1,674","1,313","1,443",996,867,"1,335","4,195","3,730","17,409","19,700"
"Norman city, Oklahoma","2,087","2,140","2,401","1,306","2,245","1,025","5,696","5,871","23,342","26,243"
"Oklahoma City city, Oklahoma","11,471","10,109","6,041","7,667","7,712","11,625","27,415","26,300","124,926","110,815"
"Tulsa city, Oklahoma","7,621","8,504","5,402","3,886","6,845","7,871","18,565","19,181","86,675","84,636"
"Beaverton city, Oregon","1,893","2,527","2,050","1,677","2,031","1,267","5,982","5,830","20,781","23,184"
"Bend city, Oregon",625,"1,206",665,"1,555","1,459","1,751","3,034","4,003","19,144","14,208"
"Eugene city, Oregon","3,790","1,975","2,163","2,384","2,513","4,657","10,916","12,989","39,725","36,539"
"Gresham city, Oregon","1,170","2,109","1,053","1,443","1,807","1,822","5,602","4,882","18,468","17,955"
"Hillsboro city, Oregon","2,000","2,325",924,672,"2,404","2,400","3,106","4,847","21,469","20,449"
"Medford city, Oregon","1,294","1,841","1,055","1,718","1,194","1,293","4,491","3,950","15,530","14,304"
"Portland city, Oregon","9,989","13,074","9,739","7,402","11,608","13,216","33,673","40,158","145,097","133,613"
"Salem city, Oregon","2,410","3,381","2,421","2,219","1,892","2,729","8,455","8,138","30,974","28,785"
"Allentown city, Pennsylvania","2,681","3,190","2,336","1,967","2,491","2,313","9,117","8,061","24,383","27,542"
"Bethlehem city, Pennsylvania","1,672","1,888",558,"1,532","1,293","1,356","2,573","3,260","15,372","14,224"
"Erie city, Pennsylvania","1,256","1,696",918,971,"1,657","1,819","4,432","4,430","19,170","17,575"
"Philadelphia city, Pennsylvania","25,801","21,839","14,211","18,181","24,175","25,555","88,228","105,205","338,178","311,986"
"Pittsburgh city, Pennsylvania","6,919","6,061","4,096","4,906","6,265","4,545","14,843","17,785","73,930","70,018"
"Reading city, Pennsylvania","1,995","1,496","1,683","1,269","2,274","1,985","5,985","6,385","19,093","19,671"
"Scranton city, Pennsylvania",847,"1,375",413,678,"1,494",685,"3,192","4,620","15,812","13,924"
"Cranston city, Rhode Island",965,"1,550",276,"1,006",528,505,"3,250","1,577","9,743","9,966"
"Pawtucket city, Rhode Island",834,"2,352","1,059","1,185","1,135","1,348","3,494","2,730","15,424","14,932"
"Providence city, Rhode Island","3,265","3,771","1,111","2,723","3,160","3,228","8,517","12,470","43,560","40,466"
"Warwick city, Rhode Island","1,414",663,298,427,"1,623",792,"1,835","2,281","9,864","9,612"
"Charleston city, South Carolina","2,976","1,931","1,548","2,058","2,536","2,673","7,100","9,578","33,124","26,534"
"Columbia city, South Carolina","1,823","2,975","2,112","2,553","2,737","3,485","8,231","9,170","32,740","27,891"
"Greenville city, South Carolina","2,137","1,625","2,302","1,235","2,271","1,405","3,840","3,312","19,851","20,640"
"Mount Pleasant town, South Carolina",374,"1,091",635,821,943,940,"2,283","1,531","7,700","9,853"
"North Charleston city, South Carolina","1,596","4,184","1,170","2,330","2,027","2,489","7,061","5,879","27,451","21,742"
"Rock Hill city, South Carolina",931,"1,809","1,574",884,"1,485","1,274","2,857","3,605","14,839","13,148"
"Rapid City city, South Dakota","1,774","2,183",481,860,613,806,"1,425","2,627","11,576","11,248"
"Sioux Falls city, South Dakota","3,393","4,633","1,004","2,895","2,598","2,861","4,932","5,630","38,625","32,481"
"Chattanooga city, Tennessee","2,410","3,754","3,047","1,777","2,447","2,944","8,714","11,961","41,825","35,844"
"Clarksville city, Tennessee","2,722","3,534","2,693","2,549","3,062","3,357","4,529","5,995","35,678","29,186"
"Franklin city, Tennessee","1,409","1,132",374,"1,266","1,954",716,"1,638","3,541","12,608","11,170"
"Jackson city, Tennessee",643,"1,567",479,459,"1,441","1,367","3,095","3,832","14,298","12,627"
"Johnson City city, Tennessee","1,274","1,836","1,028",833,"1,431","1,312","2,989","3,280","15,531","15,765"
"Knoxville city, Tennessee","4,545","4,068","2,616","2,604","5,618","4,868","10,708","12,291","48,387","44,616"
"Memphis city, Tennessee","10,074","9,266","8,951","9,531","12,128","15,832","39,377","39,287","139,093","137,346"
"Murfreesboro city, Tennessee","3,415","4,948","1,764","2,766","1,444","3,008","5,032","7,910","33,372","23,017"
"Nashville-Davidson metropolitan government (balance), Tennessee","13,715","21,773","8,775","14,831","12,518","14,253","34,907","35,963","159,709","142,821"
"Abilene city, Texas","2,002","2,792","1,449",793,"1,576","2,053","5,315","5,382","20,099","21,250"
"Allen city, Texas",880,"1,225",741,674,"1,327",966,"2,376","4,111","13,531","11,209"
"Amarillo city, Texas","3,280","4,780","1,075","2,068","3,005","2,170","6,148","7,249","32,871","33,229"
"Arlington city, Texas","6,626","6,757","6,766","5,973","8,715","9,484","18,550","19,471","68,731","68,005"
"Austin city, Texas","22,396","25,208","15,307","21,495","21,595","25,391","57,526","61,219","284,749","252,941"
"Baytown city, Texas","2,000","1,275","1,196",907,"1,084",938,"3,828","3,976","15,278","13,911"
"Beaumont city, Texas","1,499",894,"1,556","1,187","2,753","1,819","5,366","5,043","16,638","21,701"
"Brownsville city, Texas","1,377","2,047","2,011","1,583","1,545","2,863","4,269","4,095","23,364","22,082"
"Bryan city, Texas","1,044","1,619","2,224",444,"1,867","1,486","5,507","4,226","16,150","18,704"
"Carrollton city, Texas","2,044","2,797","1,576","1,154","1,372","1,717","4,021","4,530","21,303","21,953"
"Cedar Park city, Texas",484,982,424,"1,018",777,"1,750","2,169","1,463","10,690","10,447"
"College Station city, Texas","2,077","2,972","2,039","2,421","2,887","2,672","7,376","12,614","33,140","24,719"
"Conroe city, Texas","1,115","1,568","1,187","1,531","2,544","1,985","2,717","4,227","20,140","15,602"
"Corpus Christi city, Texas","4,253","6,289","2,556","3,196","4,905","4,903","12,622","11,014","52,358","49,492"
"Dallas city, Texas","27,936","27,995","23,558","21,638","24,361","29,648","77,490","67,927","310,458","306,490"
"Denton city, Texas","2,692","2,872","2,496","1,389","3,823","3,354","9,533","9,294","28,183","30,669"
"Edinburg city, Texas",891,882,"1,094",774,909,"2,189","5,581","3,179","18,176","19,123"
"El Paso city, Texas","8,248","8,579","5,687","8,669","8,686","8,306","22,714","24,705","94,792","94,741"
"Flower Mound town, Texas",,560,,328,,474,,961,"5,682",
"Fort Worth city, Texas","13,935","10,786","12,004","12,258","19,620","12,868","36,574","42,998","151,953","149,089"
"Frisco city, Texas","2,535","2,528","2,282","3,276","1,207","1,709","3,644","4,749","30,783","25,361"
"Garland city, Texas","2,659","4,560","3,326","1,703","3,207","3,156","9,883","10,283","34,364","30,834"
"Georgetown city, Texas",872,"1,387",309,"1,629",740,"1,153","2,685","2,942","14,739","9,045"
"Grand Prairie city, Texas","2,225","4,139","2,718","1,504","3,755","1,999","5,701","6,342","26,282","27,502"
"Harlingen city, Texas",413,739,416,627,"1,091","2,391","3,162","2,812","12,798","10,998"
"Houston city, Texas","44,910","50,841","40,263","39,819","46,611","55,674","138,566","156,500","557,742","534,755"
"Irving city, Texas","4,602","3,508","2,913","4,480","5,480","5,777","11,443","11,616","59,834","60,765"
"Killeen city, Texas","2,354","3,195","2,305","2,910","2,785","3,087","8,553","7,449","30,802","30,515"
"Laredo city, Texas","3,070","3,376",841,"2,055","2,586","2,074","6,490","8,179","28,379","27,950"
"League City city, Texas",425,"1,240","1,833",147,65,"1,109","2,282","2,731","10,690","11,256"
"Leander city, Texas",,"1,423",,412,,126,,"1,450","8,595",
"Lewisville city, Texas","2,308","2,406","1,848","1,553","3,611","3,208","4,319","7,133","28,104","25,789"
"Longview city, Texas",943,"1,451","1,093","1,294","1,061","1,234","3,613","3,880","14,015","14,730"
"Lubbock city, Texas","3,464","4,558","2,139","2,041","2,545","5,236","15,389","16,430","53,270","50,704"
"McAllen city, Texas","1,927","1,519",971,682,"1,304","1,969","4,737","5,241","18,481","19,806"
"McKinney city, Texas","2,791","3,108","1,129","1,268","2,533","2,437","6,462","5,601","31,298","26,293"
"Mansfield city, Texas","1,447",262,"1,149",598,381,205,"1,538","2,792","8,526","7,510"
"Mesquite city, Texas",946,"2,407","1,267",394,"1,944","2,057","7,065","7,484","19,668","18,348"
"Midland city, Texas","2,125","2,526",294,"1,947","1,266","1,335","3,684","5,834","19,245","17,689"
"Mission city, Texas",392,"1,397",0,805,89,317,"2,476","2,946","8,643","9,676"
"Missouri City city, Texas",,306,,436,,393,,923,"4,270",
"New Braunfels city, Texas","1,098","1,578",724,"2,072","1,085",836,"2,359","4,767","16,929","14,626"
"North Richland Hills city, Texas",634,"1,457","1,073","1,292",861,"1,584","2,297","2,332","12,930","10,442"
"Odessa city, Texas","1,257","1,892","1,080","2,242","1,938","1,073","4,085","4,674","20,645","19,150"
"Pasadena city, Texas","1,047","1,601","2,171","1,732","2,279","3,264","4,978","5,978","22,241","21,644"
"Pearland city, Texas","1,173",687,534,777,545,"1,153","2,298","1,973","11,720","11,185"
"Pflugerville city, Texas",,"1,094",,861,,35,,"1,956","6,987",
"Pharr city, Texas",805,967,441,285,373,579,"2,815","2,271","10,773","10,400"
"Plano city, Texas","4,739","4,901","2,984","3,210","2,453","4,124","9,558","9,811","49,815","47,589"
"Richardson city, Texas","1,837","2,600",969,"1,498","1,108","2,096","4,233","4,732","22,403","19,700"
"Round Rock city, Texas","2,049","2,702",264,587,"3,634","1,948","6,654","4,503","22,120","23,133"
"Rowlett city, Texas",,242,,"1,093",,"1,723",,"1,813","7,803",
"San Angelo city, Texas",326,"2,353",885,810,839,"1,334","3,413","3,121","19,128","14,000"
"San Antonio city, Texas","22,899","23,102","16,959","20,742","23,083","27,792","64,806","71,442","273,449","259,122"
"San Marcos city, Texas","1,427","1,326","1,466","1,590","2,091","3,249","8,326","6,303","19,458","20,016"
"Spring CDP, Texas",,575,,174,,855,,"1,734","8,031",
"Sugar Land city, Texas",283,432,345,873,838,525,"1,037","2,404","7,996","6,852"
"Temple city, Texas","1,763","1,285","1,376","1,182","1,490","1,836","3,349","3,599","15,581","16,366"
"The Woodlands CDP, Texas","1,276","1,891",827,154,914,"1,284","1,610","3,091","16,988","10,758"
"Tyler city, Texas","1,572","1,240",756,"1,411","1,565","1,545","2,934","5,587","19,489","16,256"
"Victoria city, Texas","1,339","1,554",868,609,996,871,"2,357","2,772","13,446","11,418"
"Waco city, Texas","2,419","2,562","2,058","2,154","2,663","4,341","8,526","7,216","29,570","27,231"
"Wichita Falls city, Texas","1,231","1,365",943,902,"1,751","1,545","2,151","3,072","16,674","16,108"
"Layton city, Utah",103,220,899,606,862,508,"1,927","1,241","7,024","8,180"
"Lehi city, Utah",213,636,458,336,572,65,384,"1,071","6,458","5,002"
"Ogden city, Utah","1,352","1,416",936,"1,582","1,078",955,"2,296","2,556","12,820","12,618"
"Orem city, Utah","1,194","1,499",636,"1,012","1,258",519,"2,370","2,297","12,642","12,590"
"Provo city, Utah","1,901","1,294","1,735","1,609","1,667","1,778","4,931","5,639","21,824","20,325"
"St. George city, Utah","1,220","1,515","1,871",968,927,"2,316","3,326","2,715","13,654","13,077"
"Salt Lake City city, Utah","5,505","6,081","2,388","3,609","4,972","4,949","10,732","13,846","55,293","47,158"
"Sandy city, Utah","1,244","1,053",521,196,468,463,"1,558","2,444","8,594","7,599"
"South Jordan city, Utah",167,485,778,117,154,468,359,"1,045","5,565","4,591"
"West Jordan city, Utah",721,"1,037",304,208,"1,324",642,"1,512","1,895","9,406","8,818"
"West Valley City city, Utah","1,358",951,"1,692",595,918,"2,046","1,890","1,861","10,668","12,383"
"Alexandria city, Virginia","4,307","4,851","2,195","3,520","3,678","4,054","9,772","6,763","44,829","40,887"
"Arlington CDP, Virginia","3,755","6,519","2,977","4,696","4,108","3,678","12,288","10,980","69,505","60,819"
"Centreville CDP, Virginia",682,814,618,325,421,278,"1,860","1,437","7,536","6,444"
"Chesapeake city, Virginia","1,907","2,724","1,367","1,431","3,185","2,281","7,597","8,307","26,496","24,663"
"Hampton city, Virginia","2,679","3,438","1,821","1,189","2,759","2,712","7,116","6,923","25,020","26,519"
"Lynchburg city, Virginia",845,"1,346",977,811,"1,165","1,267","3,540","4,068","14,419","13,590"
"Newport News city, Virginia","4,537","3,723","4,485","2,166","3,921","3,164","8,176","10,324","38,378","40,962"
"Norfolk city, Virginia","5,586","5,735","3,806","3,870","4,335","6,134","13,091","13,165","53,013","52,729"
"Portsmouth city, Virginia","1,594","1,960","1,529",831,"1,368","2,998","4,960","2,982","14,656","17,909"
"Reston CDP, Virginia",,"1,065",,699,,552,,"1,612","12,825",
"Richmond city, Virginia","4,795","5,254","3,174","5,166","4,965","4,902","15,740","15,581","62,906","54,944"
"Roanoke city, Virginia","1,045","1,320",472,889,"1,890","1,761","4,849","4,053","20,895","20,457"
"Suffolk city, Virginia","1,209",984,"1,083",818,"1,200",747,"3,059","2,977","10,352","10,732"
"Virginia Beach city, Virginia","5,681","7,818","4,128","4,488","6,997","7,347","16,167","15,746","66,408","63,631"
"Auburn city, Washington","1,203","1,650",772,756,"1,393",983,"3,929","3,744","12,945","13,041"
"Bellevue city, Washington","1,039","3,366","1,348",874,"1,103","1,579","5,444","6,845","32,987","29,144"
"Bellingham city, Washington","2,209","2,965",854,"2,126","4,186","1,762","6,959","6,435","22,834","24,053"
"Everett city, Washington","2,447","3,875","3,138",817,"1,708","2,958","6,157","5,159","24,675","23,721"
"Federal Way city, Washington","2,490","2,057","1,130","1,330","1,125","1,886","4,227","4,399","16,574","15,394"
"Kennewick city, Washington","2,064","1,161",703,393,"1,478","1,406","3,474","3,796","14,179","13,475"
"Kent city, Washington","2,276","1,312","1,434","1,456","2,469","1,771","4,459","5,498","19,186","19,892"
"Kirkland city, Washington",881,"1,096","1,407","1,262",464,"1,581","2,539","3,511","17,003","14,898"
"Marysville city, Washington",775,537,496,829,561,"1,070","1,393","1,848","8,086","7,036"
"Pasco city, Washington",793,532,279,602,59,345,843,"1,910","8,553","6,454"
"Redmond city, Washington","1,153","2,129",724,"1,678",466,"1,799","3,796","3,241","21,443","18,286"
"Renton city, Washington","2,759","1,747","1,223","1,317","2,212","1,665","6,132","3,893","17,587","20,437"
"Sammamish city, Washington",319,300,217,155,228,387,758,585,"4,151","3,699"
"Seattle city, Washington","13,962","22,671","10,435","13,976","15,712","16,242","45,338","41,794","222,838","190,063"
"Shoreline city, Washington",,"1,264",,"1,138",,581,,"2,673","10,632",
"South Hill CDP, Washington",279,"1,052",459,84,321,"1,241","1,670","1,664","8,752","4,631"
"Spokane city, Washington","3,780","2,404","3,462","2,987","2,973","3,340","10,090","9,188","40,044","40,249"
"Spokane Valley city, Washington","1,740","1,557","1,500",973,"2,195","1,650","4,024","4,761","16,945","18,580"
"Tacoma city, Washington","3,767","3,904","2,530","3,276","3,018","5,347","6,812","11,698","43,503","37,663"
"Vancouver city, Washington","3,220","4,369","3,139","3,922","4,779","3,347","10,407","8,270","40,626","40,330"
"Yakima city, Washington","1,033",473,"1,083","1,653","1,077","2,157","3,247","3,760","18,850","16,713"
"Appleton city, Wisconsin",821,866,766,515,664,824,"2,159","1,907","9,514","9,737"
"Eau Claire city, Wisconsin",762,"1,987",688,862,721,512,"2,638","4,683","16,558","12,259"
"Green Bay city, Wisconsin","2,097","1,737","1,134",943,"1,035","1,306","4,455","3,319","15,473","19,700"
"Janesville city, Wisconsin",939,54,755,"1,001",620,584,"1,210","1,818","9,192","9,313"
"Kenosha city, Wisconsin","1,663","2,229",480,522,"1,080","1,345","3,978","3,628","17,345","15,814"
"Madison city, Wisconsin","5,971","7,165","4,023","5,048","3,227","7,848","17,052","17,498","74,964","63,695"
"Milwaukee city, Wisconsin","11,497","11,046","6,522","8,499","10,327","10,886","35,701","34,624","133,112","136,318"
"Oshkosh city, Wisconsin",864,"1,177","1,064",745,371,572,"2,345","2,951","12,399","13,393"
"Racine city, Wisconsin","1,387","1,402",843,613,927,"2,872","4,292","3,831","13,069","14,570"
"Waukesha city, Wisconsin","1,144","1,354",346,581,"1,147",849,"2,488","2,709","12,427","12,650"
"Cheyenne city, Wyoming","1,503","1,081",760,573,"1,194","1,238","1,797","2,326","11,577","10,819"
"Bayamn zona urbana, Puerto Rico","1,473",476,"1,019",675,"1,122",932,"4,573","2,989","19,746","19,047"
"Caguas zona urbana, Puerto Rico",822,903,113,264,"1,253",226,"2,680","1,186","11,010","12,005"
"Carolina zona urbana, Puerto Rico",327,"1,908","1,010",906,746,793,"3,930","2,421","19,929","18,628"
"Guaynabo zona urbana, Puerto Rico",747,141,0,258,64,235,"1,546","1,208","5,599","6,698"
"Ponce zona urbana, Puerto Rico","1,268","1,450",446,673,476,"1,226","2,772","1,778","16,000","13,276"
"San Juan zona urbana, Puerto Rico","3,144","3,937","3,347","3,306","3,318","3,569","14,042","10,956","63,130","63,065"
