"Geographic Area Name","Multi-Family, 10+ Units","MoE"
"Auburn city, Alabama","4,138","± 1,211"
"Birmingham city, Alabama","8,540","± 1,866"
"Dothan city, Alabama","1,234","± 395"
"Hoover city, Alabama","4,426","± 1,641"
"Huntsville city, Alabama","6,851","± 1,862"
"Madison city, Alabama","1,230","± 757"
"Mobile city, Alabama","5,792","± 1,426"
"Montgomery city, Alabama","4,033","± 1,662"
"Tuscaloosa city, Alabama","6,589","± 1,695"
"Anchorage municipality, Alaska","3,066","± 947"
"Avondale city, Arizona","396","± 310"
"Casa Grande city, Arizona","408","± 274"
"Casas Adobes CDP, Arizona","1,792","± 825"
"Chandler city, Arizona","5,122","± 1,629"
"Flagstaff city, Arizona","2,320","± 1,229"
"Gilbert town, Arizona","2,676","± 1,105"
"Glendale city, Arizona","7,201","± 1,959"
"Goodyear city, Arizona","174","± 206"
"Mesa city, Arizona","11,119","± 2,517"
"Peoria city, Arizona","1,269","± 801"
"Phoenix city, Arizona","42,392","± 4,993"
"Scottsdale city, Arizona","8,692","± 2,338"
"Surprise city, Arizona","536","± 239"
"Tempe city, Arizona","10,357","± 2,777"
"Tucson city, Arizona","19,370","± 3,121"
"Yuma city, Arizona","739","± 522"
"Conway city, Arkansas","5,416","± 1,747"
"Fayetteville city, Arkansas","9,143","± 2,048"
"Fort Smith city, Arkansas","1,825","± 909"
"Jonesboro city, Arkansas","1,140","± 834"
"Little Rock city, Arkansas","7,938","± 2,032"
"Rogers city, Arkansas","2,350","± 1,268"
"Springdale city, Arkansas","3,470","± 1,220"
"Alameda city, California","924","± 772"
"Alhambra city, California","1,815","± 671"
"Anaheim city, California","4,805","± 1,551"
"Antioch city, California","574","± 423"
"Apple Valley town, California","0","± 225"
"Arden-Arcade CDP, California","3,552","± 1,453"
"Bakersfield city, California","3,326","± 1,197"
"Baldwin Park city, California","1,728","± 659"
"Bellflower city, California","1,732","± 781"
"Berkeley city, California","4,246","± 1,229"
"Buena Park city, California","825","± 693"
"Burbank city, California","6,272","± 1,632"
"Camarillo city, California","1,079","± 727"
"Carlsbad city, California","2,564","± 1,070"
"Carmichael CDP, California","808","± 510"
"Carson city, California","465","± 412"
"Castro Valley CDP, California","886","± 554"
"Chico city, California","2,300","± 943"
"Chino city, California","439","± 321"
"Chino Hills city, California","797","± 696"
"Chula Vista city, California","3,986","± 1,309"
"Citrus Heights city, California","1,191","± 612"
"Clovis city, California","964","± 866"
"Compton city, California","187","± 188"
"Concord city, California","2,321","± 1,120"
"Corona city, California","3,312","± 1,154"
"Costa Mesa city, California","4,024","± 1,280"
"Daly City city, California","1,684","± 722"
"Davis city, California","1,324","± 625"
"Downey city, California","2,398","± 934"
"Dublin city, California","389","± 382"
"East Los Angeles CDP, California","574","± 378"
"El Cajon city, California","2,654","± 946"
"Elk Grove city, California","1,406","± 921"
"El Monte city, California","2,764","± 859"
"Escondido city, California","3,349","± 1,040"
"Fairfield city, California","1,348","± 688"
"Folsom city, California","1,524","± 756"
"Fontana city, California","1,540","± 728"
"Fremont city, California","2,746","± 849"
"Fresno city, California","7,900","± 2,093"
"Fullerton city, California","3,443","± 1,219"
"Garden Grove city, California","2,430","± 1,030"
"Glendale city, California","10,311","± 1,627"
"Hawthorne city, California","2,290","± 982"
"Hayward city, California","2,066","± 943"
"Hemet city, California","1,484","± 859"
"Hesperia city, California","692","± 510"
"Huntington Beach city, California","3,573","± 1,318"
"Indio city, California","978","± 694"
"Inglewood city, California","4,462","± 1,382"
"Irvine city, California","4,982","± 1,354"
"Jurupa Valley city, California","610","± 300"
"Lake Elsinore city, California","907","± 801"
"Lake Forest city, California","1,735","± 867"
"Lakewood city, California","768","± 592"
"Lancaster city, California","1,470","± 614"
"Livermore city, California","648","± 408"
"Lodi city, California","1,241","± 624"
"Long Beach city, California","19,589","± 2,219"
"Los Angeles city, California","149,786","± 6,346"
"Lynwood city, California","797","± 475"
"Madera city, California","311","± 298"
"Manteca city, California","609","± 577"
"Menifee city, California","119","± 199"
"Merced city, California","1,322","± 678"
"Milpitas city, California","345","± 281"
"Mission Viejo city, California","524","± 434"
"Modesto city, California","2,333","± 971"
"Moreno Valley city, California","1,917","± 720"
"Mountain View city, California","3,729","± 1,096"
"Murrieta city, California","1,191","± 626"
"Napa city, California","1,196","± 584"
"Newport Beach city, California","1,802","± 1,070"
"Norwalk city, California","1,345","± 696"
"Oakland city, California","12,938","± 2,107"
"Oceanside city, California","3,113","± 1,234"
"Ontario city, California","2,176","± 909"
"Orange city, California","1,143","± 580"
"Oxnard city, California","3,224","± 1,036"
"Palmdale city, California","789","± 642"
"Palo Alto city, California","1,434","± 483"
"Pasadena city, California","7,500","± 1,453"
"Perris city, California","346","± 501"
"Pittsburg city, California","1,184","± 813"
"Pleasanton city, California","1,525","± 977"
"Pomona city, California","1,804","± 921"
"Rancho Cordova city, California","1,857","± 1,033"
"Rancho Cucamonga city, California","1,124","± 453"
"Redding city, California","1,073","± 774"
"Redlands city, California","557","± 464"
"Redondo Beach city, California","2,069","± 1,042"
"Redwood City city, California","2,565","± 859"
"Rialto city, California","312","± 261"
"Richmond city, California","1,687","± 975"
"Riverside city, California","5,674","± 1,649"
"Rocklin city, California","752","± 499"
"Roseville city, California","1,262","± 732"
"Sacramento city, California","9,051","± 1,547"
"Salinas city, California","2,385","± 925"
"San Bernardino city, California","1,416","± 574"
"San Buenaventura (Ventura) city, California","2,519","± 969"
"San Diego city, California","37,876","± 3,774"
"San Francisco city, California","37,498","± 3,761"
"San Jose city, California","15,068","± 2,496"
"San Leandro city, California","1,103","± 606"
"San Marcos city, California","2,525","± 1,114"
"San Mateo city, California","3,010","± 1,062"
"San Ramon city, California","2,339","± 1,140"
"Santa Ana city, California","6,246","± 1,412"
"Santa Barbara city, California","4,485","± 1,482"
"Santa Clara city, California","3,617","± 1,227"
"Santa Clarita city, California","3,002","± 962"
"Santa Maria city, California","2,566","± 1,039"
"Santa Monica city, California","9,754","± 2,274"
"Santa Rosa city, California","2,186","± 851"
"Simi Valley city, California","1,929","± 878"
"South Gate city, California","343","± 344"
"Stockton city, California","3,186","± 1,134"
"Sunnyvale city, California","5,234","± 1,453"
"Temecula city, California","1,834","± 975"
"Thousand Oaks city, California","1,508","± 743"
"Torrance city, California","2,711","± 998"
"Tracy city, California","830","± 517"
"Tulare city, California","116","± 140"
"Turlock city, California","440","± 280"
"Tustin city, California","2,140","± 822"
"Union City city, California","577","± 563"
"Upland city, California","1,610","± 899"
"Vacaville city, California","1,160","± 623"
"Vallejo city, California","911","± 595"
"Victorville city, California","1,279","± 1,147"
"Visalia city, California","522","± 348"
"Vista city, California","3,706","± 1,240"
"Walnut Creek city, California","2,560","± 985"
"West Covina city, California","981","± 678"
"Westminster city, California","1,245","± 648"
"Whittier city, California","1,736","± 794"
"Yorba Linda city, California","95","± 105"
"Yuba City city, California","1,009","± 555"
"Arvada city, Colorado","3,442","± 1,210"
"Aurora city, Colorado","15,958","± 3,107"
"Boulder city, Colorado","4,162","± 1,097"
"Broomfield city, Colorado","2,832","± 799"
"Castle Rock town, Colorado","729","± 397"
"Centennial city, Colorado","1,773","± 778"
"Colorado Springs city, Colorado","14,844","± 2,580"
"Commerce City city, Colorado","403","± 344"
"Denver city, Colorado","33,822","± 4,057"
"Fort Collins city, Colorado","7,698","± 1,730"
"Grand Junction city, Colorado","1,030","± 704"
"Greeley city, Colorado","2,554","± 986"
"Highlands Ranch CDP, Colorado","840","± 900"
"Lakewood city, Colorado","7,558","± 1,676"
"Longmont city, Colorado","3,256","± 1,143"
"Loveland city, Colorado","2,533","± 997"
"Parker town, Colorado","946","± 563"
"Pueblo city, Colorado","2,452","± 1,289"
"Thornton city, Colorado","2,777","± 1,141"
"Westminster city, Colorado","4,363","± 1,120"
"Bridgeport city, Connecticut","3,318","± 1,088"
"Danbury city, Connecticut","1,943","± 934"
"Hartford city, Connecticut","4,081","± 1,233"
"New Britain city, Connecticut","1,727","± 898"
"New Haven city, Connecticut","1,860","± 933"
"Norwalk city, Connecticut","3,081","± 1,106"
"Stamford city, Connecticut","2,380","± 1,187"
"Waterbury city, Connecticut","2,628","± 1,015"
"Wilmington city, Delaware","1,226","± 539"
"Washington city, District of Columbia","29,764","± 2,920"
"Alafaya CDP, Florida","3,143","± 1,241"
"Boca Raton city, Florida","2,734","± 897"
"Boynton Beach city, Florida","4,321","± 1,509"
"Brandon CDP, Florida","5,158","± 1,831"
"Cape Coral city, Florida","4,701","± 1,500"
"Clearwater city, Florida","4,487","± 1,155"
"Coral Springs city, Florida","3,929","± 1,244"
"Davie town, Florida","2,500","± 912"
"Daytona Beach city, Florida","5,522","± 1,921"
"Deerfield Beach city, Florida","5,122","± 1,423"
"Delray Beach city, Florida","4,395","± 1,433"
"Doral city, Florida","4,180","± 1,279"
"Fort Lauderdale city, Florida","4,263","± 1,371"
"Fort Myers city, Florida","5,938","± 1,581"
"Four Corners CDP, Florida","5,053","± 1,678"
"Gainesville city, Florida","7,797","± 1,884"
"Hialeah city, Florida","7,310","± 1,532"
"Hollywood city, Florida","6,256","± 1,657"
"Homestead city, Florida","2,216","± 1,177"
"Jacksonville city, Florida","34,964","± 5,600"
"Kendall CDP, Florida","1,052","± 623"
"Kissimmee city, Florida","2,673","± 1,188"
"Lakeland city, Florida","3,624","± 1,218"
"Largo city, Florida","4,167","± 1,038"
"Lauderhill city, Florida","3,329","± 1,288"
"Lehigh Acres CDP, Florida","0","± 247"
"Melbourne city, Florida","3,758","± 1,491"
"Miami city, Florida","15,735","± 2,575"
"Miami Beach city, Florida","7,138","± 1,851"
"Miami Gardens city, Florida","1,494","± 681"
"Miramar city, Florida","1,963","± 1,067"
"North Port city, Florida","214","± 263"
"Ocala city, Florida","2,268","± 1,263"
"Orlando city, Florida","21,694","± 3,327"
"Palm Bay city, Florida","1,163","± 579"
"Palm Coast city, Florida","353","± 262"
"Pembroke Pines city, Florida","3,454","± 1,440"
"Pine Hills CDP, Florida","3,817","± 1,527"
"Plantation city, Florida","2,560","± 1,092"
"Pompano Beach city, Florida","3,766","± 1,330"
"Port Orange city, Florida","859","± 568"
"Port St. Lucie city, Florida","3,148","± 1,743"
"Riverview CDP, Florida","1,964","± 1,092"
"St. Petersburg city, Florida","11,805","± 2,025"
"Sanford city, Florida","2,569","± 1,258"
"Spring Hill CDP, Florida","457","± 421"
"Sunrise city, Florida","1,892","± 782"
"Tallahassee city, Florida","10,785","± 2,158"
"Tamarac city, Florida","2,045","± 840"
"Tampa city, Florida","14,039","± 2,941"
"Town 'n' Country CDP, Florida","3,582","± 1,207"
"Wesley Chapel CDP, Florida","1,600","± 1,058"
"Weston city, Florida","366","± 292"
"West Palm Beach city, Florida","5,477","± 1,725"
"Albany city, Georgia","880","± 630"
"Alpharetta city, Georgia","1,962","± 708"
"Athens-Clarke County unified government (balance), Georgia","5,991","± 1,360"
"Atlanta city, Georgia","19,793","± 3,234"
"Augusta-Richmond County consolidated government (balance), Georgia","3,927","± 1,274"
"Columbus city, Georgia","5,947","± 1,876"
"Johns Creek city, Georgia","601","± 452"
"Mableton city, Georgia","1,695","± 982"
"Macon-Bibb County, Georgia","2,338","± 937"
"Roswell city, Georgia","3,667","± 1,410"
"Sandy Springs city, Georgia","5,610","± 1,283"
"Savannah city, Georgia","3,231","± 1,101"
"South Fulton city, Georgia","1,780","± 846"
"Warner Robins city, Georgia","1,732","± 922"
"Urban Honolulu CDP, Hawaii","10,865","± 1,924"
"Boise City city, Idaho","5,570","± 1,386"
"Caldwell city, Idaho","163","± 208"
"Idaho Falls city, Idaho","737","± 484"
"Meridian city, Idaho","1,140","± 512"
"Nampa city, Idaho","1,002","± 599"
"Arlington Heights village, Illinois","1,518","± 702"
"Aurora city, Illinois","3,433","± 1,268"
"Bloomington city, Illinois","3,590","± 1,225"
"Bolingbrook village, Illinois","828","± 570"
"Champaign city, Illinois","5,243","± 977"
"Chicago city, Illinois","63,927","± 5,225"
"Cicero town, Illinois","1,298","± 802"
"Decatur city, Illinois","977","± 468"
"Elgin city, Illinois","640","± 503"
"Evanston city, Illinois","2,605","± 1,051"
"Joliet city, Illinois","1,479","± 600"
"Naperville city, Illinois","2,432","± 999"
"Palatine village, Illinois","1,899","± 961"
"Peoria city, Illinois","4,183","± 1,256"
"Rockford city, Illinois","2,476","± 888"
"Schaumburg village, Illinois","1,184","± 835"
"Skokie village, Illinois","787","± 733"
"Springfield city, Illinois","2,926","± 1,047"
"Waukegan city, Illinois","4,046","± 1,483"
"Bloomington city, Indiana","5,036","± 1,421"
"Carmel city, Indiana","2,515","± 991"
"Evansville city, Indiana","2,290","± 992"
"Fishers city, Indiana","1,075","± 617"
"Fort Wayne city, Indiana","4,992","± 1,299"
"Gary city, Indiana","1,706","± 745"
"Greenwood city, Indiana","924","± 727"
"Hammond city, Indiana","1,378","± 745"
"Indianapolis city (balance), Indiana","23,156","± 4,185"
"Lafayette city, Indiana","3,121","± 1,104"
"Muncie city, Indiana","2,329","± 1,099"
"Noblesville city, Indiana","2,122","± 1,166"
"South Bend city, Indiana","1,623","± 752"
"Ames city, Iowa","4,445","± 1,056"
"Ankeny city, Iowa","1,154","± 615"
"Cedar Rapids city, Iowa","6,561","± 1,458"
"Davenport city, Iowa","3,928","± 921"
"Des Moines city, Iowa","4,470","± 1,533"
"Iowa City city, Iowa","4,482","± 1,173"
"Sioux City city, Iowa","1,364","± 679"
"Waterloo city, Iowa","1,519","± 647"
"West Des Moines city, Iowa","3,044","± 1,027"
"Kansas City city, Kansas","4,970","± 1,389"
"Lawrence city, Kansas","5,453","± 1,608"
"Olathe city, Kansas","1,873","± 827"
"Overland Park city, Kansas","6,462","± 1,596"
"Shawnee city, Kansas","2,495","± 850"
"Topeka city, Kansas","3,359","± 1,100"
"Wichita city, Kansas","10,178","± 1,849"
"Bowling Green city, Kentucky","2,374","± 1,168"
"Lexington-Fayette urban county, Kentucky","11,604","± 2,471"
"Louisville/Jefferson County metro government (balance), Kentucky","21,564","± 3,037"
"Baton Rouge city, Louisiana","10,586","± 2,476"
"Kenner city, Louisiana","1,016","± 537"
"Lafayette city, Louisiana","5,476","± 1,600"
"Lake Charles city, Louisiana","915","± 601"
"Metairie CDP, Louisiana","4,220","± 1,581"
"New Orleans city, Louisiana","9,876","± 2,088"
"Shreveport city, Louisiana","3,546","± 1,663"
"Portland city, Maine","3,378","± 1,009"
"Baltimore city, Maryland","12,310","± 2,532"
"Bethesda CDP, Maryland","512","± 409"
"Columbia CDP, Maryland","4,925","± 1,496"
"Ellicott City CDP, Maryland","2,902","± 1,194"
"Frederick city, Maryland","5,596","± 1,302"
"Gaithersburg city, Maryland","3,842","± 1,109"
"Germantown CDP, Maryland","5,230","± 1,433"
"Glen Burnie CDP, Maryland","6,638","± 1,239"
"Rockville city, Maryland","1,111","± 476"
"Silver Spring CDP, Maryland","3,037","± 952"
"Waldorf CDP, Maryland","259","± 292"
"Boston city, Massachusetts","25,269","± 2,400"
"Brockton city, Massachusetts","1,913","± 794"
"Cambridge city, Massachusetts","4,438","± 1,042"
"Fall River city, Massachusetts","2,237","± 1,002"
"Framingham city, Massachusetts","1,629","± 853"
"Haverhill city, Massachusetts","1,117","± 677"
"Lawrence city, Massachusetts","2,685","± 1,085"
"Lowell city, Massachusetts","3,687","± 1,010"
"Lynn city, Massachusetts","1,763","± 873"
"Malden city, Massachusetts","1,011","± 742"
"New Bedford city, Massachusetts","1,518","± 698"
"Newton city, Massachusetts","1,194","± 551"
"Quincy city, Massachusetts","1,992","± 1,063"
"Somerville city, Massachusetts","2,127","± 773"
"Springfield city, Massachusetts","1,462","± 597"
"Waltham city, Massachusetts","1,552","± 759"
"Worcester city, Massachusetts","5,175","± 1,423"
"Ann Arbor city, Michigan","5,579","± 1,318"
"Dearborn city, Michigan","884","± 593"
"Detroit city, Michigan","15,144","± 2,240"
"Farmington Hills city, Michigan","4,328","± 1,342"
"Flint city, Michigan","730","± 427"
"Grand Rapids city, Michigan","2,849","± 822"
"Kalamazoo city, Michigan","2,921","± 1,139"
"Lansing city, Michigan","3,679","± 1,389"
"Livonia city, Michigan","548","± 412"
"Novi city, Michigan","1,261","± 843"
"Rochester Hills city, Michigan","919","± 613"
"Southfield city, Michigan","3,020","± 1,194"
"Sterling Heights city, Michigan","1,213","± 672"
"Troy city, Michigan","1,552","± 920"
"Warren city, Michigan","953","± 742"
"Westland city, Michigan","2,910","± 1,140"
"Wyoming city, Michigan","3,255","± 1,081"
"Blaine city, Minnesota","89","± 151"
"Bloomington city, Minnesota","1,119","± 541"
"Brooklyn Park city, Minnesota","1,175","± 828"
"Duluth city, Minnesota","1,113","± 512"
"Eagan city, Minnesota","634","± 368"
"Lakeville city, Minnesota","71","± 117"
"Maple Grove city, Minnesota","310","± 124"
"Minneapolis city, Minnesota","15,014","± 2,796"
"Plymouth city, Minnesota","660","± 480"
"Rochester city, Minnesota","981","± 539"
"St. Cloud city, Minnesota","2,365","± 1,181"
"St. Paul city, Minnesota","11,328","± 2,014"
"Woodbury city, Minnesota","394","± 321"
"Gulfport city, Mississippi","1,802","± 817"
"Jackson city, Mississippi","3,494","± 1,195"
"Columbia city, Missouri","4,580","± 1,320"
"Independence city, Missouri","2,419","± 1,296"
"Kansas City city, Missouri","13,181","± 2,291"
"Lee's Summit city, Missouri","1,997","± 948"
"O'Fallon city, Missouri","723","± 316"
"St. Charles city, Missouri","2,648","± 912"
"St. Joseph city, Missouri","1,606","± 756"
"St. Louis city, Missouri","6,673","± 1,897"
"Springfield city, Missouri","6,433","± 1,466"
"Billings city, Montana","3,160","± 1,495"
"Missoula city, Montana","2,302","± 818"
"Lincoln city, Nebraska","10,824","± 1,870"
"Omaha city, Nebraska","18,262","± 2,313"
"Enterprise CDP, Nevada","1,316","± 662"
"Henderson city, Nevada","7,346","± 1,988"
"Las Vegas city, Nevada","14,584","± 2,656"
"North Las Vegas city, Nevada","2,131","± 839"
"Paradise CDP, Nevada","6,058","± 1,591"
"Reno city, Nevada","8,530","± 1,656"
"Sparks city, Nevada","2,128","± 897"
"Spring Valley CDP, Nevada","5,120","± 1,628"
"Sunrise Manor CDP, Nevada","3,468","± 1,410"
"Manchester city, New Hampshire","2,933","± 1,173"
"Nashua city, New Hampshire","2,885","± 954"
"Bayonne city, New Jersey","2,824","± 1,156"
"Camden city, New Jersey","983","± 532"
"Clifton city, New Jersey","683","± 351"
"East Orange city, New Jersey","2,579","± 1,181"
"Elizabeth city, New Jersey","2,510","± 876"
"Jersey City city, New Jersey","9,861","± 2,269"
"Lakewood CDP, New Jersey","728","± 482"
"Newark city, New Jersey","9,507","± 2,263"
"Passaic city, New Jersey","2,622","± 851"
"Paterson city, New Jersey","2,045","± 963"
"Toms River CDP, New Jersey","1,273","± 923"
"Trenton city, New Jersey","1,843","± 908"
"Union City city, New Jersey","4,399","± 1,329"
"Albuquerque city, New Mexico","12,686","± 2,316"
"Las Cruces city, New Mexico","1,154","± 737"
"Rio Rancho city, New Mexico","527","± 469"
"Santa Fe city, New Mexico","2,367","± 747"
"Albany city, New York","3,427","± 1,364"
"Buffalo city, New York","3,343","± 1,373"
"Cheektowaga CDP, New York","1,442","± 994"
"Mount Vernon city, New York","2,036","± 1,068"
"New Rochelle city, New York","1,598","± 751"
"New York city, New York","248,273","± 7,820"
"Rochester city, New York","4,072","± 1,408"
"Schenectady city, New York","1,549","± 664"
"Syracuse city, New York","4,262","± 1,391"
"Yonkers city, New York","5,196","± 1,285"
"Apex town, North Carolina","1,486","± 697"
"Asheville city, North Carolina","4,413","± 1,528"
"Cary town, North Carolina","4,880","± 1,744"
"Charlotte city, North Carolina","43,115","± 5,038"
"Concord city, North Carolina","2,803","± 1,269"
"Durham city, North Carolina","16,334","± 3,105"
"Fayetteville city, North Carolina","7,747","± 1,450"
"Gastonia city, North Carolina","2,877","± 1,122"
"Greensboro city, North Carolina","11,586","± 2,365"
"Greenville city, North Carolina","9,295","± 1,940"
"High Point city, North Carolina","6,462","± 2,182"
"Huntersville town, North Carolina","854","± 555"
"Jacksonville city, North Carolina","2,582","± 1,333"
"Raleigh city, North Carolina","20,258","± 3,768"
"Wilmington city, North Carolina","6,077","± 1,687"
"Winston-Salem city, North Carolina","8,832","± 2,304"
"Bismarck city, North Dakota","2,662","± 1,169"
"Fargo city, North Dakota","7,276","± 1,895"
"Akron city, Ohio","4,118","± 1,068"
"Canton city, Ohio","955","± 767"
"Cincinnati city, Ohio","15,925","± 2,569"
"Cleveland city, Ohio","7,764","± 1,969"
"Columbus city, Ohio","38,782","± 5,293"
"Dayton city, Ohio","4,037","± 1,500"
"Lorain city, Ohio","1,657","± 964"
"Parma city, Ohio","669","± 357"
"Toledo city, Ohio","7,842","± 1,621"
"Broken Arrow city, Oklahoma","2,842","± 622"
"Edmond city, Oklahoma","1,915","± 795"
"Lawton city, Oklahoma","2,474","± 583"
"Norman city, Oklahoma","2,713","± 885"
"Oklahoma City city, Oklahoma","14,275","± 3,042"
"Tulsa city, Oklahoma","16,866","± 1,293"
"Beaverton city, Oregon","3,902","± 1,139"
"Bend city, Oregon","1,616","± 918"
"Eugene city, Oregon","3,563","± 1,107"
"Gresham city, Oregon","4,200","± 1,456"
"Hillsboro city, Oregon","4,682","± 1,465"
"Medford city, Oregon","755","± 642"
"Portland city, Oregon","17,591","± 2,452"
"Salem city, Oregon","4,795","± 1,841"
"Allentown city, Pennsylvania","3,073","± 1,147"
"Bethlehem city, Pennsylvania","1,792","± 943"
"Erie city, Pennsylvania","1,237","± 569"
"Philadelphia city, Pennsylvania","17,967","± 3,027"
"Pittsburgh city, Pennsylvania","9,978","± 2,291"
"Reading city, Pennsylvania","1,537","± 846"
"Scranton city, Pennsylvania","1,211","± 510"
"Cranston city, Rhode Island","967","± 561"
"Pawtucket city, Rhode Island","583","± 423"
"Providence city, Rhode Island","3,311","± 1,132"
"Warwick city, Rhode Island","2,340","± 963"
"Charleston city, South Carolina","4,369","± 1,385"
"Columbia city, South Carolina","5,467","± 1,867"
"Greenville city, South Carolina","3,828","± 1,274"
"Mount Pleasant town, South Carolina","1,405","± 614"
"North Charleston city, South Carolina","3,864","± 1,504"
"Rock Hill city, South Carolina","4,121","± 1,400"
"Rapid City city, South Dakota","3,468","± 1,256"
"Sioux Falls city, South Dakota","4,516","± 1,191"
"Chattanooga city, Tennessee","5,155","± 1,632"
"Clarksville city, Tennessee","2,259","± 1,001"
"Franklin city, Tennessee","3,423","± 1,524"
"Jackson city, Tennessee","2,228","± 1,299"
"Johnson City city, Tennessee","2,628","± 1,029"
"Knoxville city, Tennessee","13,533","± 2,364"
"Memphis city, Tennessee","21,659","± 3,317"
"Murfreesboro city, Tennessee","8,181","± 2,353"
"Nashville-Davidson metropolitan government (balance), Tennessee","27,722","± 4,279"
"Abilene city, Texas","1,339","± 828"
"Allen city, Texas","1,320","± 898"
"Amarillo city, Texas","4,415","± 1,379"
"Arlington city, Texas","14,012","± 2,750"
"Austin city, Texas","57,839","± 5,456"
"Baytown city, Texas","2,585","± 1,006"
"Beaumont city, Texas","2,068","± 1,098"
"Brownsville city, Texas","1,279","± 687"
"Bryan city, Texas","1,981","± 755"
"Carrollton city, Texas","3,001","± 1,031"
"Cedar Park city, Texas","1,802","± 855"
"College Station city, Texas","3,396","± 1,086"
"Conroe city, Texas","4,973","± 1,758"
"Corpus Christi city, Texas","8,290","± 2,019"
"Dallas city, Texas","52,529","± 5,414"
"Denton city, Texas","3,453","± 1,149"
"Edinburg city, Texas","1,674","± 941"
"El Paso city, Texas","13,023","± 2,505"
"Flower Mound town, Texas","544","± 443"
"Fort Worth city, Texas","25,257","± 4,049"
"Frisco city, Texas","2,013","± 1,122"
"Garland city, Texas","9,748","± 2,242"
"Georgetown city, Texas","1,002","± 636"
"Grand Prairie city, Texas","4,878","± 1,555"
"Harlingen city, Texas","943","± 626"
"Houston city, Texas","118,969","± 8,022"
"Irving city, Texas","15,496","± 2,776"
"Killeen city, Texas","2,217","± 1,072"
"Laredo city, Texas","3,552","± 1,215"
"League City city, Texas","1,533","± 703"
"Leander city, Texas","2,211","± 1,051"
"Lewisville city, Texas","5,647","± 1,845"
"Longview city, Texas","1,957","± 1,030"
"Lubbock city, Texas","6,953","± 1,599"
"McAllen city, Texas","3,419","± 981"
"McKinney city, Texas","4,132","± 1,430"
"Mansfield city, Texas","1,169","± 780"
"Mesquite city, Texas","4,094","± 1,614"
"Midland city, Texas","4,108","± 1,480"
"Mission city, Texas","1,126","± 638"
"New Braunfels city, Texas","1,535","± 868"
"North Richland Hills city, Texas","1,653","± 842"
"Odessa city, Texas","1,957","± 840"
"Pasadena city, Texas","5,364","± 1,393"
"Pearland city, Texas","3,202","± 1,225"
"Pharr city, Texas","67","± 118"
"Plano city, Texas","7,105","± 2,029"
"Richardson city, Texas","2,892","± 1,141"
"Round Rock city, Texas","6,700","± 1,680"
"San Angelo city, Texas","3,460","± 1,171"
"San Antonio city, Texas","55,423","± 5,447"
"San Marcos city, Texas","3,527","± 1,508"
"Temple city, Texas","1,610","± 927"
"The Woodlands CDP, Texas","2,241","± 1,052"
"Tyler city, Texas","2,209","± 979"
"Victoria city, Texas","2,094","± 1,085"
"Waco city, Texas","4,380","± 1,399"
"Wichita Falls city, Texas","1,021","± 575"
"Layton city, Utah","1,121","± 627"
"Lehi city, Utah","631","± 560"
"Ogden city, Utah","1,917","± 937"
"Orem city, Utah","2,434","± 945"
"Provo city, Utah","5,362","± 1,256"
"St. George city, Utah","1,454","± 683"
"Salt Lake City city, Utah","5,271","± 1,610"
"Sandy city, Utah","1,890","± 754"
"South Jordan city, Utah","451","± 327"
"West Jordan city, Utah","2,066","± 1,067"
"West Valley City city, Utah","1,558","± 656"
"Alexandria city, Virginia","9,905","± 1,616"
"Arlington CDP, Virginia","6,729","± 1,287"
"Centreville CDP, Virginia","2,270","± 774"
"Chesapeake city, Virginia","2,854","± 986"
"Hampton city, Virginia","4,227","± 1,222"
"Lynchburg city, Virginia","3,193","± 1,068"
"Newport News city, Virginia","5,194","± 1,302"
"Norfolk city, Virginia","6,119","± 1,717"
"Portsmouth city, Virginia","1,813","± 964"
"Reston CDP, Virginia","3,070","± 939"
"Richmond city, Virginia","7,187","± 1,657"
"Roanoke city, Virginia","3,978","± 1,253"
"Suffolk city, Virginia","1,598","± 704"
"Virginia Beach city, Virginia","10,035","± 2,067"
"Auburn city, Washington","1,283","± 699"
"Bellevue city, Washington","3,363","± 1,302"
"Bellingham city, Washington","4,648","± 1,416"
"Everett city, Washington","3,820","± 1,363"
"Federal Way city, Washington","4,736","± 1,446"
"Kennewick city, Washington","1,113","± 716"
"Kent city, Washington","4,470","± 1,506"
"Kirkland city, Washington","4,868","± 1,271"
"Marysville city, Washington","1,435","± 733"
"Pasco city, Washington","1,905","± 1,002"
"Redmond city, Washington","3,066","± 1,278"
"Renton city, Washington","3,527","± 1,126"
"Sammamish city, Washington","836","± 629"
"Seattle city, Washington","31,371","± 3,330"
"Shoreline city, Washington","459","± 299"
"South Hill CDP, Washington","1,972","± 1,320"
"Spokane city, Washington","5,070","± 1,321"
"Spokane Valley city, Washington","3,519","± 1,113"
"Tacoma city, Washington","7,393","± 1,756"
"Vancouver city, Washington","4,893","± 1,519"
"Yakima city, Washington","1,728","± 863"
"Appleton city, Wisconsin","2,357","± 1,006"
"Eau Claire city, Wisconsin","2,258","± 972"
"Green Bay city, Wisconsin","2,089","± 753"
"Janesville city, Wisconsin","713","± 704"
"Kenosha city, Wisconsin","1,892","± 656"
"Madison city, Wisconsin","10,364","± 2,006"
"Milwaukee city, Wisconsin","10,326","± 2,159"
"Oshkosh city, Wisconsin","2,250","± 942"
"Racine city, Wisconsin","1,534","± 730"
"Waukesha city, Wisconsin","1,653","± 594"
"Cheyenne city, Wyoming","469","± 351"
"Bayamón zona urbana, Puerto Rico","3,619","± 1,083"
"Caguas zona urbana, Puerto Rico","1,833","± 739"
"Carolina zona urbana, Puerto Rico","4,477","± 1,393"
"Guaynabo zona urbana, Puerto Rico","612","± 302"
"Ponce zona urbana, Puerto Rico","4,064","± 1,041"
"San Juan zona urbana, Puerto Rico","15,665","± 2,247"