"Geographic Area Name","Owner-occupied housing units (2024)","MoE"
"Auburn city, Alabama","15,706","± 1,697"
"Birmingham city, Alabama","42,686","± 3,226"
"Dothan city, Alabama","18,090","± 1,121"
"Hoover city, Alabama","28,812","± 2,220"
"Huntsville city, Alabama","55,692","± 2,598"
"Madison city, Alabama","17,488","± 1,821"
"Mobile city, Alabama","49,795","± 2,951"
"Montgomery city, Alabama","45,484","± 2,552"
"Tuscaloosa city, Alabama","17,664","± 1,909"
"Anchorage municipality, Alaska","67,834","± 3,533"
"Avondale city, Arizona","18,464","± 2,355"
"Buckeye city, Arizona","31,834","± 2,881"
"Casa Grande city, Arizona","15,373","± 1,762"
"Casas Adobes CDP, Arizona","23,080","± 2,442"
"Chandler city, Arizona","69,524","± 3,904"
"Flagstaff city, Arizona","13,309","± 1,658"
"Gilbert town, Arizona","71,878","± 3,552"
"Glendale city, Arizona","54,370","± 3,983"
"Goodyear city, Arizona","32,344","± 2,531"
"Maricopa city, Arizona","21,062","± 2,419"
"Mesa city, Arizona","129,818","± 5,009"
"Peoria city, Arizona","57,887","± 3,000"
"Phoenix city, Arizona","363,791","± 9,079"
"Queen Creek town, Arizona","23,876","± 2,391"
"San Tan Valley CDP, Arizona","29,899","± 3,001"
"Scottsdale city, Arizona","78,697","± 3,670"
"Surprise city, Arizona","53,522","± 2,894"
"Tempe city, Arizona","33,176","± 2,628"
"Tucson city, Arizona","122,246","± 4,228"
"Yuma city, Arizona","27,905","± 2,039"
"Conway city, Arkansas","12,963","± 1,484"
"Fayetteville city, Arkansas","16,195","± 1,931"
"Fort Smith city, Arkansas","20,557","± 1,980"
"Jonesboro city, Arkansas","18,936","± 1,823"
"Little Rock city, Arkansas","47,340","± 3,245"
"Rogers city, Arkansas","15,911","± 1,573"
"Springdale city, Arkansas","16,234","± 1,718"
"Alameda city, California","16,825","± 1,626"
"Alhambra city, California","13,183","± 1,591"
"Anaheim city, California","50,442","± 2,984"
"Antioch city, California","24,245","± 1,936"
"Apple Valley town, California","19,482","± 1,814"
"Arden-Arcade CDP, California","17,849","± 1,997"
"Bakersfield city, California","81,790","± 3,144"
"Baldwin Park city, California","11,000","± 1,319"
"Bellflower city, California","9,668","± 1,396"
"Berkeley city, California","21,974","± 1,579"
"Brentwood city, California","17,412","± 1,817"
"Buena Park city, California","14,621","± 1,578"
"Burbank city, California","19,003","± 1,894"
"Camarillo city, California","17,369","± 1,658"
"Carlsbad city, California","28,105","± 2,103"
"Carmichael CDP, California","17,812","± 1,578"
"Carson city, California","20,255","± 2,202"
"Castro Valley CDP, California","15,329","± 1,658"
"Chico city, California","18,870","± 1,821"
"Chino city, California","19,318","± 1,861"
"Chino Hills city, California","15,619","± 1,917"
"Chula Vista city, California","50,465","± 3,253"
"Citrus Heights city, California","21,571","± 2,028"
"Clovis city, California","30,467","± 2,566"
"Compton city, California","12,667","± 1,473"
"Concord city, California","31,365","± 2,401"
"Corona city, California","32,021","± 2,376"
"Costa Mesa city, California","15,433","± 1,825"
"Daly City city, California","18,821","± 2,054"
"Davis city, California","10,210","± 1,308"
"Downey city, California","17,613","± 1,554"
"Dublin city, California","16,362","± 1,515"
"East Los Angeles CDP, California","11,767","± 1,540"
"Eastvale city, California","12,863","± 1,828"
"El Cajon city, California","14,221","± 1,979"
"Elk Grove city, California","41,658","± 2,481"
"El Monte city, California","12,316","± 1,402"
"Escondido city, California","26,129","± 2,216"
"Fairfield city, California","25,185","± 2,158"
"Folsom city, California","21,458","± 1,904"
"Fontana city, California","37,934","± 2,389"
"Fremont city, California","47,661","± 2,710"
"Fresno city, California","93,036","± 4,130"
"Fullerton city, California","26,574","± 2,389"
"Garden Grove city, California","25,956","± 2,204"
"Glendale city, California","23,771","± 2,413"
"Hawthorne city, California","7,972","± 1,299"
"Hayward city, California","30,123","± 2,503"
"Hemet city, California","20,661","± 1,977"
"Hesperia city, California","19,436","± 1,934"
"Huntington Beach city, California","42,029","± 3,101"
"Indio city, California","19,833","± 2,078"
"Inglewood city, California","16,020","± 1,767"
"Irvine city, California","53,967","± 3,306"
"Jurupa Valley city, California","18,038","± 1,884"
"Lake Elsinore city, California","15,310","± 1,529"
"Lake Forest city, California","20,668","± 2,139"
"Lakewood city, California","18,830","± 1,937"
"Lancaster city, California","33,702","± 2,938"
"Livermore city, California","21,704","± 1,703"
"Lodi city, California","14,244","± 1,687"
"Long Beach city, California","70,126","± 3,436"
"Los Angeles city, California","531,430","± 8,428"
"Lynwood city, California","7,223","± 1,029"
"Madera city, California","9,683","± 1,378"
"Manteca city, California","20,251","± 1,555"
"Menifee city, California","31,153","± 2,378"
"Merced city, California","14,316","± 1,599"
"Milpitas city, California","13,365","± 1,849"
"Mission Viejo city, California","25,543","± 2,497"
"Modesto city, California","45,001","± 2,867"
"Moreno Valley city, California","34,415","± 2,013"
"Mountain View city, California","15,464","± 1,818"
"Murrieta city, California","24,143","± 2,286"
"Napa city, California","18,304","± 1,738"
"Newport Beach city, California","18,985","± 2,317"
"Norwalk city, California","17,989","± 1,467"
"Oakland city, California","81,383","± 4,439"
"Oceanside city, California","38,162","± 2,854"
"Ontario city, California","33,425","± 2,407"
"Orange city, California","24,999","± 2,371"
"Oxnard city, California","32,080","± 2,722"
"Palmdale city, California","30,886","± 2,467"
"Palo Alto city, California","13,654","± 1,335"
"Pasadena city, California","24,307","± 2,644"
"Perris city, California","14,146","± 1,833"
"Pittsburg city, California","14,928","± 1,970"
"Pleasanton city, California","19,038","± 1,987"
"Pomona city, California","22,531","± 1,956"
"Rancho Cordova city, California","16,740","± 1,693"
"Rancho Cucamonga city, California","36,007","± 2,246"
"Redding city, California","21,816","± 2,014"
"Redlands city, California","14,525","± 1,462"
"Redondo Beach city, California","14,103","± 1,555"
"Redwood City city, California","15,485","± 1,849"
"Rialto city, California","19,134","± 1,612"
"Richmond city, California","22,770","± 2,918"
"Riverside city, California","57,170","± 3,707"
"Rocklin city, California","17,893","± 1,434"
"Roseville city, California","43,431","± 2,205"
"Sacramento city, California","101,161","± 4,838"
"Salinas city, California","18,650","± 2,165"
"San Bernardino city, California","34,168","± 2,489"
"San Buenaventura (Ventura) city, California","22,869","± 2,169"
"San Diego city, California","252,195","± 6,592"
"San Francisco city, California","136,566","± 4,815"
"San Jose city, California","184,111","± 5,602"
"San Leandro city, California","17,777","± 1,890"
"San Marcos city, California","20,778","± 1,859"
"San Mateo city, California","19,892","± 1,843"
"San Ramon city, California","22,323","± 1,338"
"Santa Ana city, California","36,583","± 2,902"
"Santa Barbara city, California","15,221","± 1,837"
"Santa Clara city, California","21,337","± 2,129"
"Santa Clarita city, California","54,167","± 2,864"
"Santa Maria city, California","14,525","± 1,880"
"Santa Monica city, California","12,503","± 1,724"
"Santa Rosa city, California","39,252","± 2,870"
"Simi Valley city, California","32,939","± 1,962"
"South Gate city, California","13,007","± 1,277"
"Stockton city, California","52,891","± 3,263"
"Sunnyvale city, California","27,428","± 2,153"
"Temecula city, California","24,550","± 2,102"
"Thousand Oaks city, California","34,372","± 2,175"
"Torrance city, California","30,011","± 2,354"
"Tracy city, California","21,248","± 1,736"
"Tulare city, California","12,295","± 1,544"
"Turlock city, California","14,984","± 1,629"
"Tustin city, California","12,994","± 1,501"
"Union City city, California","12,196","± 1,276"
"Upland city, California","15,266","± 1,490"
"Vacaville city, California","22,411","± 2,041"
"Vallejo city, California","24,489","± 2,152"
"Victorville city, California","26,251","± 2,796"
"Visalia city, California","30,970","± 2,199"
"Vista city, California","19,387","± 2,513"
"Walnut Creek city, California","22,721","± 1,817"
"West Covina city, California","20,563","± 1,878"
"Westminster city, California","15,519","± 1,530"
"Whittier city, California","17,330","± 1,940"
"Yorba Linda city, California","19,567","± 1,563"
"Yuba City city, California","13,618","± 1,878"
"Arvada city, Colorado","36,994","± 1,943"
"Aurora city, Colorado","94,167","± 4,299"
"Boulder city, Colorado","19,311","± 1,780"
"Broomfield city, Colorado","20,177","± 1,018"
"Castle Rock town, Colorado","24,613","± 1,786"
"Centennial city, Colorado","32,980","± 1,953"
"Colorado Springs city, Colorado","119,989","± 4,412"
"Commerce City city, Colorado","17,323","± 2,559"
"Denver city, Colorado","168,087","± 5,132"
"Fort Collins city, Colorado","38,160","± 2,075"
"Grand Junction city, Colorado","20,531","± 1,634"
"Greeley city, Colorado","25,700","± 2,016"
"Highlands Ranch CDP, Colorado","29,661","± 1,797"
"Lakewood city, Colorado","41,387","± 2,490"
"Longmont city, Colorado","26,376","± 1,895"
"Loveland city, Colorado","22,309","± 1,943"
"Parker town, Colorado","16,592","± 2,074"
"Pueblo city, Colorado","29,990","± 1,694"
"Thornton city, Colorado","37,067","± 2,483"
"Westminster city, Colorado","29,052","± 2,247"
"Bridgeport city, Connecticut","24,522","± 2,695"
"Danbury city, Connecticut","19,927","± 2,315"
"Hartford city, Connecticut","12,893","± 1,546"
"New Britain city, Connecticut","13,762","± 1,917"
"New Haven city, Connecticut","17,179","± 2,168"
"Norwalk city, Connecticut","19,162","± 1,884"
"Stamford city, Connecticut","27,928","± 1,883"
"Waterbury city, Connecticut","20,518","± 2,435"
"Wilmington city, Delaware","14,835","± 2,092"
"Washington city, District of Columbia","134,836","± 4,781"
"Alafaya CDP, Florida","20,528","± 2,319"
"Boca Raton city, Florida","27,495","± 1,919"
"Boynton Beach city, Florida","22,372","± 2,489"
"Brandon CDP, Florida","27,101","± 2,883"
"Cape Coral city, Florida","69,402","± 3,853"
"Clearwater city, Florida","29,326","± 2,366"
"Coral Springs city, Florida","28,261","± 2,485"
"Davie town, Florida","27,428","± 2,255"
"Daytona Beach city, Florida","19,199","± 2,397"
"Deerfield Beach city, Florida","24,220","± 2,579"
"Delray Beach city, Florida","20,076","± 2,888"
"Deltona city, Florida","26,691","± 2,566"
"Doral city, Florida","13,260","± 1,957"
"Fort Lauderdale city, Florida","42,423","± 3,887"
"Fort Myers city, Florida","20,744","± 1,798"
"Four Corners CDP, Florida","17,073","± 2,586"
"Gainesville city, Florida","20,692","± 2,247"
"Hialeah city, Florida","33,872","± 2,476"
"Hollywood city, Florida","33,146","± 3,007"
"Homestead city, Florida","15,487","± 2,007"
"Horizon West CDP, Florida","14,020","± 2,528"
"Jacksonville city, Florida","240,209","± 6,346"
"Kendall CDP, Florida","18,122","± 1,973"
"Kissimmee city, Florida","10,692","± 2,276"
"Lakeland city, Florida","27,943","± 2,314"
"Largo city, Florida","24,415","± 2,838"
"Lauderhill city, Florida","18,792","± 2,351"
"Lehigh Acres CDP, Florida","31,303","± 2,999"
"Melbourne city, Florida","22,001","± 2,243"
"Miami city, Florida","66,206","± 4,212"
"Miami Beach city, Florida","18,081","± 2,487"
"Miami Gardens city, Florida","23,593","± 2,106"
"Miramar city, Florida","31,218","± 2,909"
"North Port city, Florida","35,100","± 2,241"
"Ocala city, Florida","15,678","± 2,581"
"Orlando city, Florida","51,045","± 4,486"
"Palm Bay city, Florida","38,884","± 2,495"
"Palm Coast city, Florida","37,116","± 2,109"
"Pembroke Pines city, Florida","41,642","± 3,660"
"Pine Hills CDP, Florida","13,073","± 2,657"
"Plantation city, Florida","25,467","± 2,673"
"Poinciana CDP, Florida","21,717","± 3,131"
"Pompano Beach city, Florida","27,263","± 3,025"
"Port Charlotte CDP, Florida","22,684","± 2,389"
"Port Orange city, Florida","22,583","± 1,751"
"Port St. Lucie city, Florida","77,663","± 3,251"
"Riverview CDP, Florida","30,955","± 3,821"
"St. Cloud city, Florida","18,200","± 1,692"
"St. Petersburg city, Florida","76,831","± 4,084"
"Sanford city, Florida","14,190","± 1,775"
"Spring Hill CDP, Florida","39,444","± 2,658"
"Sunrise city, Florida","23,386","± 2,495"
"Tallahassee city, Florida","39,706","± 2,901"
"Tamarac city, Florida","22,937","± 2,470"
"Tampa city, Florida","88,014","± 4,428"
"The Villages CDP, Florida","43,571","± 2,584"
"Town 'n' Country CDP, Florida","18,571","± 2,423"
"Wesley Chapel CDP, Florida","21,121","± 2,428"
"Weston city, Florida","16,178","± 1,512"
"West Palm Beach city, Florida","28,288","± 2,923"
"Albany city, Georgia","9,279","± 1,423"
"Alpharetta city, Georgia","16,165","± 1,466"
"Athens-Clarke County unified government (balance), Georgia","21,333","± 1,972"
"Atlanta city, Georgia","116,558","± 4,911"
"Augusta-Richmond County consolidated government (balance), Georgia","39,610","± 2,669"
"Columbus city, Georgia","43,119","± 2,745"
"Johns Creek city, Georgia","23,312","± 1,523"
"Mableton city, Georgia","19,987","± 2,271"
"Macon-Bibb County, Georgia","31,952","± 2,081"
"Roswell city, Georgia","24,854","± 1,900"
"Sandy Springs city, Georgia","23,370","± 2,218"
"Savannah city, Georgia","26,099","± 2,197"
"South Fulton city, Georgia","30,279","± 2,930"
"Warner Robins city, Georgia","18,436","± 1,943"
"Urban Honolulu CDP, Hawaii","65,869","± 3,638"
"Boise City city, Idaho","65,605","± 2,643"
"Caldwell city, Idaho","18,551","± 1,405"
"Idaho Falls city, Idaho","16,986","± 1,373"
"Meridian city, Idaho","38,029","± 1,986"
"Nampa city, Idaho","28,854","± 1,941"
"Arlington Heights village, Illinois","23,778","± 1,670"
"Aurora city, Illinois","41,788","± 2,504"
"Bloomington city, Illinois","22,160","± 1,765"
"Bolingbrook village, Illinois","19,768","± 1,627"
"Champaign city, Illinois","15,622","± 1,640"
"Chicago city, Illinois","545,596","± 13,469"
"Cicero town, Illinois","11,414","± 1,639"
"Decatur city, Illinois","18,562","± 1,864"
"Elgin city, Illinois","29,037","± 2,453"
"Evanston city, Illinois","17,043","± 1,835"
"Joliet city, Illinois","38,571","± 2,050"
"Naperville city, Illinois","42,642","± 2,071"
"Palatine village, Illinois","21,171","± 1,922"
"Peoria city, Illinois","29,731","± 2,541"
"Rockford city, Illinois","32,256","± 2,239"
"Schaumburg village, Illinois","20,744","± 1,870"
"Skokie village, Illinois","17,934","± 1,806"
"Springfield city, Illinois","32,188","± 2,054"
"Waukegan city, Illinois","15,277","± 1,937"
"Bloomington city, Indiana","11,489","± 1,244"
"Carmel city, Indiana","29,637","± 1,905"
"Evansville city, Indiana","30,045","± 2,043"
"Fishers city, Indiana","29,222","± 1,898"
"Fort Wayne city, Indiana","70,514","± 3,117"
"Gary city, Indiana","14,087","± 1,648"
"Greenwood city, Indiana","16,523","± 1,720"
"Hammond city, Indiana","19,266","± 2,023"
"Indianapolis city (balance), Indiana","208,447","± 6,334"
"Lafayette city, Indiana","14,467","± 1,563"
"Muncie city, Indiana","12,640","± 1,161"
"Noblesville city, Indiana","20,820","± 1,929"
"South Bend city, Indiana","25,835","± 2,179"
"Ames city, Iowa","9,929","± 1,136"
"Ankeny city, Iowa","20,482","± 1,907"
"Cedar Rapids city, Iowa","39,269","± 2,131"
"Davenport city, Iowa","24,290","± 1,973"
"Des Moines city, Iowa","52,212","± 2,877"
"Iowa City city, Iowa","15,679","± 1,396"
"Sioux City city, Iowa","22,242","± 1,564"
"Waterloo city, Iowa","19,338","± 1,671"
"West Des Moines city, Iowa","19,279","± 2,063"
"Kansas City city, Kansas","35,607","± 2,019"
"Lawrence city, Kansas","17,739","± 1,610"
"Olathe city, Kansas","41,262","± 2,235"
"Overland Park city, Kansas","51,609","± 2,595"
"Shawnee city, Kansas","20,785","± 1,498"
"Topeka city, Kansas","32,869","± 2,051"
"Wichita city, Kansas","97,826","± 3,854"
"Bowling Green city, Kentucky","11,282","± 1,824"
"Lexington-Fayette urban county, Kentucky","76,373","± 2,919"
"Louisville/Jefferson County metro government (balance), Kentucky","162,462","± 4,727"
"Baton Rouge city, Louisiana","47,375","± 3,694"
"Kenner city, Louisiana","19,011","± 1,799"
"Lafayette city, Louisiana","29,368","± 1,948"
"Lake Charles city, Louisiana","19,915","± 2,103"
"Metairie CDP, Louisiana","36,009","± 2,663"
"New Orleans city, Louisiana","83,242","± 3,610"
"Shreveport city, Louisiana","43,047","± 2,691"
"Portland city, Maine","15,113","± 1,555"
"Baltimore city, Maryland","128,624","± 4,911"
"Bethesda CDP, Maryland","18,660","± 1,604"
"Columbia CDP, Maryland","26,788","± 2,384"
"Ellicott City CDP, Maryland","19,975","± 1,723"
"Frederick city, Maryland","19,075","± 1,653"
"Gaithersburg city, Maryland","13,699","± 2,002"
"Germantown CDP, Maryland","20,625","± 2,250"
"Glen Burnie CDP, Maryland","18,841","± 2,235"
"Rockville city, Maryland","14,601","± 1,519"
"Silver Spring CDP, Maryland","12,481","± 1,490"
"Waldorf CDP, Maryland","24,374","± 1,792"
"Boston city, Massachusetts","105,927","± 4,583"
"Brockton city, Massachusetts","21,177","± 2,091"
"Cambridge city, Massachusetts","15,557","± 1,678"
"Fall River city, Massachusetts","13,104","± 1,919"
"Framingham city, Massachusetts","13,560","± 1,823"
"Haverhill city, Massachusetts","17,658","± 1,988"
"Lawrence city, Massachusetts","8,202","± 1,681"
"Lowell city, Massachusetts","19,835","± 1,876"
"Lynn city, Massachusetts","15,282","± 1,841"
"Malden city, Massachusetts","10,091","± 1,621"
"New Bedford city, Massachusetts","18,172","± 1,747"
"Newton city, Massachusetts","23,322","± 1,926"
"Quincy city, Massachusetts","21,266","± 2,112"
"Somerville city, Massachusetts","11,609","± 1,523"
"Springfield city, Massachusetts","29,848","± 2,325"
"Waltham city, Massachusetts","11,391","± 1,783"
"Worcester city, Massachusetts","36,199","± 3,009"
"Ann Arbor city, Michigan","22,625","± 2,048"
"Dearborn city, Michigan","25,616","± 1,854"
"Detroit city, Michigan","136,621","± 4,674"
"Farmington Hills city, Michigan","21,397","± 1,695"
"Flint city, Michigan","19,356","± 1,965"
"Grand Rapids city, Michigan","42,947","± 2,588"
"Kalamazoo city, Michigan","12,685","± 1,370"
"Lansing city, Michigan","26,574","± 1,798"
"Livonia city, Michigan","32,404","± 1,641"
"Novi city, Michigan","17,568","± 2,030"
"Rochester Hills city, Michigan","22,123","± 1,756"
"Southfield city, Michigan","17,534","± 2,140"
"Sterling Heights city, Michigan","38,096","± 2,498"
"Troy city, Michigan","23,659","± 1,556"
"Warren city, Michigan","38,493","± 2,692"
"Westland city, Michigan","21,824","± 1,714"
"Wyoming city, Michigan","21,410","± 1,793"
"Blaine city, Minnesota","25,368","± 1,393"
"Bloomington city, Minnesota","24,842","± 2,077"
"Brooklyn Park city, Minnesota","21,290","± 2,392"
"Duluth city, Minnesota","22,584","± 1,194"
"Eagan city, Minnesota","18,609","± 1,444"
"Lakeville city, Minnesota","22,545","± 1,580"
"Maple Grove city, Minnesota","22,856","± 1,358"
"Minneapolis city, Minnesota","90,363","± 3,883"
"Plymouth city, Minnesota","22,298","± 1,547"
"Rochester city, Minnesota","33,955","± 1,745"
"St. Cloud city, Minnesota","14,774","± 2,043"
"St. Paul city, Minnesota","63,986","± 2,574"
"Woodbury city, Minnesota","23,592","± 1,718"
"Gulfport city, Mississippi","18,157","± 1,694"
"Jackson city, Mississippi","30,372","± 2,170"
"Columbia city, Missouri","26,135","± 1,800"
"Independence city, Missouri","30,811","± 2,857"
"Kansas City city, Missouri","127,964","± 4,511"
"Lee's Summit city, Missouri","31,244","± 1,946"
"O'Fallon city, Missouri","29,805","± 1,579"
"St. Charles city, Missouri","19,906","± 1,424"
"St. Joseph city, Missouri","17,403","± 1,530"
"St. Louis city, Missouri","68,310","± 3,744"
"Springfield city, Missouri","34,256","± 2,079"
"Billings city, Montana","32,680","± 1,918"
"Missoula city, Montana","17,189","± 1,419"
"Lincoln city, Nebraska","73,544","± 2,450"
"Omaha city, Nebraska","115,172","± 4,062"
"Enterprise CDP, Nevada","57,633","± 4,295"
"Henderson city, Nevada","95,479","± 4,634"
"Las Vegas city, Nevada","143,581","± 5,402"
"North Las Vegas city, Nevada","60,608","± 3,640"
"Paradise CDP, Nevada","31,841","± 2,962"
"Reno city, Nevada","59,419","± 2,876"
"Sparks city, Nevada","27,224","± 2,305"
"Spring Valley CDP, Nevada","42,873","± 2,805"
"Sunrise Manor CDP, Nevada","32,561","± 2,558"
"Manchester city, New Hampshire","22,836","± 2,379"
"Nashua city, New Hampshire","21,820","± 2,145"
"Bayonne city, New Jersey","9,220","± 1,581"
"Camden city, New Jersey","8,360","± 1,129"
"Clifton city, New Jersey","21,344","± 2,167"
"East Orange city, New Jersey","9,871","± 1,494"
"Elizabeth city, New Jersey","12,413","± 1,666"
"Jersey City city, New Jersey","35,019","± 2,951"
"Lakewood CDP, New Jersey","6,469","± 1,430"
"Newark city, New Jersey","25,380","± 2,438"
"Passaic city, New Jersey","5,703","± 1,029"
"Paterson city, New Jersey","15,618","± 1,788"
"Toms River CDP, New Jersey","30,968","± 2,240"
"Trenton city, New Jersey","11,209","± 2,130"
"Union City city, New Jersey","4,736","± 1,146"
"Albuquerque city, New Mexico","152,398","± 4,443"
"Las Cruces city, New Mexico","27,700","± 2,352"
"Rio Rancho city, New Mexico","34,010","± 1,749"
"Santa Fe city, New Mexico","28,669","± 1,819"
"Albany city, New York","18,625","± 2,235"
"Buffalo city, New York","55,745","± 3,053"
"Cheektowaga CDP, New York","23,845","± 2,019"
"Mount Vernon city, New York","11,726","± 1,834"
"New Rochelle city, New York","19,359","± 1,974"
"New York city, New York","1,104,351","± 16,193"
"Rochester city, New York","37,412","± 3,501"
"Schenectady city, New York","13,888","± 1,803"
"Syracuse city, New York","25,907","± 2,222"
"Yonkers city, New York","36,196","± 2,774"
"Apex town, North Carolina","21,778","± 1,322"
"Asheville city, North Carolina","21,008","± 2,221"
"Cary town, North Carolina","51,004","± 2,909"
"Charlotte city, North Carolina","192,439","± 5,767"
"Concord city, North Carolina","25,732","± 2,161"
"Durham city, North Carolina","70,734","± 3,095"
"Fayetteville city, North Carolina","43,295","± 2,257"
"Gastonia city, North Carolina","17,366","± 1,934"
"Greensboro city, North Carolina","64,566","± 3,909"
"Greenville city, North Carolina","14,279","± 2,022"
"High Point city, North Carolina","26,527","± 2,736"
"Huntersville town, North Carolina","19,566","± 1,205"
"Jacksonville city, North Carolina","9,283","± 1,467"
"Raleigh city, North Carolina","108,529","± 4,211"
"Wilmington city, North Carolina","29,467","± 2,252"
"Winston-Salem city, North Carolina","62,908","± 3,296"
"Bismarck city, North Dakota","22,315","± 1,667"
"Fargo city, North Dakota","27,214","± 1,892"
"Akron city, Ohio","46,831","± 2,835"
"Canton city, Ohio","14,081","± 1,688"
"Cincinnati city, Ohio","58,544","± 3,395"
"Cleveland city, Ohio","79,062","± 3,881"
"Columbus city, Ohio","181,936","± 5,737"
"Dayton city, Ohio","31,193","± 2,962"
"Lorain city, Ohio","16,848","± 1,797"
"Parma city, Ohio","23,964","± 1,725"
"Toledo city, Ohio","63,028","± 3,223"
"Broken Arrow city, Oklahoma","33,298","± 1,569"
"Edmond city, Oklahoma","27,297","± 1,845"
"Lawton city, Oklahoma","16,029","± 1,207"
"Norman city, Oklahoma","31,492","± 2,153"
"Oklahoma City city, Oklahoma","165,385","± 4,898"
"Tulsa city, Oklahoma","90,269","± 2,496"
"Beaverton city, Oregon","21,012","± 1,732"
"Bend city, Oregon","28,264","± 2,156"
"Eugene city, Oregon","37,033","± 2,452"
"Gresham city, Oregon","22,149","± 2,034"
"Hillsboro city, Oregon","22,389","± 2,085"
"Medford city, Oregon","21,096","± 2,046"
"Portland city, Oregon","149,322","± 4,389"
"Salem city, Oregon","36,544","± 3,065"
"Allentown city, Pennsylvania","19,384","± 2,005"
"Bethlehem city, Pennsylvania","15,488","± 1,715"
"Erie city, Pennsylvania","21,942","± 1,768"
"Philadelphia city, Pennsylvania","364,468","± 9,308"
"Pittsburgh city, Pennsylvania","69,067","± 3,283"
"Reading city, Pennsylvania","14,241","± 1,771"
"Scranton city, Pennsylvania","13,626","± 1,612"
"Cranston city, Rhode Island","21,590","± 1,827"
"Pawtucket city, Rhode Island","15,282","± 1,615"
"Providence city, Rhode Island","30,294","± 2,861"
"Warwick city, Rhode Island","25,573","± 1,832"
"Charleston city, South Carolina","38,237","± 2,681"
"Columbia city, South Carolina","24,107","± 2,464"
"Greenville city, South Carolina","15,278","± 1,408"
"Mount Pleasant town, South Carolina","31,909","± 1,711"
"North Charleston city, South Carolina","27,531","± 3,492"
"Rock Hill city, South Carolina","17,092","± 1,820"
"Rapid City city, South Dakota","22,083","± 1,500"
"Sioux Falls city, South Dakota","54,741","± 2,361"
"Chattanooga city, Tennessee","40,357","± 2,822"
"Clarksville city, Tennessee","37,232","± 2,561"
"Franklin city, Tennessee","22,298","± 1,625"
"Jackson city, Tennessee","13,679","± 1,399"
"Johnson City city, Tennessee","16,558","± 1,959"
"Knoxville city, Tennessee","41,396","± 2,650"
"Memphis city, Tennessee","111,737","± 4,092"
"Murfreesboro city, Tennessee","30,860","± 2,745"
"Nashville-Davidson metropolitan government (balance), Tennessee","171,381","± 5,307"
"Abilene city, Texas","27,821","± 2,025"
"Allen city, Texas","26,632","± 2,071"
"Amarillo city, Texas","45,981","± 2,573"
"Arlington city, Texas","77,401","± 3,984"
"Atascocita CDP, Texas","29,033","± 3,566"
"Austin city, Texas","199,801","± 7,405"
"Baytown city, Texas","15,489","± 1,897"
"Beaumont city, Texas","27,465","± 2,446"
"Brownsville city, Texas","41,741","± 2,403"
"Bryan city, Texas","18,786","± 1,849"
"Carrollton city, Texas","32,522","± 2,611"
"Cedar Park city, Texas","18,199","± 1,572"
"College Station city, Texas","17,545","± 1,707"
"Conroe city, Texas","25,247","± 2,044"
"Corpus Christi city, Texas","69,525","± 3,670"
"Dallas city, Texas","226,859","± 7,320"
"Denton city, Texas","30,820","± 2,425"
"Edinburg city, Texas","18,418","± 1,880"
"El Paso city, Texas","151,778","± 4,932"
"Flower Mound town, Texas","23,509","± 1,339"
"Fort Worth city, Texas","210,450","± 6,362"
"Frisco city, Texas","54,072","± 2,741"
"Garland city, Texas","47,064","± 3,560"
"Georgetown city, Texas","24,789","± 2,021"
"Grand Prairie city, Texas","41,074","± 3,028"
"Harlingen city, Texas","13,792","± 1,450"
"Houston city, Texas","385,594","± 9,500"
"Irving city, Texas","33,405","± 2,528"
"Killeen city, Texas","29,807","± 2,432"
"Kyle city, Texas","16,128","± 1,964"
"Laredo city, Texas","52,589","± 2,240"
"League City city, Texas","35,295","± 2,005"
"Leander city, Texas","21,021","± 1,824"
"Lewisville city, Texas","25,821","± 2,695"
"Longview city, Texas","19,932","± 1,759"
"Lubbock city, Texas","56,452","± 2,632"
"McAllen city, Texas","31,074","± 2,109"
"McKinney city, Texas","53,793","± 3,239"
"Mansfield city, Texas","21,856","± 1,894"
"Mesquite city, Texas","35,806","± 2,987"
"Midland city, Texas","34,254","± 2,645"
"Mission city, Texas","20,106","± 1,738"
"Missouri City city, Texas","22,786","± 1,952"
"New Braunfels city, Texas","29,926","± 2,237"
"North Richland Hills city, Texas","16,057","± 1,822"
"Odessa city, Texas","31,640","± 3,283"
"Pasadena city, Texas","26,133","± 2,450"
"Pearland city, Texas","34,323","± 2,475"
"Pflugerville city, Texas","17,796","± 1,895"
"Pharr city, Texas","13,818","± 1,883"
"Plano city, Texas","65,561","± 2,713"
"Richardson city, Texas","22,619","± 1,943"
"Round Rock city, Texas","29,231","± 2,401"
"Rowlett city, Texas","18,296","± 2,085"
"San Angelo city, Texas","22,599","± 2,191"
"San Antonio city, Texas","295,530","± 8,256"
"San Marcos city, Texas","9,108","± 1,552"
"Spring CDP, Texas","17,398","± 2,709"
"Sugar Land city, Texas","31,318","± 2,698"
"Temple city, Texas","21,648","± 1,809"
"The Woodlands CDP, Texas","33,323","± 3,072"
"Tyler city, Texas","21,627","± 1,719"
"Victoria city, Texas","14,329","± 1,407"
"Waco city, Texas","26,899","± 2,610"
"Wichita Falls city, Texas","21,615","± 1,422"
"Layton city, Utah","20,141","± 1,556"
"Lehi city, Utah","19,184","± 1,471"
"Ogden city, Utah","20,579","± 1,612"
"Orem city, Utah","17,844","± 1,658"
"Provo city, Utah","13,099","± 1,444"
"St. George city, Utah","24,906","± 1,793"
"Salt Lake City city, Utah","43,623","± 3,132"
"Sandy city, Utah","26,365","± 1,796"
"South Jordan city, Utah","19,383","± 1,622"
"West Jordan city, Utah","28,967","± 1,950"
"West Valley City city, Utah","30,178","± 2,111"
"Alexandria city, Virginia","34,067","± 1,873"
"Arlington CDP, Virginia","44,057","± 2,528"
"Centreville CDP, Virginia","16,632","± 1,867"
"Chesapeake city, Virginia","68,844","± 2,784"
"Dale City CDP, Virginia","16,992","± 1,838"
"Hampton city, Virginia","32,941","± 1,741"
"Lynchburg city, Virginia","14,968","± 1,570"
"Newport News city, Virginia","38,133","± 2,293"
"Norfolk city, Virginia","41,579","± 2,569"
"Portsmouth city, Virginia","25,632","± 1,571"
"Reston CDP, Virginia","17,279","± 1,635"
"Richmond city, Virginia","46,084","± 2,583"
"Roanoke city, Virginia","21,929","± 1,796"
"Suffolk city, Virginia","28,577","± 1,368"
"Virginia Beach city, Virginia","113,353","± 3,547"
"Auburn city, Washington","18,480","± 2,058"
"Bellevue city, Washington","31,525","± 1,901"
"Bellingham city, Washington","19,876","± 1,847"
"Everett city, Washington","21,890","± 2,783"
"Federal Way city, Washington","18,617","± 2,107"
"Kennewick city, Washington","19,284","± 2,299"
"Kent city, Washington","27,421","± 2,300"
"Kirkland city, Washington","22,378","± 2,052"
"Marysville city, Washington","17,637","± 1,721"
"Pasco city, Washington","17,742","± 1,592"
"Redmond city, Washington","14,395","± 1,437"
"Renton city, Washington","22,366","± 2,050"
"Sammamish city, Washington","16,653","± 1,194"
"Seattle city, Washington","160,860","± 5,363"
"Shoreline city, Washington","16,393","± 1,550"
"South Hill CDP, Washington","16,352","± 1,882"
"Spokane city, Washington","59,065","± 3,038"
"Spokane Valley city, Washington","26,760","± 1,792"
"Tacoma city, Washington","52,332","± 2,718"
"Vancouver city, Washington","44,748","± 2,611"
"Yakima city, Washington","18,990","± 1,667"
"Appleton city, Wisconsin","20,110","± 1,502"
"Eau Claire city, Wisconsin","16,226","± 1,548"
"Green Bay city, Wisconsin","25,736","± 1,867"
"Janesville city, Wisconsin","20,012","± 1,569"
"Kenosha city, Wisconsin","23,937","± 1,574"
"Madison city, Wisconsin","58,600","± 2,534"
"Milwaukee city, Wisconsin","102,128","± 4,607"
"Oshkosh city, Wisconsin","16,694","± 1,354"
"Racine city, Wisconsin","20,080","± 2,143"
"Waukesha city, Wisconsin","17,955","± 1,448"
"Cheyenne city, Wyoming","19,100","± 1,492"
"Bayamón zona urbana, Puerto Rico","48,304","± 2,096"
"Caguas zona urbana, Puerto Rico","16,102","± 1,752"
"Carolina zona urbana, Puerto Rico","36,928","± 2,562"
"Guaynabo zona urbana, Puerto Rico","21,806","± 1,537"
"Ponce zona urbana, Puerto Rico","30,634","± 1,902"
"San Juan zona urbana, Puerto Rico","75,586","± 3,351"