"Geographic Area Name","Total Units (2021)","MoE"
"Auburn city, Alabama","35,161","± 1,718"
"Birmingham city, Alabama","108,533","± 3,483"
"Dothan city, Alabama","33,868","± 863"
"Hoover city, Alabama","38,821","± 2,279"
"Huntsville city, Alabama","104,141","± 2,739"
"Mobile city, Alabama","88,507","± 2,906"
"Montgomery city, Alabama","93,055","± 1,294"
"Tuscaloosa city, Alabama","50,913","± 2,716"
"Anchorage municipality, Alaska","119,808","± 653"
"Avondale city, Arizona","27,650","± 2,162"
"Buckeye city, Arizona","32,639","± 2,416"
"Casas Adobes CDP, Arizona","33,648","± 1,937"
"Chandler city, Arizona","112,136","± 2,952"
"Flagstaff city, Arizona","32,601","± 2,024"
"Gilbert town, Arizona","95,508","± 2,738"
"Glendale city, Arizona","95,584","± 2,891"
"Goodyear city, Arizona","35,841","± 2,697"
"Mesa city, Arizona","221,995","± 5,732"
"Peoria city, Arizona","78,694","± 3,140"
"Phoenix city, Arizona","644,625","± 7,668"
"Queen Creek town, Arizona","21,886","± 1,565"
"San Tan Valley CDP, Arizona","35,927","± 2,809"
"Scottsdale city, Arizona","138,984","± 3,824"
"Surprise city, Arizona","62,261","± 3,139"
"Tempe city, Arizona","83,172","± 3,116"
"Tucson city, Arizona","242,816","± 4,430"
"Yuma city, Arizona","43,608","± 2,055"
"Conway city, Arkansas","27,470","± 1,462"
"Fayetteville city, Arkansas","44,706","± 2,253"
"Fort Smith city, Arkansas","39,962","± 1,412"
"Jonesboro city, Arkansas","34,452","± 1,092"
"Little Rock city, Arkansas","99,876","± 2,946"
"Rogers city, Arkansas","29,356","± 1,761"
"Springdale city, Arkansas","30,493","± 1,989"
"Alameda city, California","32,416","± 1,740"
"Alhambra city, California","31,005","± 1,521"
"Anaheim city, California","110,319","± 3,231"
"Antioch city, California","37,650","± 2,100"
"Apple Valley town, California","25,390","± 2,381"
"Arden-Arcade CDP, California","42,032","± 2,739"
"Bakersfield city, California","134,270","± 3,483"
"Baldwin Park city, California","19,605","± 1,074"
"Bellflower city, California","24,831","± 1,491"
"Berkeley city, California","50,228","± 3,340"
"Buena Park city, California","24,966","± 1,623"
"Burbank city, California","48,556","± 2,819"
"Camarillo city, California","28,678","± 2,004"
"Carlsbad city, California","51,596","± 2,963"
"Carmichael CDP, California","33,816","± 2,736"
"Carson city, California","26,409","± 2,517"
"Castro Valley CDP, California","24,109","± 2,045"
"Chico city, California","42,758","± 1,872"
"Chino city, California","27,283","± 1,522"
"Chino Hills city, California","26,151","± 1,100"
"Chula Vista city, California","88,821","± 3,236"
"Citrus Heights city, California","35,496","± 2,579"
"Clovis city, California","40,037","± 1,947"
"Compton city, California","29,793","± 2,047"
"Concord city, California","47,251","± 2,268"
"Corona city, California","50,613","± 2,474"
"Costa Mesa city, California","45,564","± 2,340"
"Daly City city, California","37,568","± 2,550"
"Davis city, California","27,592","± 1,326"
"Downey city, California","37,581","± 2,160"
"Dublin city, California","25,372","± 1,412"
"East Los Angeles CDP, California","33,124","± 2,061"
"Eastvale city, California","18,782","± 1,667"
"El Cajon city, California","34,992","± 2,341"
"Elk Grove city, California","54,385","± 1,832"
"El Monte city, California","29,935","± 1,290"
"Escondido city, California","52,542","± 2,082"
"Fairfield city, California","40,027","± 1,946"
"Folsom city, California","29,667","± 2,625"
"Fontana city, California","58,533","± 2,316"
"Fremont city, California","79,480","± 2,623"
"Fresno city, California","188,756","± 3,250"
"Fullerton city, California","49,834","± 2,225"
"Garden Grove city, California","50,253","± 2,442"
"Glendale city, California","76,220","± 2,680"
"Hawthorne city, California","31,161","± 1,659"
"Hayward city, California","50,777","± 2,198"
"Hemet city, California","36,642","± 2,894"
"Hesperia city, California","29,886","± 2,026"
"Huntington Beach city, California","83,658","± 2,528"
"Indio city, California","40,749","± 2,517"
"Inglewood city, California","40,083","± 2,146"
"Irvine city, California","122,260","± 5,673"
"Jurupa Valley city, California","28,677","± 1,710"
"Lake Elsinore city, California","21,975","± 1,723"
"Lake Forest city, California","32,522","± 1,670"
"Lakewood city, California","27,028","± 1,590"
"Lancaster city, California","53,460","± 2,586"
"Livermore city, California","32,363","± 1,859"
"Lodi city, California","25,828","± 1,594"
"Long Beach city, California","179,856","± 4,443"
"Los Angeles city, California","1,542,391","± 9,733"
"Lynwood city, California","16,429","± 1,176"
"Madera city, California","19,676","± 1,560"
"Manteca city, California","28,237","± 1,933"
"Menifee city, California","37,422","± 2,266"
"Merced city, California","30,158","± 1,684"
"Milpitas city, California","24,559","± 1,101"
"Mission Viejo city, California","36,316","± 1,878"
"Modesto city, California","74,871","± 2,729"
"Moreno Valley city, California","55,128","± 2,619"
"Mountain View city, California","39,492","± 1,970"
"Murrieta city, California","36,573","± 2,414"
"Napa city, California","32,314","± 1,059"
"Newport Beach city, California","47,062","± 2,359"
"Norwalk city, California","26,860","± 1,317"
"Oakland city, California","186,660","± 4,202"
"Oceanside city, California","64,694","± 2,793"
"Ontario city, California","57,356","± 2,464"
"Orange city, California","45,377","± 1,968"
"Oxnard city, California","53,778","± 2,323"
"Palmdale city, California","47,738","± 1,927"
"Palo Alto city, California","27,757","± 1,942"
"Pasadena city, California","64,644","± 2,924"
"Perris city, California","19,964","± 1,481"
"Pittsburg city, California","24,600","± 1,723"
"Pleasanton city, California","30,092","± 1,391"
"Pomona city, California","41,376","± 1,710"
"Rancho Cordova city, California","30,125","± 1,733"
"Rancho Cucamonga city, California","59,083","± 2,631"
"Redding city, California","39,738","± 1,708"
"Redlands city, California","25,688","± 2,488"
"Redondo Beach city, California","28,355","± 2,941"
"Redwood City city, California","32,232","± 1,837"
"Rialto city, California","30,380","± 1,772"
"Richmond city, California","42,082","± 2,472"
"Riverside city, California","94,246","± 2,944"
"Rocklin city, California","26,221","± 1,233"
"Roseville city, California","59,392","± 1,856"
"Sacramento city, California","210,715","± 4,391"
"Salinas city, California","43,045","± 1,751"
"San Bernardino city, California","66,188","± 2,916"
"San Buenaventura (Ventura) city, California","46,360","± 2,225"
"San Diego city, California","555,456","± 7,850"
"San Francisco city, California","412,269","± 1,484"
"San Jose city, California","340,561","± 4,585"
"San Leandro city, California","32,100","± 2,095"
"San Marcos city, California","35,300","± 2,017"
"San Mateo city, California","41,607","± 1,873"
"San Ramon city, California","30,255","± 1,507"
"Santa Ana city, California","80,604","± 2,558"
"Santa Barbara city, California","37,875","± 2,181"
"Santa Clara city, California","52,276","± 2,239"
"Santa Clarita city, California","74,788","± 2,724"
"Santa Maria city, California","30,476","± 1,937"
"Santa Monica city, California","52,958","± 3,172"
"Santa Rosa city, California","71,553","± 2,713"
"Simi Valley city, California","46,277","± 2,084"
"South Gate city, California","25,375","± 1,318"
"Stockton city, California","102,642","± 3,106"
"Sunnyvale city, California","63,065","± 2,543"
"Temecula city, California","36,588","± 2,127"
"Thousand Oaks city, California","46,350","± 1,984"
"Torrance city, California","60,220","± 2,428"
"Tracy city, California","29,262","± 1,854"
"Tulare city, California","21,637","± 1,599"
"Turlock city, California","26,321","± 2,138"
"Tustin city, California","27,550","± 1,748"
"Union City city, California","22,527","± 1,616"
"Upland city, California","26,423","± 1,431"
"Vacaville city, California","35,398","± 2,014"
"Vallejo city, California","45,319","± 2,003"
"Victorville city, California","39,786","± 2,427"
"Visalia city, California","49,257","± 2,293"
"Vista city, California","31,525","± 1,970"
"Walnut Creek city, California","32,398","± 1,677"
"West Covina city, California","33,792","± 1,485"
"Westminster city, California","29,012","± 1,850"
"Whittier city, California","28,607","± 1,473"
"Yorba Linda city, California","24,897","± 1,354"
"Yuba City city, California","24,529","± 958"
"Arvada city, Colorado","51,928","± 1,956"
"Aurora city, Colorado","149,636","± 3,371"
"Boulder city, Colorado","44,793","± 1,767"
"Broomfield city, Colorado","31,800","± 177"
"Castle Rock town, Colorado","28,082","± 1,598"
"Centennial city, Colorado","41,114","± 1,602"
"Colorado Springs city, Colorado","205,380","± 3,006"
"Denver city, Colorado","351,829","± 978"
"Fort Collins city, Colorado","73,397","± 2,572"
"Grand Junction city, Colorado","30,264","± 1,527"
"Greeley city, Colorado","40,510","± 2,046"
"Highlands Ranch CDP, Colorado","38,952","± 2,054"
"Lakewood city, Colorado","75,300","± 2,399"
"Longmont city, Colorado","44,891","± 2,266"
"Loveland city, Colorado","36,659","± 1,923"
"Pueblo city, Colorado","50,106","± 1,536"
"Thornton city, Colorado","48,948","± 2,099"
"Westminster city, Colorado","51,037","± 1,951"
"Bridgeport city, Connecticut","61,494","± 2,513"
"Danbury city, Connecticut","35,346","± 2,631"
"Hartford city, Connecticut","55,111","± 2,625"
"New Britain city, Connecticut","30,456","± 2,066"
"New Haven city, Connecticut","61,547","± 2,586"
"Norwalk city, Connecticut","39,560","± 2,178"
"Stamford city, Connecticut","57,380","± 2,592"
"Waterbury city, Connecticut","48,607","± 2,543"
"Wilmington city, Delaware","37,153","± 2,085"
"Washington city, District of Columbia","357,482","± 47"
"Alafaya CDP, Florida","34,561","± 3,883"
"Boca Raton city, Florida","48,657","± 2,603"
"Boynton Beach city, Florida","39,736","± 2,574"
"Brandon CDP, Florida","50,086","± 3,038"
"Cape Coral city, Florida","94,442","± 3,345"
"Clearwater city, Florida","60,153","± 3,053"
"Coral Springs city, Florida","46,687","± 2,880"
"Davie town, Florida","41,953","± 2,323"
"Daytona Beach city, Florida","40,465","± 2,628"
"Deerfield Beach city, Florida","50,429","± 2,962"
"Delray Beach city, Florida","38,037","± 2,433"
"Deltona city, Florida","36,713","± 2,111"
"Doral city, Florida","27,139","± 1,843"
"Fort Lauderdale city, Florida","102,567","± 3,979"
"Fort Myers city, Florida","48,488","± 3,003"
"Gainesville city, Florida","66,685","± 3,011"
"Hialeah city, Florida","78,076","± 2,814"
"Hollywood city, Florida","74,324","± 3,006"
"Homestead city, Florida","29,482","± 2,755"
"Horizon West CDP, Florida","21,837","± 3,348"
"Jacksonville city, Florida","422,315","± 3,351"
"Kendall CDP, Florida","33,932","± 2,901"
"Kissimmee city, Florida","29,099","± 2,402"
"Lakeland city, Florida","52,994","± 2,740"
"Largo city, Florida","46,495","± 3,051"
"Lauderhill city, Florida","30,956","± 2,196"
"Lehigh Acres CDP, Florida","42,566","± 2,666"
"Melbourne city, Florida","40,160","± 2,589"
"Miami city, Florida","219,775","± 5,651"
"Miami Beach city, Florida","60,872","± 2,829"
"Miami Gardens city, Florida","36,204","± 2,438"
"Miramar city, Florida","44,987","± 2,717"
"North Port city, Florida","35,149","± 2,962"
"Orlando city, Florida","149,940","± 5,158"
"Palm Bay city, Florida","50,159","± 2,704"
"Palm Coast city, Florida","43,228","± 1,159"
"Pembroke Pines city, Florida","67,317","± 2,974"
"Pine Hills CDP, Florida","26,423","± 2,075"
"Plantation city, Florida","38,622","± 2,469"
"Poinciana CDP, Florida","25,796","± 3,908"
"Pompano Beach city, Florida","61,793","± 3,682"
"Port Charlotte CDP, Florida","33,195","± 2,288"
"Port St. Lucie city, Florida","84,820","± 3,155"
"Riverview CDP, Florida","42,959","± 3,218"
"St. Petersburg city, Florida","137,046","± 3,480"
"Spring Hill CDP, Florida","48,653","± 1,981"
"Sunrise city, Florida","40,831","± 2,870"
"Tallahassee city, Florida","95,467","± 2,111"
"Tamarac city, Florida","32,750","± 2,505"
"Tampa city, Florida","172,886","± 3,935"
"The Villages CDP, Florida","54,256","± 3,154"
"Town 'n' Country CDP, Florida","37,239","± 3,249"
"Wesley Chapel CDP, Florida","24,706","± 2,253"
"Weston city, Florida","22,530","± 1,598"
"West Palm Beach city, Florida","60,001","± 3,126"
"Albany city, Georgia","32,318","± 1,216"
"Alpharetta city, Georgia","26,292","± 1,628"
"Athens-Clarke County unified government (balance), Georgia","55,757","± 1,706"
"Atlanta city, Georgia","253,355","± 5,916"
"Augusta-Richmond County consolidated government (balance), Georgia","90,645","± 1,117"
"Columbus city, Georgia","91,621","± 1,103"
"Johns Creek city, Georgia","29,983","± 1,899"
"Macon-Bibb County, Georgia","71,906","± 846"
"Roswell city, Georgia","38,653","± 2,701"
"Sandy Springs city, Georgia","54,061","± 2,818"
"Savannah city, Georgia","68,618","± 3,020"
"South Fulton city, Georgia","44,910","± 3,758"
"Warner Robins city, Georgia","35,983","± 2,059"
"Urban Honolulu CDP, Hawaii","157,427","± 3,163"
"Boise City city, Idaho","104,110","± 2,981"
"Idaho Falls city, Idaho","25,993","± 1,405"
"Meridian city, Idaho","48,218","± 2,919"
"Nampa city, Idaho","38,826","± 1,828"
"Arlington Heights village, Illinois","33,260","± 1,984"
"Aurora city, Illinois","64,677","± 2,763"
"Bloomington city, Illinois","36,236","± 1,319"
"Bolingbrook village, Illinois","25,524","± 1,646"
"Champaign city, Illinois","41,755","± 2,147"
"Chicago city, Illinois","1,272,191","± 10,075"
"Cicero town, Illinois","25,983","± 2,075"
"Decatur city, Illinois","36,518","± 1,264"
"Elgin city, Illinois","41,458","± 1,964"
"Evanston city, Illinois","34,093","± 2,228"
"Joliet city, Illinois","53,989","± 2,317"
"Naperville city, Illinois","56,443","± 2,334"
"Palatine village, Illinois","28,010","± 1,973"
"Peoria city, Illinois","53,890","± 1,728"
"Rockford city, Illinois","66,905","± 2,322"
"Schaumburg village, Illinois","32,977","± 2,015"
"Skokie village, Illinois","24,783","± 1,873"
"Springfield city, Illinois","57,997","± 1,883"
"Waukegan city, Illinois","31,673","± 1,945"
"Bloomington city, Indiana","35,873","± 2,044"
"Carmel city, Indiana","42,773","± 2,060"
"Evansville city, Indiana","58,844","± 1,788"
"Fishers city, Indiana","37,546","± 2,305"
"Fort Wayne city, Indiana","117,245","± 2,357"
"Hammond city, Indiana","33,703","± 1,983"
"Indianapolis city (balance), Indiana","399,820","± 2,480"
"Lafayette city, Indiana","32,933","± 2,062"
"Noblesville city, Indiana","25,883","± 2,203"
"South Bend city, Indiana","49,249","± 2,328"
"Ames city, Iowa","27,954","± 1,107"
"Ankeny city, Iowa","28,444","± 1,940"
"Cedar Rapids city, Iowa","64,442","± 1,925"
"Davenport city, Iowa","49,139","± 1,558"
"Des Moines city, Iowa","97,957","± 3,101"
"Iowa City city, Iowa","33,875","± 1,928"
"Sioux City city, Iowa","35,109","± 926"
"Waterloo city, Iowa","33,190","± 1,143"
"West Des Moines city, Iowa","37,031","± 2,316"
"Kansas City city, Kansas","63,738","± 967"
"Lawrence city, Kansas","44,551","± 1,077"
"Olathe city, Kansas","54,720","± 2,203"
"Overland Park city, Kansas","85,708","± 2,046"
"Shawnee city, Kansas","28,651","± 1,876"
"Topeka city, Kansas","61,068","± 1,353"
"Wichita city, Kansas","176,357","± 2,140"
"Bowling Green city, Kentucky","32,531","± 1,672"
"Lexington-Fayette urban county, Kentucky","147,590","± 1,002"
"Louisville/Jefferson County metro government (balance), Kentucky","288,859","± 2,059"
"Baton Rouge city, Louisiana","107,002","± 3,532"
"Kenner city, Louisiana","27,548","± 2,511"
"Lafayette city, Louisiana","56,725","± 2,575"
"Lake Charles city, Louisiana","40,810","± 2,855"
"Metairie CDP, Louisiana","66,619","± 3,008"
"New Orleans city, Louisiana","194,701","± 859"
"Shreveport city, Louisiana","90,211","± 2,457"
"Portland city, Maine","35,456","± 1,863"
"Baltimore city, Maryland","293,487","± 1,685"
"Bethesda CDP, Maryland","29,577","± 1,710"
"Columbia CDP, Maryland","43,548","± 1,926"
"Ellicott City CDP, Maryland","27,995","± 1,641"
"Frederick city, Maryland","35,383","± 1,684"
"Gaithersburg city, Maryland","29,266","± 1,847"
"Germantown CDP, Maryland","31,519","± 2,308"
"Glen Burnie CDP, Maryland","28,452","± 2,323"
"Rockville city, Maryland","26,760","± 2,076"
"Silver Spring CDP, Maryland","34,703","± 2,436"
"Waldorf CDP, Maryland","30,901","± 1,649"
"Boston city, Massachusetts","307,025","± 2,891"
"Brockton city, Massachusetts","38,391","± 1,817"
"Cambridge city, Massachusetts","57,581","± 2,734"
"Fall River city, Massachusetts","43,230","± 1,899"
"Framingham city, Massachusetts","27,159","± 1,496"
"Haverhill city, Massachusetts","26,413","± 1,566"
"Lawrence city, Massachusetts","31,378","± 1,964"
"Lowell city, Massachusetts","44,466","± 2,708"
"Lynn city, Massachusetts","39,222","± 2,389"
"Malden city, Massachusetts","28,151","± 2,302"
"New Bedford city, Massachusetts","44,717","± 2,387"
"Newton city, Massachusetts","31,501","± 1,514"
"Quincy city, Massachusetts","46,911","± 2,034"
"Somerville city, Massachusetts","37,251","± 1,882"
"Springfield city, Massachusetts","62,032","± 2,349"
"Worcester city, Massachusetts","82,375","± 3,165"
"Ann Arbor city, Michigan","54,874","± 2,249"
"Dearborn city, Michigan","38,133","± 1,987"
"Detroit city, Michigan","322,906","± 4,766"
"Farmington Hills city, Michigan","36,496","± 2,122"
"Flint city, Michigan","41,139","± 2,591"
"Grand Rapids city, Michigan","85,623","± 2,819"
"Kalamazoo city, Michigan","33,160","± 2,245"
"Lansing city, Michigan","55,557","± 1,918"
"Livonia city, Michigan","39,344","± 2,081"
"Novi city, Michigan","30,844","± 1,929"
"Rochester Hills city, Michigan","30,934","± 1,505"
"Southfield city, Michigan","37,514","± 2,132"
"Sterling Heights city, Michigan","53,932","± 2,059"
"Troy city, Michigan","34,953","± 1,608"
"Warren city, Michigan","60,142","± 2,551"
"Westland city, Michigan","39,435","± 2,629"
"Wyoming city, Michigan","29,880","± 2,232"
"Blaine city, Minnesota","26,622","± 1,597"
"Bloomington city, Minnesota","41,127","± 1,911"
"Brooklyn Park city, Minnesota","30,705","± 2,294"
"Duluth city, Minnesota","39,763","± 1,915"
"Eagan city, Minnesota","27,660","± 1,380"
"Lakeville city, Minnesota","25,337","± 1,678"
"Maple Grove city, Minnesota","28,282","± 1,578"
"Minneapolis city, Minnesota","203,633","± 4,178"
"Plymouth city, Minnesota","34,281","± 1,672"
"Rochester city, Minnesota","54,111","± 965"
"St. Cloud city, Minnesota","31,034","± 1,939"
"St. Paul city, Minnesota","131,275","± 2,691"
"Woodbury city, Minnesota","30,287","± 1,835"
"Gulfport city, Mississippi","33,401","± 1,719"
"Jackson city, Mississippi","74,637","± 2,038"
"Columbia city, Missouri","55,042","± 1,831"
"Independence city, Missouri","57,486","± 2,853"
"Kansas City city, Missouri","243,950","± 4,034"
"Lee's Summit city, Missouri","39,391","± 2,000"
"O'Fallon city, Missouri","35,283","± 1,553"
"St. Charles city, Missouri","32,822","± 1,375"
"St. Joseph city, Missouri","33,734","± 866"
"St. Louis city, Missouri","173,493","± 644"
"Springfield city, Missouri","83,888","± 1,875"
"Billings city, Montana","53,981","± 1,377"
"Missoula city, Montana","35,602","± 1,267"
"Lincoln city, Nebraska","126,262","± 1,224"
"Omaha city, Nebraska","212,802","± 1,693"
"Enterprise CDP, Nevada","88,599","± 4,160"
"Henderson city, Nevada","132,088","± 3,644"
"Las Vegas city, Nevada","269,602","± 4,527"
"North Las Vegas city, Nevada","91,034","± 3,629"
"Paradise CDP, Nevada","95,898","± 3,955"
"Reno city, Nevada","116,918","± 2,794"
"Sparks city, Nevada","47,203","± 2,592"
"Spring Valley CDP, Nevada","94,405","± 4,234"
"Sunrise Manor CDP, Nevada","70,430","± 3,157"
"Manchester city, New Hampshire","50,479","± 2,333"
"Nashua city, New Hampshire","38,955","± 1,878"
"Bayonne city, New Jersey","30,021","± 1,915"
"Camden city, New Jersey","28,066","± 1,988"
"Clifton city, New Jersey","34,132","± 2,586"
"East Orange city, New Jersey","29,376","± 1,867"
"Elizabeth city, New Jersey","49,554","± 2,218"
"Jersey City city, New Jersey","131,609","± 3,580"
"Lakewood CDP, New Jersey","14,210","± 2,005"
"Newark city, New Jersey","122,145","± 3,802"
"Passaic city, New Jersey","21,049","± 1,323"
"Paterson city, New Jersey","54,231","± 2,244"
"Toms River CDP, New Jersey","39,067","± 2,759"
"Trenton city, New Jersey","36,389","± 2,350"
"Union City city, New Jersey","26,280","± 1,704"
"Albuquerque city, New Mexico","256,814","± 2,299"
"Las Cruces city, New Mexico","48,065","± 2,114"
"Rio Rancho city, New Mexico","40,978","± 1,044"
"Santa Fe city, New Mexico","45,246","± 1,421"
"Albany city, New York","50,720","± 2,733"
"Buffalo city, New York","137,222","± 3,077"
"Cheektowaga CDP, New York","34,541","± 1,913"
"Mount Vernon city, New York","27,528","± 1,831"
"New Rochelle city, New York","33,043","± 2,151"
"New York city, New York","3,641,931","± 2,894"
"Rochester city, New York","103,333","± 3,267"
"Schenectady city, New York","30,921","± 1,692"
"Syracuse city, New York","70,055","± 2,696"
"Yonkers city, New York","83,368","± 3,165"
"Asheville city, North Carolina","52,159","± 3,162"
"Cary town, North Carolina","69,951","± 2,794"
"Charlotte city, North Carolina","393,631","± 3,480"
"Concord city, North Carolina","42,877","± 2,147"
"Durham city, North Carolina","131,917","± 1,868"
"Fayetteville city, North Carolina","91,054","± 1,851"
"Gastonia city, North Carolina","35,696","± 1,861"
"Greensboro city, North Carolina","139,565","± 3,225"
"Greenville city, North Carolina","45,122","± 2,429"
"High Point city, North Carolina","45,472","± 2,158"
"Jacksonville city, North Carolina","25,381","± 2,061"
"Raleigh city, North Carolina","217,866","± 4,672"
"Wilmington city, North Carolina","63,490","± 2,432"
"Winston-Salem city, North Carolina","114,871","± 2,572"
"Bismarck city, North Dakota","35,318","± 889"
"Fargo city, North Dakota","61,277","± 1,511"
"Akron city, Ohio","93,546","± 2,721"
"Canton city, Ohio","36,101","± 2,129"
"Cincinnati city, Ohio","160,420","± 4,032"
"Cleveland city, Ohio","202,735","± 4,511"
"Columbus city, Ohio","422,120","± 4,966"
"Dayton city, Ohio","68,591","± 2,694"
"Lorain city, Ohio","31,664","± 2,024"
"Parma city, Ohio","35,322","± 1,919"
"Toledo city, Ohio","133,129","± 2,443"
"Broken Arrow city, Oklahoma","46,629","± 1,515"
"Edmond city, Oklahoma","38,476","± 1,762"
"Lawton city, Oklahoma","40,112","± 915"
"Norman city, Oklahoma","57,307","± 1,962"
"Oklahoma City city, Oklahoma","302,241","± 4,267"
"Tulsa city, Oklahoma","194,402","± 2,135"
"Beaverton city, Oregon","44,099","± 2,575"
"Bend city, Oregon","47,882","± 2,135"
"Eugene city, Oregon","78,322","± 2,592"
"Gresham city, Oregon","46,296","± 2,474"
"Hillsboro city, Oregon","41,432","± 2,288"
"Medford city, Oregon","37,661","± 1,654"
"Portland city, Oregon","303,483","± 3,047"
"Salem city, Oregon","69,247","± 2,352"
"Allentown city, Pennsylvania","51,405","± 2,339"
"Bethlehem city, Pennsylvania","31,754","± 1,814"
"Erie city, Pennsylvania","42,194","± 2,054"
"Philadelphia city, Pennsylvania","733,015","± 2,013"
"Pittsburgh city, Pennsylvania","159,435","± 5,069"
"Reading city, Pennsylvania","34,964","± 1,895"
"Scranton city, Pennsylvania","35,098","± 1,982"
"Cranston city, Rhode Island","34,482","± 2,447"
"Pawtucket city, Rhode Island","32,238","± 1,917"
"Providence city, Rhode Island","78,329","± 2,878"
"Warwick city, Rhode Island","38,375","± 1,769"
"Charleston city, South Carolina","75,367","± 3,370"
"Columbia city, South Carolina","59,270","± 3,009"
"Greenville city, South Carolina","37,958","± 2,111"
"Mount Pleasant town, South Carolina","41,499","± 2,561"
"North Charleston city, South Carolina","56,930","± 2,907"
"Rock Hill city, South Carolina","31,490","± 1,856"
"Rapid City city, South Dakota","34,819","± 1,156"
"Sioux Falls city, South Dakota","86,893","± 1,468"
"Chattanooga city, Tennessee","86,385","± 2,414"
"Clarksville city, Tennessee","68,485","± 1,991"
"Franklin city, Tennessee","34,177","± 1,684"
"Jackson city, Tennessee","29,394","± 1,311"
"Johnson City city, Tennessee","33,824","± 2,380"
"Knoxville city, Tennessee","94,457","± 2,836"
"Memphis city, Tennessee","288,491","± 4,648"
"Murfreesboro city, Tennessee","67,416","± 2,856"
"Nashville-Davidson metropolitan government (balance), Tennessee","331,262","± 1,908"
"Abilene city, Texas","53,099","± 1,405"
"Allen city, Texas","38,372","± 2,185"
"Amarillo city, Texas","89,810","± 2,197"
"Arlington city, Texas","156,653","± 5,087"
"Atascocita CDP, Texas","31,181","± 5,187"
"Austin city, Texas","469,156","± 6,990"
"Baytown city, Texas","30,642","± 2,266"
"Beaumont city, Texas","54,306","± 2,272"
"Brownsville city, Texas","62,000","± 2,740"
"Bryan city, Texas","37,247","± 2,531"
"Carrollton city, Texas","51,894","± 1,904"
"Cedar Park city, Texas","30,710","± 2,262"
"College Station city, Texas","48,960","± 2,613"
"Conroe city, Texas","39,740","± 3,428"
"Corpus Christi city, Texas","137,431","± 2,184"
"Dallas city, Texas","591,773","± 7,965"
"Denton city, Texas","61,038","± 2,802"
"Edinburg city, Texas","39,973","± 2,783"
"El Paso city, Texas","261,779","± 2,871"
"Flower Mound town, Texas","28,382","± 1,496"
"Fort Worth city, Texas","361,341","± 6,713"
"Frisco city, Texas","74,074","± 2,457"
"Garland city, Texas","80,577","± 3,217"
"Georgetown city, Texas","31,605","± 1,987"
"Grand Prairie city, Texas","67,743","± 2,977"
"Harlingen city, Texas","30,752","± 2,490"
"Houston city, Texas","1,028,763","± 10,230"
"Irving city, Texas","100,800","± 3,913"
"Killeen city, Texas","63,491","± 2,683"
"Laredo city, Texas","82,105","± 733"
"League City city, Texas","45,107","± 2,266"
"Leander city, Texas","24,692","± 2,030"
"Lewisville city, Texas","49,094","± 2,707"
"Longview city, Texas","35,008","± 1,562"
"Lubbock city, Texas","113,800","± 2,162"
"McAllen city, Texas","53,023","± 2,929"
"McKinney city, Texas","76,364","± 3,128"
"Mansfield city, Texas","26,120","± 2,146"
"Mesquite city, Texas","55,252","± 3,079"
"Midland city, Texas","56,593","± 2,320"
"Mission city, Texas","32,749","± 2,564"
"Missouri City city, Texas","31,024","± 2,528"
"New Braunfels city, Texas","41,529","± 2,086"
"North Richland Hills city, Texas","27,961","± 1,666"
"Odessa city, Texas","52,217","± 2,529"
"Pasadena city, Texas","54,028","± 2,937"
"Pearland city, Texas","44,576","± 2,946"
"Pflugerville city, Texas","25,056","± 3,626"
"Pharr city, Texas","27,974","± 2,534"
"Plano city, Texas","114,797","± 3,481"
"Richardson city, Texas","47,008","± 2,431"
"Round Rock city, Texas","51,290","± 2,864"
"San Angelo city, Texas","45,230","± 1,234"
"San Antonio city, Texas","603,670","± 6,093"
"San Marcos city, Texas","28,845","± 2,128"
"Spring CDP, Texas","23,562","± 3,271"
"Sugar Land city, Texas","38,412","± 2,301"
"Temple city, Texas","36,878","± 2,367"
"The Woodlands CDP, Texas","47,091","± 4,227"
"Tyler city, Texas","45,728","± 2,173"
"Victoria city, Texas","27,620","± 1,020"
"Waco city, Texas","60,756","± 1,804"
"Wichita Falls city, Texas","42,959","± 1,787"
"Layton city, Utah","28,226","± 1,608"
"Lehi city, Utah","22,854","± 1,404"
"Ogden city, Utah","35,120","± 1,968"
"Orem city, Utah","33,929","± 1,447"
"Provo city, Utah","33,865","± 1,772"
"St. George city, Utah","41,468","± 2,074"
"Salt Lake City city, Utah","99,551","± 3,714"
"Sandy city, Utah","34,406","± 2,108"
"South Jordan city, Utah","25,771","± 1,909"
"West Jordan city, Utah","37,776","± 2,027"
"West Valley City city, Utah","43,083","± 2,053"
"Alexandria city, Virginia","80,350","± 428"
"Arlington CDP, Virginia","119,446","± 525"
"Centreville CDP, Virginia","25,312","± 1,830"
"Chesapeake city, Virginia","96,040","± 563"
"Dale City CDP, Virginia","22,758","± 1,752"
"Hampton city, Virginia","62,528","± 385"
"Lynchburg city, Virginia","34,156","± 747"
"Newport News city, Virginia","81,913","± 1,104"
"Norfolk city, Virginia","102,423","± 1,526"
"Portsmouth city, Virginia","43,306","± 738"
"Richmond city, Virginia","112,806","± 917"
"Roanoke city, Virginia","48,912","± 427"
"Suffolk city, Virginia","39,558","± 553"
"Virginia Beach city, Virginia","190,981","± 740"
"Auburn city, Washington","32,420","± 2,139"
"Bellevue city, Washington","65,120","± 2,831"
"Bellingham city, Washington","42,715","± 1,775"
"Everett city, Washington","48,306","± 2,480"
"Federal Way city, Washington","36,274","± 2,132"
"Kennewick city, Washington","32,119","± 1,939"
"Kent city, Washington","47,926","± 2,138"
"Kirkland city, Washington","39,301","± 1,780"
"Marysville city, Washington","26,570","± 1,575"
"Pasco city, Washington","26,216","± 884"
"Redmond city, Washington","32,682","± 1,834"
"Renton city, Washington","44,115","± 2,928"
"Sammamish city, Washington","22,708","± 1,053"
"Seattle city, Washington","384,799","± 5,658"
"South Hill CDP, Washington","23,231","± 2,165"
"Spokane city, Washington","99,251","± 2,770"
"Spokane Valley city, Washington","47,204","± 2,283"
"Tacoma city, Washington","92,516","± 2,361"
"Vancouver city, Washington","86,065","± 2,443"
"Yakima city, Washington","38,297","± 1,821"
"Appleton city, Wisconsin","30,519","± 1,624"
"Eau Claire city, Wisconsin","28,762","± 1,117"
"Green Bay city, Wisconsin","48,574","± 2,181"
"Janesville city, Wisconsin","28,831","± 1,370"
"Kenosha city, Wisconsin","40,437","± 1,561"
"Madison city, Wisconsin","129,717","± 3,330"
"Milwaukee city, Wisconsin","257,812","± 3,165"
"Oshkosh city, Wisconsin","29,501","± 1,613"
"Racine city, Wisconsin","34,630","± 1,424"
"Waukesha city, Wisconsin","31,815","± 1,405"
"Cheyenne city, Wyoming","29,060","± 1,224"
"Bayamón zona urbana, Puerto Rico","76,084","± 1,543"
"Caguas zona urbana, Puerto Rico","35,851","± 1,707"
"Carolina zona urbana, Puerto Rico","68,134","± 1,909"
"Guaynabo zona urbana, Puerto Rico","31,709","± 1,306"
"Ponce zona urbana, Puerto Rico","55,535","± 1,965"
"San Juan zona urbana, Puerto Rico","174,398","± 2,793"