"Geographic Area Name","Vacant (2024)","MoE"
"Auburn city, Alabama","6,883","± 1,678"
"Birmingham city, Alabama","19,627","± 2,094"
"Dothan city, Alabama","3,967","± 788"
"Hoover city, Alabama","2,088","± 1,244"
"Huntsville city, Alabama","9,664","± 1,779"
"Madison city, Alabama","1,510","± 906"
"Mobile city, Alabama","14,129","± 2,019"
"Montgomery city, Alabama","12,271","± 2,038"
"Tuscaloosa city, Alabama","7,698","± 1,556"
"Anchorage municipality, Alaska","11,735","± 2,371"
"Avondale city, Arizona","2,894","± 1,108"
"Buckeye city, Arizona","2,087","± 1,248"
"Casa Grande city, Arizona","3,954","± 1,075"
"Casas Adobes CDP, Arizona","1,807","± 974"
"Chandler city, Arizona","4,883","± 1,615"
"Flagstaff city, Arizona","3,055","± 1,196"
"Gilbert town, Arizona","6,572","± 1,685"
"Glendale city, Arizona","3,900","± 1,347"
"Goodyear city, Arizona","5,927","± 1,759"
"Maricopa city, Arizona","1,797","± 969"
"Mesa city, Arizona","23,690","± 3,005"
"Peoria city, Arizona","5,200","± 1,506"
"Phoenix city, Arizona","47,582","± 4,565"
"Queen Creek town, Arizona","2,435","± 1,226"
"San Tan Valley CDP, Arizona","2,823","± 1,215"
"Scottsdale city, Arizona","18,368","± 2,855"
"Surprise city, Arizona","4,899","± 1,618"
"Tempe city, Arizona","10,115","± 2,645"
"Tucson city, Arizona","18,134","± 3,033"
"Yuma city, Arizona","4,814","± 1,379"
"Conway city, Arkansas","3,026","± 1,153"
"Fayetteville city, Arkansas","5,853","± 1,696"
"Fort Smith city, Arkansas","3,789","± 1,372"
"Jonesboro city, Arkansas","3,237","± 1,381"
"Little Rock city, Arkansas","10,276","± 2,079"
"Rogers city, Arkansas","2,853","± 1,476"
"Springdale city, Arkansas","2,207","± 1,025"
"Alameda city, California","1,460","± 853"
"Alhambra city, California","3,239","± 1,234"
"Anaheim city, California","5,148","± 1,580"
"Antioch city, California","2,084","± 913"
"Apple Valley town, California","1,146","± 698"
"Arden-Arcade CDP, California","3,273","± 1,340"
"Bakersfield city, California","6,205","± 1,697"
"Baldwin Park city, California","542","± 324"
"Bellflower city, California","1,639","± 837"
"Berkeley city, California","6,340","± 1,731"
"Brentwood city, California","417","± 415"
"Buena Park city, California","0","± 225"
"Burbank city, California","3,038","± 1,285"
"Camarillo city, California","1,451","± 904"
"Carlsbad city, California","3,224","± 1,534"
"Carmichael CDP, California","1,857","± 1,001"
"Carson city, California","874","± 724"
"Castro Valley CDP, California","1,087","± 881"
"Chico city, California","4,309","± 1,476"
"Chino city, California","371","± 379"
"Chino Hills city, California","155","± 262"
"Chula Vista city, California","3,367","± 1,117"
"Citrus Heights city, California","606","± 482"
"Clovis city, California","2,879","± 1,214"
"Compton city, California","784","± 458"
"Concord city, California","2,516","± 1,157"
"Corona city, California","938","± 634"
"Costa Mesa city, California","3,062","± 1,501"
"Daly City city, California","4,778","± 1,299"
"Davis city, California","2,252","± 1,037"
"Downey city, California","764","± 512"
"Dublin city, California","897","± 704"
"East Los Angeles CDP, California","1,726","± 686"
"Eastvale city, California","291","± 340"
"El Cajon city, California","1,349","± 807"
"Elk Grove city, California","908","± 635"
"El Monte city, California","977","± 569"
"Escondido city, California","1,452","± 694"
"Fairfield city, California","1,814","± 940"
"Folsom city, California","1,137","± 831"
"Fontana city, California","1,684","± 985"
"Fremont city, California","3,644","± 1,453"
"Fresno city, California","8,052","± 1,811"
"Fullerton city, California","1,740","± 965"
"Garden Grove city, California","2,189","± 996"
"Glendale city, California","4,877","± 1,440"
"Hawthorne city, California","1,260","± 674"
"Hayward city, California","2,660","± 1,002"
"Hemet city, California","3,364","± 1,329"
"Hesperia city, California","992","± 598"
"Huntington Beach city, California","5,314","± 1,821"
"Indio city, California","6,483","± 1,513"
"Inglewood city, California","2,735","± 1,046"
"Irvine city, California","6,723","± 2,457"
"Jurupa Valley city, California","509","± 430"
"Lake Elsinore city, California","497","± 431"
"Lake Forest city, California","739","± 594"
"Lakewood city, California","740","± 502"
"Lancaster city, California","3,037","± 985"
"Livermore city, California","288","± 304"
"Lodi city, California","1,785","± 968"
"Long Beach city, California","10,443","± 2,233"
"Los Angeles city, California","106,442","± 6,003"
"Lynwood city, California","513","± 384"
"Madera city, California","1,097","± 681"
"Manteca city, California","976","± 629"
"Menifee city, California","1,786","± 1,054"
"Merced city, California","1,909","± 789"
"Milpitas city, California","917","± 718"
"Mission Viejo city, California","1,515","± 870"
"Modesto city, California","1,202","± 761"
"Moreno Valley city, California","3,028","± 952"
"Mountain View city, California","3,051","± 1,362"
"Murrieta city, California","1,475","± 1,012"
"Napa city, California","2,648","± 1,028"
"Newport Beach city, California","7,620","± 1,992"
"Norwalk city, California","140","± 232"
"Oakland city, California","14,585","± 2,179"
"Oceanside city, California","4,978","± 1,309"
"Ontario city, California","2,105","± 931"
"Orange city, California","1,584","± 980"
"Oxnard city, California","3,754","± 1,320"
"Palmdale city, California","2,094","± 792"
"Palo Alto city, California","3,190","± 1,258"
"Pasadena city, California","6,559","± 1,723"
"Perris city, California","614","± 496"
"Pittsburg city, California","360","± 363"
"Pleasanton city, California","1,501","± 824"
"Pomona city, California","1,569","± 715"
"Rancho Cordova city, California","1,999","± 980"
"Rancho Cucamonga city, California","2,024","± 998"
"Redding city, California","4,960","± 1,515"
"Redlands city, California","1,524","± 884"
"Redondo Beach city, California","1,992","± 944"
"Redwood City city, California","1,508","± 757"
"Rialto city, California","584","± 437"
"Richmond city, California","1,746","± 1,021"
"Riverside city, California","4,974","± 1,734"
"Rocklin city, California","1,299","± 867"
"Roseville city, California","2,355","± 1,148"
"Sacramento city, California","12,904","± 1,934"
"Salinas city, California","1,409","± 851"
"San Bernardino city, California","2,460","± 734"
"San Buenaventura (Ventura) city, California","3,017","± 972"
"San Diego city, California","46,276","± 5,147"
"San Francisco city, California","48,213","± 4,822"
"San Jose city, California","14,231","± 2,633"
"San Leandro city, California","1,818","± 770"
"San Marcos city, California","919","± 663"
"San Mateo city, California","2,847","± 1,099"
"San Ramon city, California","409","± 503"
"Santa Ana city, California","2,780","± 1,050"
"Santa Barbara city, California","4,593","± 1,362"
"Santa Clara city, California","2,490","± 1,134"
"Santa Clarita city, California","1,052","± 674"
"Santa Maria city, California","1,336","± 892"
"Santa Monica city, California","5,093","± 1,540"
"Santa Rosa city, California","4,960","± 1,473"
"Simi Valley city, California","701","± 474"
"South Gate city, California","364","± 342"
"Stockton city, California","5,554","± 1,423"
"Sunnyvale city, California","2,340","± 1,221"
"Temecula city, California","948","± 641"
"Thousand Oaks city, California","1,070","± 754"
"Torrance city, California","3,929","± 1,236"
"Tracy city, California","1,820","± 729"
"Tulare city, California","906","± 638"
"Turlock city, California","514","± 401"
"Tustin city, California","1,003","± 705"
"Union City city, California","726","± 523"
"Upland city, California","945","± 661"
"Vacaville city, California","1,218","± 853"
"Vallejo city, California","2,374","± 949"
"Victorville city, California","3,333","± 1,103"
"Visalia city, California","1,849","± 979"
"Vista city, California","669","± 507"
"Walnut Creek city, California","1,562","± 815"
"West Covina city, California","1,426","± 840"
"Westminster city, California","338","± 430"
"Whittier city, California","1,754","± 895"
"Yorba Linda city, California","0","± 225"
"Yuba City city, California","1,578","± 818"
"Arvada city, Colorado","3,281","± 1,280"
"Aurora city, Colorado","6,966","± 1,873"
"Boulder city, Colorado","3,429","± 1,036"
"Broomfield city, Colorado","1,802","± 967"
"Castle Rock town, Colorado","1,087","± 646"
"Centennial city, Colorado","1,517","± 820"
"Colorado Springs city, Colorado","8,920","± 2,006"
"Commerce City city, Colorado","371","± 380"
"Denver city, Colorado","22,338","± 3,892"
"Fort Collins city, Colorado","3,044","± 1,242"
"Grand Junction city, Colorado","1,068","± 655"
"Greeley city, Colorado","2,376","± 1,142"
"Highlands Ranch CDP, Colorado","554","± 440"
"Lakewood city, Colorado","2,902","± 1,332"
"Longmont city, Colorado","1,236","± 877"
"Loveland city, Colorado","305","± 325"
"Parker town, Colorado","0","± 224"
"Pueblo city, Colorado","3,086","± 1,100"
"Thornton city, Colorado","2,302","± 968"
"Westminster city, Colorado","2,291","± 960"
"Bridgeport city, Connecticut","3,061","± 1,020"
"Danbury city, Connecticut","2,077","± 1,050"
"Hartford city, Connecticut","7,923","± 1,472"
"New Britain city, Connecticut","2,722","± 941"
"New Haven city, Connecticut","4,639","± 1,426"
"Norwalk city, Connecticut","1,639","± 855"
"Stamford city, Connecticut","2,855","± 1,032"
"Waterbury city, Connecticut","4,682","± 1,384"
"Wilmington city, Delaware","3,738","± 1,253"
"Washington city, District of Columbia","39,013","± 4,510"
"Alafaya CDP, Florida","1,103","± 737"
"Boca Raton city, Florida","8,158","± 1,931"
"Boynton Beach city, Florida","7,941","± 1,307"
"Brandon CDP, Florida","2,113","± 1,410"
"Cape Coral city, Florida","22,906","± 2,683"
"Clearwater city, Florida","11,290","± 1,989"
"Coral Springs city, Florida","2,082","± 969"
"Davie town, Florida","5,358","± 1,703"
"Daytona Beach city, Florida","8,150","± 1,732"
"Deerfield Beach city, Florida","9,438","± 2,405"
"Delray Beach city, Florida","7,822","± 1,852"
"Deltona city, Florida","2,636","± 988"
"Doral city, Florida","3,341","± 1,334"
"Fort Lauderdale city, Florida","20,545","± 2,978"
"Fort Myers city, Florida","9,049","± 1,800"
"Four Corners CDP, Florida","8,978","± 2,794"
"Gainesville city, Florida","2,815","± 1,381"
"Hialeah city, Florida","2,199","± 789"
"Hollywood city, Florida","9,210","± 1,986"
"Homestead city, Florida","2,390","± 1,043"
"Horizon West CDP, Florida","1,788","± 1,726"
"Jacksonville city, Florida","36,321","± 4,169"
"Kendall CDP, Florida","2,678","± 1,267"
"Kissimmee city, Florida","3,446","± 1,399"
"Lakeland city, Florida","6,321","± 1,495"
"Largo city, Florida","11,792","± 1,622"
"Lauderhill city, Florida","3,382","± 1,013"
"Lehigh Acres CDP, Florida","3,585","± 1,406"
"Melbourne city, Florida","3,563","± 1,430"
"Miami city, Florida","27,095","± 3,438"
"Miami Beach city, Florida","18,856","± 2,361"
"Miami Gardens city, Florida","2,062","± 791"
"Miramar city, Florida","684","± 522"
"North Port city, Florida","3,476","± 1,517"
"Ocala city, Florida","3,119","± 1,264"
"Orlando city, Florida","14,094","± 2,832"
"Palm Bay city, Florida","4,555","± 1,729"
"Palm Coast city, Florida","5,743","± 1,708"
"Pembroke Pines city, Florida","2,809","± 1,404"
"Pine Hills CDP, Florida","1,630","± 966"
"Plantation city, Florida","4,345","± 1,515"
"Poinciana CDP, Florida","3,875","± 1,308"
"Pompano Beach city, Florida","18,462","± 2,502"
"Port Charlotte CDP, Florida","7,059","± 2,004"
"Port Orange city, Florida","3,499","± 1,359"
"Port St. Lucie city, Florida","5,426","± 2,232"
"Riverview CDP, Florida","4,566","± 1,983"
"St. Cloud city, Florida","1,651","± 978"
"St. Petersburg city, Florida","17,955","± 2,723"
"Sanford city, Florida","2,602","± 1,139"
"Spring Hill CDP, Florida","2,866","± 1,492"
"Sunrise city, Florida","2,692","± 1,151"
"Tallahassee city, Florida","12,345","± 2,254"
"Tamarac city, Florida","1,927","± 905"
"Tampa city, Florida","18,125","± 2,693"
"The Villages CDP, Florida","8,194","± 2,940"
"Town 'n' Country CDP, Florida","2,707","± 1,351"
"Wesley Chapel CDP, Florida","3,955","± 1,667"
"Weston city, Florida","1,133","± 656"
"West Palm Beach city, Florida","8,979","± 1,914"
"Albany city, Georgia","7,108","± 1,702"
"Alpharetta city, Georgia","1,912","± 908"
"Athens-Clarke County unified government (balance), Georgia","4,981","± 1,490"
"Atlanta city, Georgia","40,467","± 4,199"
"Augusta-Richmond County consolidated government (balance), Georgia","12,579","± 2,208"
"Columbus city, Georgia","11,626","± 2,082"
"Johns Creek city, Georgia","1,401","± 651"
"Mableton city, Georgia","1,521","± 683"
"Macon-Bibb County, Georgia","11,569","± 1,903"
"Roswell city, Georgia","1,528","± 819"
"Sandy Springs city, Georgia","4,135","± 1,350"
"Savannah city, Georgia","12,993","± 2,049"
"South Fulton city, Georgia","5,199","± 1,489"
"Warner Robins city, Georgia","3,629","± 1,363"
"Urban Honolulu CDP, Hawaii","23,973","± 2,813"
"Boise City city, Idaho","5,351","± 1,598"
"Caldwell city, Idaho","1,015","± 707"
"Idaho Falls city, Idaho","2,647","± 1,181"
"Meridian city, Idaho","1,758","± 950"
"Nampa city, Idaho","2,139","± 986"
"Arlington Heights village, Illinois","798","± 696"
"Aurora city, Illinois","1,149","± 675"
"Bloomington city, Illinois","1,179","± 608"
"Bolingbrook village, Illinois","391","± 360"
"Champaign city, Illinois","2,730","± 1,136"
"Chicago city, Illinois","109,793","± 6,708"
"Cicero town, Illinois","2,529","± 785"
"Decatur city, Illinois","4,660","± 1,147"
"Elgin city, Illinois","1,332","± 853"
"Evanston city, Illinois","1,622","± 963"
"Joliet city, Illinois","2,551","± 950"
"Naperville city, Illinois","2,018","± 1,071"
"Palatine village, Illinois","615","± 463"
"Peoria city, Illinois","4,165","± 1,346"
"Rockford city, Illinois","4,266","± 1,134"
"Schaumburg village, Illinois","1,519","± 876"
"Skokie village, Illinois","793","± 581"
"Springfield city, Illinois","6,280","± 1,622"
"Waukegan city, Illinois","1,218","± 644"
"Bloomington city, Indiana","3,638","± 1,269"
"Carmel city, Indiana","2,575","± 1,130"
"Evansville city, Indiana","5,211","± 1,560"
"Fishers city, Indiana","1,988","± 1,302"
"Fort Wayne city, Indiana","8,330","± 1,650"
"Gary city, Indiana","10,485","± 1,508"
"Greenwood city, Indiana","2,153","± 1,226"
"Hammond city, Indiana","3,078","± 1,120"
"Indianapolis city (balance), Indiana","34,682","± 4,059"
"Lafayette city, Indiana","1,193","± 767"
"Muncie city, Indiana","4,634","± 1,386"
"Noblesville city, Indiana","1,290","± 1,038"
"South Bend city, Indiana","7,410","± 1,534"
"Ames city, Iowa","1,873","± 905"
"Ankeny city, Iowa","2,402","± 1,449"
"Cedar Rapids city, Iowa","5,604","± 1,521"
"Davenport city, Iowa","3,351","± 1,056"
"Des Moines city, Iowa","7,598","± 1,945"
"Iowa City city, Iowa","2,015","± 1,048"
"Sioux City city, Iowa","2,254","± 1,006"
"Waterloo city, Iowa","2,453","± 952"
"West Des Moines city, Iowa","1,732","± 966"
"Kansas City city, Kansas","6,017","± 1,308"
"Lawrence city, Kansas","2,497","± 1,311"
"Olathe city, Kansas","1,484","± 747"
"Overland Park city, Kansas","3,465","± 1,328"
"Shawnee city, Kansas","1,333","± 855"
"Topeka city, Kansas","2,416","± 1,018"
"Wichita city, Kansas","16,742","± 2,751"
"Bowling Green city, Kentucky","3,102","± 1,328"
"Lexington-Fayette urban county, Kentucky","8,325","± 2,237"
"Louisville/Jefferson County metro government (balance), Kentucky","26,053","± 3,060"
"Baton Rouge city, Louisiana","20,242","± 2,630"
"Kenner city, Louisiana","1,645","± 807"
"Lafayette city, Louisiana","6,679","± 1,719"
"Lake Charles city, Louisiana","8,525","± 1,613"
"Metairie CDP, Louisiana","5,384","± 1,606"
"New Orleans city, Louisiana","39,371","± 3,003"
"Shreveport city, Louisiana","12,674","± 2,035"
"Portland city, Maine","4,127","± 1,261"
"Baltimore city, Maryland","31,573","± 3,456"
"Bethesda CDP, Maryland","1,579","± 772"
"Columbia CDP, Maryland","1,407","± 1,004"
"Ellicott City CDP, Maryland","442","± 547"
"Frederick city, Maryland","2,513","± 1,066"
"Gaithersburg city, Maryland","2,087","± 1,016"
"Germantown CDP, Maryland","804","± 609"
"Glen Burnie CDP, Maryland","1,879","± 907"
"Rockville city, Maryland","1,337","± 854"
"Silver Spring CDP, Maryland","2,948","± 1,511"
"Waldorf CDP, Maryland","1,523","± 886"
"Boston city, Massachusetts","23,033","± 3,309"
"Brockton city, Massachusetts","1,203","± 577"
"Cambridge city, Massachusetts","5,852","± 1,720"
"Fall River city, Massachusetts","3,377","± 1,099"
"Framingham city, Massachusetts","1,584","± 1,004"
"Haverhill city, Massachusetts","1,878","± 862"
"Lawrence city, Massachusetts","865","± 557"
"Lowell city, Massachusetts","1,522","± 702"
"Lynn city, Massachusetts","1,692","± 849"
"Malden city, Massachusetts","2,078","± 1,106"
"New Bedford city, Massachusetts","1,920","± 860"
"Newton city, Massachusetts","1,742","± 863"
"Quincy city, Massachusetts","2,147","± 1,354"
"Somerville city, Massachusetts","1,399","± 754"
"Springfield city, Massachusetts","4,035","± 1,224"
"Waltham city, Massachusetts","1,233","± 833"
"Worcester city, Massachusetts","6,607","± 1,619"
"Ann Arbor city, Michigan","4,776","± 1,467"
"Dearborn city, Michigan","1,657","± 914"
"Detroit city, Michigan","75,601","± 3,281"
"Farmington Hills city, Michigan","3,622","± 1,225"
"Flint city, Michigan","8,554","± 1,315"
"Grand Rapids city, Michigan","4,636","± 1,655"
"Kalamazoo city, Michigan","2,816","± 1,080"
"Lansing city, Michigan","4,405","± 1,375"
"Livonia city, Michigan","1,908","± 975"
"Novi city, Michigan","1,216","± 846"
"Rochester Hills city, Michigan","1,834","± 928"
"Southfield city, Michigan","4,996","± 1,669"
"Sterling Heights city, Michigan","1,349","± 842"
"Troy city, Michigan","1,866","± 901"
"Warren city, Michigan","2,360","± 936"
"Westland city, Michigan","2,821","± 1,238"
"Wyoming city, Michigan","144","± 237"
"Blaine city, Minnesota","1,156","± 685"
"Bloomington city, Minnesota","1,427","± 882"
"Brooklyn Park city, Minnesota","1,024","± 698"
"Duluth city, Minnesota","1,949","± 837"
"Eagan city, Minnesota","768","± 535"
"Lakeville city, Minnesota","648","± 593"
"Maple Grove city, Minnesota","419","± 413"
"Minneapolis city, Minnesota","21,675","± 3,203"
"Plymouth city, Minnesota","1,496","± 828"
"Rochester city, Minnesota","4,297","± 1,549"
"St. Cloud city, Minnesota","1,819","± 814"
"St. Paul city, Minnesota","7,338","± 1,832"
"Woodbury city, Minnesota","1,560","± 987"
"Gulfport city, Mississippi","5,463","± 1,207"
"Jackson city, Mississippi","14,279","± 1,855"
"Columbia city, Missouri","2,879","± 1,162"
"Independence city, Missouri","5,782","± 1,464"
"Kansas City city, Missouri","24,296","± 3,062"
"Lee's Summit city, Missouri","1,155","± 727"
"O'Fallon city, Missouri","1,427","± 960"
"St. Charles city, Missouri","2,147","± 1,186"
"St. Joseph city, Missouri","5,113","± 1,399"
"St. Louis city, Missouri","26,057","± 2,631"
"Springfield city, Missouri","8,450","± 1,895"
"Billings city, Montana","3,270","± 1,288"
"Missoula city, Montana","2,334","± 1,110"
"Lincoln city, Nebraska","5,897","± 1,782"
"Omaha city, Nebraska","12,050","± 2,212"
"Enterprise CDP, Nevada","6,017","± 1,711"
"Henderson city, Nevada","7,790","± 2,181"
"Las Vegas city, Nevada","23,106","± 3,107"
"North Las Vegas city, Nevada","4,824","± 1,223"
"Paradise CDP, Nevada","16,125","± 2,224"
"Reno city, Nevada","11,459","± 2,186"
"Sparks city, Nevada","2,631","± 1,035"
"Spring Valley CDP, Nevada","6,896","± 1,668"
"Sunrise Manor CDP, Nevada","6,669","± 1,562"
"Manchester city, New Hampshire","3,240","± 1,241"
"Nashua city, New Hampshire","1,522","± 1,034"
"Bayonne city, New Jersey","1,912","± 883"
"Camden city, New Jersey","2,838","± 949"
"Clifton city, New Jersey","1,138","± 813"
"East Orange city, New Jersey","1,714","± 882"
"Elizabeth city, New Jersey","2,751","± 865"
"Jersey City city, New Jersey","10,499","± 2,211"
"Lakewood CDP, New Jersey","1,138","± 823"
"Newark city, New Jersey","10,973","± 1,691"
"Passaic city, New Jersey","793","± 485"
"Paterson city, New Jersey","2,724","± 822"
"Toms River CDP, New Jersey","3,587","± 1,156"
"Trenton city, New Jersey","1,613","± 705"
"Union City city, New Jersey","1,402","± 716"
"Albuquerque city, New Mexico","18,160","± 2,769"
"Las Cruces city, New Mexico","3,504","± 1,240"
"Rio Rancho city, New Mexico","2,043","± 1,266"
"Santa Fe city, New Mexico","5,389","± 1,316"
"Albany city, New York","3,915","± 1,087"
"Buffalo city, New York","16,913","± 2,497"
"Cheektowaga CDP, New York","2,041","± 872"
"Mount Vernon city, New York","2,111","± 868"
"New Rochelle city, New York","724","± 587"
"New York city, New York","357,981","± 13,584"
"Rochester city, New York","12,687","± 2,156"
"Schenectady city, New York","1,576","± 773"
"Syracuse city, New York","7,761","± 1,495"
"Yonkers city, New York","4,707","± 1,387"
"Apex town, North Carolina","1,263","± 762"
"Asheville city, North Carolina","16,757","± 2,429"
"Cary town, North Carolina","2,097","± 1,111"
"Charlotte city, North Carolina","34,701","± 4,382"
"Concord city, North Carolina","2,988","± 1,420"
"Durham city, North Carolina","12,931","± 2,705"
"Fayetteville city, North Carolina","9,801","± 1,147"
"Gastonia city, North Carolina","4,234","± 1,252"
"Greensboro city, North Carolina","9,549","± 1,973"
"Greenville city, North Carolina","5,777","± 1,564"
"High Point city, North Carolina","2,853","± 1,116"
"Huntersville town, North Carolina","786","± 619"
"Jacksonville city, North Carolina","1,831","± 918"
"Raleigh city, North Carolina","15,746","± 2,886"
"Wilmington city, North Carolina","5,655","± 1,461"
"Winston-Salem city, North Carolina","7,581","± 1,863"
"Bismarck city, North Dakota","1,518","± 965"
"Fargo city, North Dakota","1,289","± 717"
"Akron city, Ohio","7,910","± 1,735"
"Canton city, Ohio","3,938","± 1,326"
"Cincinnati city, Ohio","14,971","± 2,415"
"Cleveland city, Ohio","33,423","± 2,988"
"Columbus city, Ohio","39,902","± 4,475"
"Dayton city, Ohio","13,290","± 1,995"
"Lorain city, Ohio","3,353","± 1,278"
"Parma city, Ohio","1,627","± 980"
"Toledo city, Ohio","12,931","± 2,015"
"Broken Arrow city, Oklahoma","2,594","± 641"
"Edmond city, Oklahoma","3,271","± 1,220"
"Lawton city, Oklahoma","6,300","± 735"
"Norman city, Oklahoma","2,331","± 952"
"Oklahoma City city, Oklahoma","23,944","± 2,977"
"Tulsa city, Oklahoma","17,160","± 1,291"
"Beaverton city, Oregon","1,897","± 848"
"Bend city, Oregon","4,035","± 1,619"
"Eugene city, Oregon","5,385","± 1,504"
"Gresham city, Oregon","1,578","± 974"
"Hillsboro city, Oregon","2,521","± 1,209"
"Medford city, Oregon","2,335","± 949"
"Portland city, Oregon","21,480","± 3,043"
"Salem city, Oregon","5,143","± 1,672"
"Allentown city, Pennsylvania","4,213","± 1,347"
"Bethlehem city, Pennsylvania","1,600","± 893"
"Erie city, Pennsylvania","4,445","± 1,193"
"Philadelphia city, Pennsylvania","60,881","± 5,310"
"Pittsburgh city, Pennsylvania","24,916","± 3,109"
"Reading city, Pennsylvania","2,074","± 967"
"Scranton city, Pennsylvania","5,764","± 1,331"
"Cranston city, Rhode Island","1,951","± 909"
"Pawtucket city, Rhode Island","1,118","± 687"
"Providence city, Rhode Island","7,277","± 1,802"
"Warwick city, Rhode Island","1,278","± 783"
"Charleston city, South Carolina","9,218","± 2,364"
"Columbia city, South Carolina","8,128","± 1,451"
"Greenville city, South Carolina","3,507","± 1,178"
"Mount Pleasant town, South Carolina","3,101","± 1,242"
"North Charleston city, South Carolina","6,692","± 1,782"
"Rock Hill city, South Carolina","3,004","± 1,136"
"Rapid City city, South Dakota","3,557","± 1,240"
"Sioux Falls city, South Dakota","4,561","± 1,545"
"Chattanooga city, Tennessee","7,269","± 1,603"
"Clarksville city, Tennessee","3,784","± 1,370"
"Franklin city, Tennessee","3,058","± 1,124"
"Jackson city, Tennessee","1,107","± 660"
"Johnson City city, Tennessee","2,212","± 1,237"
"Knoxville city, Tennessee","9,507","± 1,872"
"Memphis city, Tennessee","40,929","± 3,418"
"Murfreesboro city, Tennessee","7,636","± 2,466"
"Nashville-Davidson metropolitan government (balance), Tennessee","38,734","± 4,354"
"Abilene city, Texas","7,240","± 1,542"
"Allen city, Texas","1,500","± 995"
"Amarillo city, Texas","8,602","± 1,788"
"Arlington city, Texas","12,762","± 2,457"
"Atascocita CDP, Texas","1,948","± 1,430"
"Austin city, Texas","34,024","± 4,504"
"Baytown city, Texas","3,996","± 1,174"
"Beaumont city, Texas","7,905","± 1,759"
"Brownsville city, Texas","3,478","± 898"
"Bryan city, Texas","3,126","± 1,129"
"Carrollton city, Texas","2,974","± 1,172"
"Cedar Park city, Texas","592","± 473"
"College Station city, Texas","4,466","± 1,329"
"Conroe city, Texas","3,770","± 1,450"
"Corpus Christi city, Texas","17,735","± 2,687"
"Dallas city, Texas","62,645","± 4,804"
"Denton city, Texas","4,535","± 1,784"
"Edinburg city, Texas","3,829","± 1,217"
"El Paso city, Texas","21,199","± 3,006"
"Flower Mound town, Texas","920","± 776"
"Fort Worth city, Texas","35,224","± 3,849"
"Frisco city, Texas","1,878","± 1,073"
"Garland city, Texas","4,992","± 1,607"
"Georgetown city, Texas","2,569","± 1,349"
"Grand Prairie city, Texas","4,431","± 1,208"
"Harlingen city, Texas","3,208","± 834"
"Houston city, Texas","127,220","± 6,464"
"Irving city, Texas","10,253","± 2,036"
"Killeen city, Texas","6,280","± 1,388"
"Kyle city, Texas","849","± 728"
"Laredo city, Texas","6,730","± 1,455"
"League City city, Texas","3,064","± 1,295"
"Leander city, Texas","1,040","± 796"
"Lewisville city, Texas","2,016","± 1,052"
"Longview city, Texas","2,079","± 851"
"Lubbock city, Texas","14,642","± 2,488"
"McAllen city, Texas","7,175","± 1,323"
"McKinney city, Texas","3,306","± 1,648"
"Mansfield city, Texas","1,827","± 1,067"
"Mesquite city, Texas","3,361","± 1,109"
"Midland city, Texas","4,226","± 1,547"
"Mission city, Texas","4,949","± 1,400"
"Missouri City city, Texas","2,209","± 1,210"
"New Braunfels city, Texas","4,757","± 1,665"
"North Richland Hills city, Texas","1,262","± 784"
"Odessa city, Texas","1,672","± 904"
"Pasadena city, Texas","3,319","± 946"
"Pearland city, Texas","3,453","± 1,540"
"Pflugerville city, Texas","1,313","± 963"
"Pharr city, Texas","2,633","± 843"
"Plano city, Texas","4,720","± 1,343"
"Richardson city, Texas","1,482","± 788"
"Round Rock city, Texas","4,341","± 1,427"
"Rowlett city, Texas","968","± 753"
"San Angelo city, Texas","2,786","± 1,149"
"San Antonio city, Texas","60,181","± 5,785"
"San Marcos city, Texas","3,330","± 1,211"
"Spring CDP, Texas","1,208","± 786"
"Sugar Land city, Texas","1,577","± 986"
"Temple city, Texas","2,595","± 1,260"
"The Woodlands CDP, Texas","2,254","± 1,139"
"Tyler city, Texas","4,855","± 1,333"
"Victoria city, Texas","3,368","± 1,084"
"Waco city, Texas","5,940","± 1,526"
"Wichita Falls city, Texas","5,473","± 1,218"
"Layton city, Utah","2,311","± 1,198"
"Lehi city, Utah","429","± 547"
"Ogden city, Utah","3,170","± 1,131"
"Orem city, Utah","1,689","± 976"
"Provo city, Utah","1,955","± 931"
"St. George city, Utah","5,825","± 1,672"
"Salt Lake City city, Utah","8,713","± 2,357"
"Sandy city, Utah","991","± 682"
"South Jordan city, Utah","1,011","± 770"
"West Jordan city, Utah","246","± 285"
"West Valley City city, Utah","1,905","± 976"
"Alexandria city, Virginia","2,648","± 1,179"
"Arlington CDP, Virginia","11,316","± 2,441"
"Centreville CDP, Virginia","414","± 402"
"Chesapeake city, Virginia","2,891","± 1,195"
"Dale City CDP, Virginia","761","± 717"
"Hampton city, Virginia","4,608","± 1,241"
"Lynchburg city, Virginia","5,109","± 1,298"
"Newport News city, Virginia","6,050","± 1,712"
"Norfolk city, Virginia","10,967","± 2,004"
"Portsmouth city, Virginia","3,025","± 1,119"
"Reston CDP, Virginia","2,100","± 1,183"
"Richmond city, Virginia","8,521","± 1,946"
"Roanoke city, Virginia","6,483","± 1,840"
"Suffolk city, Virginia","3,159","± 1,067"
"Virginia Beach city, Virginia","12,478","± 2,295"
"Auburn city, Washington","1,172","± 782"
"Bellevue city, Washington","4,527","± 1,949"
"Bellingham city, Washington","2,167","± 975"
"Everett city, Washington","2,282","± 1,162"
"Federal Way city, Washington","1,189","± 663"
"Kennewick city, Washington","2,000","± 938"
"Kent city, Washington","3,345","± 1,273"
"Kirkland city, Washington","2,529","± 1,226"
"Marysville city, Washington","512","± 400"
"Pasco city, Washington","999","± 631"
"Redmond city, Washington","2,402","± 1,109"
"Renton city, Washington","1,384","± 801"
"Sammamish city, Washington","527","± 534"
"Seattle city, Washington","27,973","± 3,903"
"Shoreline city, Washington","898","± 759"
"South Hill CDP, Washington","510","± 478"
"Spokane city, Washington","5,518","± 1,708"
"Spokane Valley city, Washington","2,512","± 1,098"
"Tacoma city, Washington","4,513","± 1,465"
"Vancouver city, Washington","4,542","± 1,577"
"Yakima city, Washington","1,628","± 898"
"Appleton city, Wisconsin","1,656","± 886"
"Eau Claire city, Wisconsin","779","± 528"
"Green Bay city, Wisconsin","3,132","± 1,067"
"Janesville city, Wisconsin","1,019","± 624"
"Kenosha city, Wisconsin","1,018","± 672"
"Madison city, Wisconsin","7,912","± 2,270"
"Milwaukee city, Wisconsin","25,146","± 2,760"
"Oshkosh city, Wisconsin","1,254","± 728"
"Racine city, Wisconsin","2,480","± 1,072"
"Waukesha city, Wisconsin","725","± 582"
"Cheyenne city, Wyoming","660","± 576"
"Bayamón zona urbana, Puerto Rico","13,094","± 1,735"
"Caguas zona urbana, Puerto Rico","11,638","± 1,477"
"Carolina zona urbana, Puerto Rico","15,864","± 1,864"
"Guaynabo zona urbana, Puerto Rico","4,530","± 973"
"Ponce zona urbana, Puerto Rico","11,105","± 1,373"
"San Juan zona urbana, Puerto Rico","52,464","± 3,440"