"Geographic Area Name","Occupied (2021)","MoE"
"Auburn city, Alabama","29,136","± 1,766"
"Birmingham city, Alabama","87,570","± 3,579"
"Dothan city, Alabama","30,301","± 1,019"
"Hoover city, Alabama","36,721","± 2,222"
"Huntsville city, Alabama","96,551","± 2,703"
"Mobile city, Alabama","77,991","± 3,003"
"Montgomery city, Alabama","81,529","± 2,059"
"Tuscaloosa city, Alabama","39,266","± 2,801"
"Anchorage municipality, Alaska","109,584","± 2,068"
"Avondale city, Arizona","26,611","± 1,944"
"Buckeye city, Arizona","30,913","± 2,250"
"Casas Adobes CDP, Arizona","31,869","± 1,995"
"Chandler city, Arizona","107,668","± 2,846"
"Flagstaff city, Arizona","29,435","± 1,984"
"Gilbert town, Arizona","93,472","± 2,773"
"Glendale city, Arizona","90,604","± 2,635"
"Goodyear city, Arizona","33,130","± 2,366"
"Mesa city, Arizona","199,112","± 5,108"
"Peoria city, Arizona","75,479","± 3,016"
"Phoenix city, Arizona","602,039","± 7,755"
"Queen Creek town, Arizona","20,981","± 1,394"
"San Tan Valley CDP, Arizona","31,781","± 2,994"
"Scottsdale city, Arizona","119,122","± 3,184"
"Surprise city, Arizona","55,339","± 2,555"
"Tempe city, Arizona","77,306","± 2,767"
"Tucson city, Arizona","223,068","± 4,966"
"Yuma city, Arizona","36,530","± 1,990"
"Conway city, Arkansas","25,251","± 1,367"
"Fayetteville city, Arkansas","40,104","± 2,038"
"Fort Smith city, Arkansas","36,390","± 1,736"
"Jonesboro city, Arkansas","30,432","± 1,539"
"Little Rock city, Arkansas","89,422","± 3,112"
"Rogers city, Arkansas","25,872","± 1,604"
"Springdale city, Arkansas","28,942","± 1,853"
"Alameda city, California","30,281","± 1,690"
"Alhambra city, California","29,022","± 1,387"
"Anaheim city, California","105,608","± 2,960"
"Antioch city, California","37,081","± 2,028"
"Apple Valley town, California","24,657","± 2,189"
"Arden-Arcade CDP, California","40,688","± 2,610"
"Bakersfield city, California","128,007","± 3,362"
"Baldwin Park city, California","19,112","± 1,001"
"Bellflower city, California","24,327","± 1,432"
"Berkeley city, California","43,893","± 2,924"
"Buena Park city, California","24,306","± 1,577"
"Burbank city, California","44,471","± 2,547"
"Camarillo city, California","27,588","± 1,842"
"Carlsbad city, California","48,098","± 2,556"
"Carmichael CDP, California","32,172","± 2,628"
"Carson city, California","25,743","± 2,494"
"Castro Valley CDP, California","23,103","± 1,988"
"Chico city, California","40,956","± 1,981"
"Chino city, California","26,774","± 1,403"
"Chino Hills city, California","25,703","± 1,043"
"Chula Vista city, California","83,451","± 3,016"
"Citrus Heights city, California","34,140","± 2,399"
"Clovis city, California","38,762","± 1,794"
"Compton city, California","28,820","± 1,936"
"Concord city, California","46,375","± 2,202"
"Corona city, California","48,905","± 2,248"
"Costa Mesa city, California","43,711","± 2,185"
"Daly City city, California","32,887","± 2,236"
"Davis city, California","25,316","± 1,393"
"Downey city, California","36,008","± 1,974"
"Dublin city, California","23,688","± 1,118"
"East Los Angeles CDP, California","31,072","± 1,843"
"Eastvale city, California","18,470","± 1,537"
"El Cajon city, California","34,443","± 2,301"
"Elk Grove city, California","53,724","± 1,751"
"El Monte city, California","29,036","± 1,274"
"Escondido city, California","50,171","± 2,136"
"Fairfield city, California","38,097","± 1,931"
"Folsom city, California","28,441","± 2,585"
"Fontana city, California","57,836","± 2,317"
"Fremont city, California","75,716","± 2,266"
"Fresno city, California","181,841","± 3,453"
"Fullerton city, California","48,423","± 2,126"
"Garden Grove city, California","48,769","± 2,372"
"Glendale city, California","70,831","± 2,424"
"Hawthorne city, California","30,039","± 1,607"
"Hayward city, California","48,619","± 2,074"
"Hemet city, California","33,486","± 2,524"
"Hesperia city, California","29,237","± 2,000"
"Huntington Beach city, California","79,930","± 2,427"
"Indio city, California","34,673","± 2,190"
"Inglewood city, California","37,972","± 2,174"
"Irvine city, California","111,648","± 4,947"
"Jurupa Valley city, California","27,454","± 1,690"
"Lake Elsinore city, California","21,422","± 1,596"
"Lake Forest city, California","30,962","± 1,532"
"Lakewood city, California","26,533","± 1,456"
"Lancaster city, California","51,333","± 2,465"
"Livermore city, California","31,472","± 1,860"
"Lodi city, California","24,245","± 1,386"
"Long Beach city, California","172,599","± 4,170"
"Los Angeles city, California","1,410,594","± 11,177"
"Lynwood city, California","16,079","± 1,126"
"Madera city, California","18,595","± 1,546"
"Manteca city, California","27,310","± 1,852"
"Menifee city, California","35,601","± 2,307"
"Merced city, California","28,358","± 1,601"
"Milpitas city, California","23,632","± 968"
"Mission Viejo city, California","34,168","± 1,755"
"Modesto city, California","71,775","± 2,610"
"Moreno Valley city, California","54,104","± 2,508"
"Mountain View city, California","34,637","± 1,610"
"Murrieta city, California","34,414","± 2,086"
"Napa city, California","30,418","± 1,079"
"Newport Beach city, California","39,131","± 1,939"
"Norwalk city, California","26,506","± 1,316"
"Oakland city, California","170,366","± 3,740"
"Oceanside city, California","59,683","± 2,566"
"Ontario city, California","55,819","± 2,305"
"Orange city, California","43,291","± 1,660"
"Oxnard city, California","50,611","± 2,120"
"Palmdale city, California","46,650","± 1,796"
"Palo Alto city, California","24,501","± 1,572"
"Pasadena city, California","56,992","± 2,750"
"Perris city, California","19,923","± 1,482"
"Pittsburg city, California","23,827","± 1,587"
"Pleasanton city, California","29,330","± 1,365"
"Pomona city, California","40,142","± 1,611"
"Rancho Cordova city, California","28,428","± 1,541"
"Rancho Cucamonga city, California","57,290","± 2,592"
"Redding city, California","37,302","± 1,712"
"Redlands city, California","24,452","± 2,435"
"Redondo Beach city, California","26,986","± 2,898"
"Redwood City city, California","29,450","± 1,631"
"Rialto city, California","29,043","± 1,566"
"Richmond city, California","40,019","± 2,362"
"Riverside city, California","91,110","± 2,861"
"Rocklin city, California","25,528","± 1,242"
"Roseville city, California","57,569","± 2,030"
"Sacramento city, California","202,093","± 4,080"
"Salinas city, California","41,871","± 1,723"
"San Bernardino city, California","63,331","± 2,869"
"San Buenaventura (Ventura) city, California","42,288","± 2,203"
"San Diego city, California","521,000","± 7,487"
"San Francisco city, California","350,796","± 5,380"
"San Jose city, California","322,881","± 4,593"
"San Leandro city, California","30,977","± 2,037"
"San Marcos city, California","34,037","± 1,886"
"San Mateo city, California","39,340","± 1,879"
"San Ramon city, California","29,662","± 1,454"
"Santa Ana city, California","78,674","± 2,355"
"Santa Barbara city, California","35,676","± 1,921"
"Santa Clara city, California","49,011","± 2,041"
"Santa Clarita city, California","73,509","± 2,654"
"Santa Maria city, California","30,316","± 1,903"
"Santa Monica city, California","45,541","± 2,714"
"Santa Rosa city, California","68,686","± 2,661"
"Simi Valley city, California","45,308","± 2,119"
"South Gate city, California","24,891","± 1,291"
"Stockton city, California","97,447","± 2,854"
"Sunnyvale city, California","59,567","± 2,373"
"Temecula city, California","34,958","± 1,968"
"Thousand Oaks city, California","45,081","± 2,060"
"Torrance city, California","57,584","± 2,214"
"Tracy city, California","28,353","± 1,780"
"Tulare city, California","20,974","± 1,514"
"Turlock city, California","24,885","± 2,052"
"Tustin city, California","26,762","± 1,670"
"Union City city, California","21,637","± 1,513"
"Upland city, California","26,052","± 1,377"
"Vacaville city, California","33,777","± 1,798"
"Vallejo city, California","43,906","± 1,958"
"Victorville city, California","38,400","± 2,301"
"Visalia city, California","47,660","± 2,109"
"Vista city, California","30,614","± 1,908"
"Walnut Creek city, California","31,035","± 1,730"
"West Covina city, California","32,012","± 1,381"
"Westminster city, California","27,935","± 1,706"
"Whittier city, California","27,773","± 1,491"
"Yorba Linda city, California","24,098","± 1,277"
"Yuba City city, California","24,176","± 1,045"
"Arvada city, Colorado","50,678","± 1,834"
"Aurora city, Colorado","140,003","± 3,153"
"Boulder city, Colorado","42,376","± 1,756"
"Broomfield city, Colorado","30,161","± 866"
"Castle Rock town, Colorado","27,249","± 1,447"
"Centennial city, Colorado","39,660","± 1,502"
"Colorado Springs city, Colorado","197,542","± 3,531"
"Denver city, Colorado","326,634","± 3,286"
"Fort Collins city, Colorado","70,686","± 2,607"
"Grand Junction city, Colorado","28,352","± 1,484"
"Greeley city, Colorado","38,381","± 1,848"
"Highlands Ranch CDP, Colorado","38,117","± 2,015"
"Lakewood city, Colorado","70,751","± 2,314"
"Longmont city, Colorado","43,519","± 2,270"
"Loveland city, Colorado","35,803","± 1,805"
"Pueblo city, Colorado","47,901","± 1,462"
"Thornton city, Colorado","48,263","± 2,085"
"Westminster city, Colorado","47,797","± 1,683"
"Bridgeport city, Connecticut","57,732","± 2,508"
"Danbury city, Connecticut","33,024","± 2,385"
"Hartford city, Connecticut","45,491","± 2,145"
"New Britain city, Connecticut","28,450","± 1,895"
"New Haven city, Connecticut","56,373","± 2,781"
"Norwalk city, Connecticut","36,847","± 1,986"
"Stamford city, Connecticut","52,816","± 2,442"
"Waterbury city, Connecticut","45,008","± 2,267"
"Wilmington city, Delaware","32,049","± 1,721"
"Washington city, District of Columbia","319,565","± 3,541"
"Alafaya CDP, Florida","32,823","± 3,660"
"Boca Raton city, Florida","41,318","± 2,438"
"Boynton Beach city, Florida","33,201","± 2,475"
"Brandon CDP, Florida","46,925","± 2,955"
"Cape Coral city, Florida","79,845","± 3,478"
"Clearwater city, Florida","49,486","± 2,370"
"Coral Springs city, Florida","44,417","± 2,501"
"Davie town, Florida","39,061","± 2,136"
"Daytona Beach city, Florida","34,721","± 2,166"
"Deerfield Beach city, Florida","39,934","± 2,819"
"Delray Beach city, Florida","30,472","± 1,976"
"Deltona city, Florida","35,384","± 1,954"
"Doral city, Florida","25,419","± 1,388"
"Fort Lauderdale city, Florida","83,021","± 3,458"
"Fort Myers city, Florida","37,323","± 2,758"
"Gainesville city, Florida","56,513","± 2,979"
"Hialeah city, Florida","75,692","± 2,668"
"Hollywood city, Florida","61,598","± 2,656"
"Homestead city, Florida","27,094","± 2,439"
"Horizon West CDP, Florida","21,444","± 3,330"
"Jacksonville city, Florida","386,283","± 5,159"
"Kendall CDP, Florida","33,184","± 2,876"
"Kissimmee city, Florida","25,999","± 2,153"
"Lakeland city, Florida","45,548","± 2,408"
"Largo city, Florida","36,493","± 2,614"
"Lauderhill city, Florida","26,555","± 1,922"
"Lehigh Acres CDP, Florida","40,295","± 2,698"
"Melbourne city, Florida","36,651","± 2,163"
"Miami city, Florida","192,219","± 4,587"
"Miami Beach city, Florida","40,788","± 2,380"
"Miami Gardens city, Florida","34,332","± 2,277"
"Miramar city, Florida","42,707","± 2,353"
"North Port city, Florida","30,622","± 2,583"
"Orlando city, Florida","130,037","± 4,859"
"Palm Bay city, Florida","45,145","± 2,508"
"Palm Coast city, Florida","36,896","± 1,796"
"Pembroke Pines city, Florida","64,378","± 2,778"
"Pine Hills CDP, Florida","25,752","± 2,018"
"Plantation city, Florida","36,564","± 2,260"
"Poinciana CDP, Florida","21,402","± 3,477"
"Pompano Beach city, Florida","48,363","± 3,094"
"Port Charlotte CDP, Florida","29,120","± 2,270"
"Port St. Lucie city, Florida","77,190","± 3,814"
"Riverview CDP, Florida","40,114","± 3,099"
"St. Petersburg city, Florida","111,349","± 3,294"
"Spring Hill CDP, Florida","46,360","± 1,910"
"Sunrise city, Florida","35,166","± 2,542"
"Tallahassee city, Florida","84,920","± 2,439"
"Tamarac city, Florida","29,065","± 2,151"
"Tampa city, Florida","159,925","± 3,676"
"The Villages CDP, Florida","47,527","± 2,284"
"Town 'n' Country CDP, Florida","35,155","± 3,216"
"Wesley Chapel CDP, Florida","23,868","± 2,211"
"Weston city, Florida","20,227","± 1,187"
"West Palm Beach city, Florida","50,409","± 3,049"
"Albany city, Georgia","27,357","± 1,393"
"Alpharetta city, Georgia","25,457","± 1,412"
"Athens-Clarke County unified government (balance), Georgia","54,438","± 1,800"
"Atlanta city, Georgia","232,720","± 5,791"
"Augusta-Richmond County consolidated government (balance), Georgia","72,760","± 2,955"
"Columbus city, Georgia","82,663","± 2,071"
"Johns Creek city, Georgia","29,256","± 1,869"
"Macon-Bibb County, Georgia","57,677","± 2,209"
"Roswell city, Georgia","37,044","± 2,493"
"Sandy Springs city, Georgia","52,487","± 2,911"
"Savannah city, Georgia","59,612","± 2,941"
"South Fulton city, Georgia","41,405","± 3,386"
"Warner Robins city, Georgia","30,701","± 2,007"
"Urban Honolulu CDP, Hawaii","138,398","± 3,000"
"Boise City city, Idaho","99,250","± 2,833"
"Idaho Falls city, Idaho","24,257","± 1,357"
"Meridian city, Idaho","47,825","± 2,803"
"Nampa city, Idaho","37,666","± 1,985"
"Arlington Heights village, Illinois","31,415","± 1,814"
"Aurora city, Illinois","62,379","± 2,814"
"Bloomington city, Illinois","33,803","± 1,342"
"Bolingbrook village, Illinois","24,600","± 1,629"
"Champaign city, Illinois","37,423","± 2,166"
"Chicago city, Illinois","1,139,537","± 10,546"
"Cicero town, Illinois","24,737","± 2,001"
"Decatur city, Illinois","32,087","± 1,284"
"Elgin city, Illinois","40,585","± 1,883"
"Evanston city, Illinois","31,157","± 2,007"
"Joliet city, Illinois","51,263","± 2,253"
"Naperville city, Illinois","54,377","± 2,145"
"Palatine village, Illinois","26,402","± 1,762"
"Peoria city, Illinois","50,176","± 1,831"
"Rockford city, Illinois","59,909","± 2,291"
"Schaumburg village, Illinois","31,569","± 1,795"
"Skokie village, Illinois","23,599","± 1,666"
"Springfield city, Illinois","51,317","± 1,969"
"Waukegan city, Illinois","30,068","± 1,950"
"Bloomington city, Indiana","31,711","± 2,235"
"Carmel city, Indiana","39,994","± 1,859"
"Evansville city, Indiana","53,896","± 1,899"
"Fishers city, Indiana","35,466","± 1,955"
"Fort Wayne city, Indiana","109,640","± 2,505"
"Hammond city, Indiana","30,737","± 1,752"
"Indianapolis city (balance), Indiana","358,150","± 4,481"
"Lafayette city, Indiana","31,585","± 2,013"
"Noblesville city, Indiana","25,035","± 2,175"
"South Bend city, Indiana","42,707","± 2,310"
"Ames city, Iowa","25,901","± 1,258"
"Ankeny city, Iowa","27,720","± 1,831"
"Cedar Rapids city, Iowa","59,107","± 1,840"
"Davenport city, Iowa","44,958","± 1,653"
"Des Moines city, Iowa","90,416","± 2,862"
"Iowa City city, Iowa","30,270","± 2,232"
"Sioux City city, Iowa","33,659","± 1,156"
"Waterloo city, Iowa","29,948","± 1,242"
"West Des Moines city, Iowa","36,066","± 2,223"
"Kansas City city, Kansas","57,819","± 1,513"
"Lawrence city, Kansas","41,041","± 1,618"
"Olathe city, Kansas","53,285","± 2,202"
"Overland Park city, Kansas","82,593","± 2,221"
"Shawnee city, Kansas","27,114","± 1,726"
"Topeka city, Kansas","55,844","± 1,769"
"Wichita city, Kansas","156,668","± 3,020"
"Bowling Green city, Kentucky","28,947","± 1,596"
"Lexington-Fayette urban county, Kentucky","139,303","± 1,880"
"Louisville/Jefferson County metro government (balance), Kentucky","264,336","± 3,413"
"Baton Rouge city, Louisiana","87,440","± 3,619"
"Kenner city, Louisiana","25,267","± 2,356"
"Lafayette city, Louisiana","51,150","± 2,374"
"Lake Charles city, Louisiana","28,683","± 2,542"
"Metairie CDP, Louisiana","62,315","± 2,960"
"New Orleans city, Louisiana","158,827","± 2,670"
"Shreveport city, Louisiana","76,167","± 2,438"
"Portland city, Maine","32,523","± 1,622"
"Baltimore city, Maryland","254,370","± 3,581"
"Bethesda CDP, Maryland","27,748","± 1,683"
"Columbia CDP, Maryland","42,050","± 2,010"
"Ellicott City CDP, Maryland","27,318","± 1,632"
"Frederick city, Maryland","33,907","± 1,622"
"Gaithersburg city, Maryland","26,764","± 1,764"
"Germantown CDP, Maryland","30,985","± 2,287"
"Glen Burnie CDP, Maryland","27,700","± 2,338"
"Rockville city, Maryland","25,537","± 1,915"
"Silver Spring CDP, Maryland","33,307","± 2,306"
"Waldorf CDP, Maryland","29,701","± 1,762"
"Boston city, Massachusetts","271,941","± 4,553"
"Brockton city, Massachusetts","37,554","± 1,753"
"Cambridge city, Massachusetts","52,487","± 2,335"
"Fall River city, Massachusetts","40,521","± 1,666"
"Framingham city, Massachusetts","26,320","± 1,503"
"Haverhill city, Massachusetts","25,293","± 1,564"
"Lawrence city, Massachusetts","30,366","± 1,840"
"Lowell city, Massachusetts","42,577","± 2,528"
"Lynn city, Massachusetts","37,304","± 2,119"
"Malden city, Massachusetts","26,386","± 2,034"
"New Bedford city, Massachusetts","42,743","± 2,324"
"Newton city, Massachusetts","29,961","± 1,245"
"Quincy city, Massachusetts","44,051","± 1,993"
"Somerville city, Massachusetts","35,015","± 1,707"
"Springfield city, Massachusetts","57,806","± 2,206"
"Worcester city, Massachusetts","76,065","± 2,991"
"Ann Arbor city, Michigan","51,238","± 2,366"
"Dearborn city, Michigan","35,209","± 1,820"
"Detroit city, Michigan","251,729","± 4,285"
"Farmington Hills city, Michigan","35,224","± 1,980"
"Flint city, Michigan","32,837","± 2,220"
"Grand Rapids city, Michigan","79,486","± 2,508"
"Kalamazoo city, Michigan","29,853","± 2,213"
"Lansing city, Michigan","50,590","± 1,859"
"Livonia city, Michigan","38,329","± 2,098"
"Novi city, Michigan","28,217","± 1,559"
"Rochester Hills city, Michigan","28,831","± 1,269"
"Southfield city, Michigan","35,649","± 1,972"
"Sterling Heights city, Michigan","51,805","± 2,112"
"Troy city, Michigan","33,822","± 1,625"
"Warren city, Michigan","57,632","± 2,315"
"Westland city, Michigan","37,870","± 2,495"
"Wyoming city, Michigan","28,253","± 2,186"
"Blaine city, Minnesota","25,869","± 1,539"
"Bloomington city, Minnesota","38,725","± 1,897"
"Brooklyn Park city, Minnesota","30,074","± 2,071"
"Duluth city, Minnesota","36,310","± 1,852"
"Eagan city, Minnesota","27,069","± 1,328"
"Lakeville city, Minnesota","23,868","± 1,465"
"Maple Grove city, Minnesota","28,026","± 1,573"
"Minneapolis city, Minnesota","188,681","± 3,928"
"Plymouth city, Minnesota","32,923","± 1,479"
"Rochester city, Minnesota","49,984","± 1,425"
"St. Cloud city, Minnesota","30,029","± 1,985"
"St. Paul city, Minnesota","121,964","± 3,257"
"Woodbury city, Minnesota","28,751","± 1,605"
"Gulfport city, Mississippi","29,385","± 1,674"
"Jackson city, Mississippi","62,140","± 2,120"
"Columbia city, Missouri","50,572","± 2,224"
"Independence city, Missouri","53,057","± 2,481"
"Kansas City city, Missouri","219,020","± 3,767"
"Lee's Summit city, Missouri","37,795","± 1,871"
"O'Fallon city, Missouri","34,412","± 1,466"
"St. Charles city, Missouri","29,992","± 1,332"
"St. Joseph city, Missouri","29,750","± 1,639"
"St. Louis city, Missouri","139,736","± 2,863"
"Springfield city, Missouri","79,232","± 1,916"
"Billings city, Montana","50,365","± 1,518"
"Missoula city, Montana","33,744","± 1,332"
"Lincoln city, Nebraska","120,407","± 1,708"
"Omaha city, Nebraska","201,469","± 2,293"
"Enterprise CDP, Nevada","83,983","± 3,971"
"Henderson city, Nevada","124,470","± 3,117"
"Las Vegas city, Nevada","250,350","± 5,195"
"North Las Vegas city, Nevada","85,966","± 3,596"
"Paradise CDP, Nevada","78,005","± 3,685"
"Reno city, Nevada","110,993","± 2,468"
"Sparks city, Nevada","43,392","± 2,224"
"Spring Valley CDP, Nevada","88,063","± 3,751"
"Sunrise Manor CDP, Nevada","62,737","± 2,868"
"Manchester city, New Hampshire","48,649","± 2,196"
"Nashua city, New Hampshire","36,986","± 1,692"
"Bayonne city, New Jersey","28,375","± 1,836"
"Camden city, New Jersey","24,276","± 1,947"
"Clifton city, New Jersey","32,408","± 2,260"
"East Orange city, New Jersey","28,318","± 1,853"
"Elizabeth city, New Jersey","46,107","± 2,059"
"Jersey City city, New Jersey","119,158","± 3,269"
"Lakewood CDP, New Jersey","13,701","± 2,032"
"Newark city, New Jersey","115,145","± 3,722"
"Passaic city, New Jersey","20,446","± 1,258"
"Paterson city, New Jersey","51,612","± 2,208"
"Toms River CDP, New Jersey","35,128","± 2,522"
"Trenton city, New Jersey","34,116","± 2,347"
"Union City city, New Jersey","24,041","± 1,747"
"Albuquerque city, New Mexico","243,582","± 2,744"
"Las Cruces city, New Mexico","45,991","± 2,359"
"Rio Rancho city, New Mexico","40,013","± 1,085"
"Santa Fe city, New Mexico","40,641","± 1,542"
"Albany city, New York","44,279","± 2,638"
"Buffalo city, New York","122,569","± 3,241"
"Cheektowaga CDP, New York","33,247","± 1,785"
"Mount Vernon city, New York","26,465","± 1,709"
"New Rochelle city, New York","32,877","± 2,149"
"New York city, New York","3,263,895","± 13,490"
"Rochester city, New York","93,263","± 3,427"
"Schenectady city, New York","28,965","± 1,690"
"Syracuse city, New York","62,663","± 2,304"
"Yonkers city, New York","81,397","± 3,240"
"Asheville city, North Carolina","38,131","± 2,492"
"Cary town, North Carolina","65,254","± 2,540"
"Charlotte city, North Carolina","365,269","± 4,087"
"Concord city, North Carolina","33,859","± 2,004"
"Durham city, North Carolina","122,412","± 2,774"
"Fayetteville city, North Carolina","83,147","± 1,934"
"Gastonia city, North Carolina","33,292","± 1,792"
"Greensboro city, North Carolina","123,955","± 3,924"
"Greenville city, North Carolina","41,575","± 2,191"
"High Point city, North Carolina","42,738","± 2,230"
"Jacksonville city, North Carolina","22,024","± 1,853"
"Raleigh city, North Carolina","194,917","± 4,618"
"Wilmington city, North Carolina","59,341","± 2,415"
"Winston-Salem city, North Carolina","101,551","± 2,991"
"Bismarck city, North Dakota","31,426","± 1,267"
"Fargo city, North Dakota","58,269","± 1,737"
"Akron city, Ohio","84,914","± 2,749"
"Canton city, Ohio","31,168","± 1,849"
"Cincinnati city, Ohio","144,929","± 3,676"
"Cleveland city, Ohio","171,321","± 4,585"
"Columbus city, Ohio","390,605","± 5,416"
"Dayton city, Ohio","55,114","± 2,498"
"Lorain city, Ohio","27,852","± 1,680"
"Parma city, Ohio","33,401","± 1,775"
"Toledo city, Ohio","120,895","± 2,758"
"Broken Arrow city, Oklahoma","45,138","± 1,523"
"Edmond city, Oklahoma","36,530","± 1,464"
"Lawton city, Oklahoma","33,921","± 1,527"
"Norman city, Oklahoma","53,446","± 2,093"
"Oklahoma City city, Oklahoma","275,285","± 4,662"
"Tulsa city, Oklahoma","173,943","± 2,212"
"Beaverton city, Oregon","42,858","± 2,340"
"Bend city, Oregon","44,620","± 2,312"
"Eugene city, Oregon","74,740","± 2,581"
"Gresham city, Oregon","43,487","± 2,290"
"Hillsboro city, Oregon","40,891","± 2,216"
"Medford city, Oregon","36,525","± 1,614"
"Portland city, Oregon","286,734","± 4,101"
"Salem city, Oregon","64,959","± 2,410"
"Allentown city, Pennsylvania","47,204","± 2,375"
"Bethlehem city, Pennsylvania","30,099","± 1,739"
"Erie city, Pennsylvania","38,636","± 1,907"
"Philadelphia city, Pennsylvania","660,921","± 5,390"
"Pittsburgh city, Pennsylvania","136,747","± 4,641"
"Reading city, Pennsylvania","32,504","± 1,714"
"Scranton city, Pennsylvania","30,096","± 1,704"
"Cranston city, Rhode Island","33,049","± 2,340"
"Pawtucket city, Rhode Island","29,735","± 1,874"
"Providence city, Rhode Island","68,179","± 2,955"
"Warwick city, Rhode Island","36,595","± 1,691"
"Charleston city, South Carolina","63,391","± 3,233"
"Columbia city, South Carolina","51,455","± 2,642"
"Greenville city, South Carolina","34,154","± 1,966"
"Mount Pleasant town, South Carolina","37,983","± 2,042"
"North Charleston city, South Carolina","47,324","± 2,921"
"Rock Hill city, South Carolina","29,268","± 1,737"
"Rapid City city, South Dakota","32,471","± 1,191"
"Sioux Falls city, South Dakota","83,498","± 1,744"
"Chattanooga city, Tennessee","77,299","± 2,453"
"Clarksville city, Tennessee","63,787","± 2,246"
"Franklin city, Tennessee","33,275","± 1,690"
"Jackson city, Tennessee","26,505","± 1,483"
"Johnson City city, Tennessee","30,806","± 2,284"
"Knoxville city, Tennessee","85,151","± 2,689"
"Memphis city, Tennessee","256,968","± 4,780"
"Murfreesboro city, Tennessee","58,371","± 2,651"
"Nashville-Davidson metropolitan government (balance), Tennessee","305,247","± 3,646"
"Abilene city, Texas","48,398","± 1,816"
"Allen city, Texas","37,461","± 2,204"
"Amarillo city, Texas","82,129","± 2,459"
"Arlington city, Texas","146,888","± 4,942"
"Atascocita CDP, Texas","29,579","± 4,887"
"Austin city, Texas","449,399","± 7,214"
"Baytown city, Texas","28,264","± 2,128"
"Beaumont city, Texas","46,375","± 2,183"
"Brownsville city, Texas","56,522","± 2,324"
"Bryan city, Texas","32,910","± 2,415"
"Carrollton city, Texas","50,308","± 2,016"
"Cedar Park city, Texas","30,407","± 2,195"
"College Station city, Texas","41,586","± 2,579"
"Conroe city, Texas","37,297","± 3,154"
"Corpus Christi city, Texas","117,366","± 2,957"
"Dallas city, Texas","536,008","± 8,007"
"Denton city, Texas","57,963","± 2,931"
"Edinburg city, Texas","37,541","± 3,033"
"El Paso city, Texas","242,529","± 3,601"
"Flower Mound town, Texas","27,696","± 1,481"
"Fort Worth city, Texas","334,286","± 6,559"
"Frisco city, Texas","72,282","± 2,480"
"Garland city, Texas","77,777","± 3,207"
"Georgetown city, Texas","30,207","± 1,786"
"Grand Prairie city, Texas","64,208","± 2,780"
"Harlingen city, Texas","27,051","± 2,254"
"Houston city, Texas","924,981","± 9,366"
"Irving city, Texas","95,309","± 3,542"
"Killeen city, Texas","57,875","± 2,557"
"Laredo city, Texas","76,095","± 1,458"
"League City city, Texas","44,419","± 2,237"
"Leander city, Texas","24,031","± 1,932"
"Lewisville city, Texas","46,897","± 2,470"
"Longview city, Texas","31,072","± 1,776"
"Lubbock city, Texas","104,426","± 2,682"
"McAllen city, Texas","48,438","± 2,639"
"McKinney city, Texas","73,357","± 3,110"
"Mansfield city, Texas","25,327","± 2,001"
"Mesquite city, Texas","52,023","± 2,843"
"Midland city, Texas","52,898","± 2,487"
"Mission city, Texas","28,128","± 2,129"
"Missouri City city, Texas","29,801","± 2,397"
"New Braunfels city, Texas","37,815","± 2,334"
"North Richland Hills city, Texas","26,937","± 1,658"
"Odessa city, Texas","48,530","± 2,487"
"Pasadena city, Texas","50,598","± 2,925"
"Pearland city, Texas","43,012","± 2,703"
"Pflugerville city, Texas","23,875","± 3,098"
"Pharr city, Texas","24,797","± 2,079"
"Plano city, Texas","108,472","± 3,456"
"Richardson city, Texas","45,148","± 2,344"
"Round Rock city, Texas","49,740","± 2,773"
"San Angelo city, Texas","39,065","± 1,975"
"San Antonio city, Texas","549,245","± 5,787"
"San Marcos city, Texas","27,015","± 2,268"
"Spring CDP, Texas","23,096","± 3,384"
"Sugar Land city, Texas","37,008","± 2,151"
"Temple city, Texas","34,371","± 2,218"
"The Woodlands CDP, Texas","43,992","± 3,951"
"Tyler city, Texas","36,169","± 2,114"
"Victoria city, Texas","25,410","± 1,370"
"Waco city, Texas","53,286","± 2,095"
"Wichita Falls city, Texas","38,051","± 1,780"
"Layton city, Utah","27,176","± 1,473"
"Lehi city, Utah","22,067","± 1,270"
"Ogden city, Utah","32,631","± 1,913"
"Orem city, Utah","32,398","± 1,405"
"Provo city, Utah","32,518","± 1,634"
"St. George city, Utah","35,656","± 2,027"
"Salt Lake City city, Utah","89,839","± 3,408"
"Sandy city, Utah","33,587","± 1,989"
"South Jordan city, Utah","25,502","± 1,878"
"West Jordan city, Utah","36,309","± 1,750"
"West Valley City city, Utah","42,003","± 2,068"
"Alexandria city, Virginia","72,024","± 2,137"
"Arlington CDP, Virginia","108,396","± 2,209"
"Centreville CDP, Virginia","24,957","± 1,781"
"Chesapeake city, Virginia","93,849","± 1,160"
"Dale City CDP, Virginia","22,465","± 1,708"
"Hampton city, Virginia","58,181","± 1,422"
"Lynchburg city, Virginia","28,346","± 1,501"
"Newport News city, Virginia","77,489","± 1,658"
"Norfolk city, Virginia","97,596","± 2,128"
"Portsmouth city, Virginia","40,827","± 1,082"
"Richmond city, Virginia","99,929","± 2,577"
"Roanoke city, Virginia","42,455","± 1,881"
"Suffolk city, Virginia","37,383","± 994"
"Virginia Beach city, Virginia","182,775","± 1,901"
"Auburn city, Washington","31,836","± 1,969"
"Bellevue city, Washington","61,440","± 2,726"
"Bellingham city, Washington","40,653","± 1,760"
"Everett city, Washington","45,029","± 2,222"
"Federal Way city, Washington","35,047","± 2,058"
"Kennewick city, Washington","30,679","± 1,876"
"Kent city, Washington","46,036","± 2,026"
"Kirkland city, Washington","37,746","± 1,704"
"Marysville city, Washington","25,906","± 1,415"
"Pasco city, Washington","25,084","± 999"
"Redmond city, Washington","31,181","± 1,760"
"Renton city, Washington","41,997","± 2,611"
"Sammamish city, Washington","22,090","± 981"
"Seattle city, Washington","351,650","± 5,277"
"South Hill CDP, Washington","22,379","± 2,176"
"Spokane city, Washington","94,748","± 2,708"
"Spokane Valley city, Washington","44,047","± 2,140"
"Tacoma city, Washington","88,819","± 2,434"
"Vancouver city, Washington","81,814","± 2,117"
"Yakima city, Washington","37,282","± 1,791"
"Appleton city, Wisconsin","29,204","± 1,585"
"Eau Claire city, Wisconsin","28,218","± 1,176"
"Green Bay city, Wisconsin","46,857","± 2,142"
"Janesville city, Wisconsin","28,236","± 1,361"
"Kenosha city, Wisconsin","38,438","± 1,579"
"Madison city, Wisconsin","123,938","± 3,150"
"Milwaukee city, Wisconsin","232,362","± 3,559"
"Oshkosh city, Wisconsin","28,532","± 1,537"
"Racine city, Wisconsin","30,885","± 1,222"
"Waukesha city, Wisconsin","31,139","± 1,320"
"Cheyenne city, Wyoming","28,727","± 1,210"
"Bayamón zona urbana, Puerto Rico","61,688","± 1,939"
"Caguas zona urbana, Puerto Rico","29,970","± 1,905"
"Carolina zona urbana, Puerto Rico","54,012","± 2,658"
"Guaynabo zona urbana, Puerto Rico","26,979","± 1,339"
"Ponce zona urbana, Puerto Rico","42,404","± 1,932"
"San Juan zona urbana, Puerto Rico","129,554","± 3,254"