"Geographic Area Name","Occupied (2024)","MoE"
"Auburn city, Alabama","30,006","± 2,106"
"Birmingham city, Alabama","91,130","± 3,356"
"Dothan city, Alabama","30,728","± 1,111"
"Hoover city, Alabama","39,852","± 2,187"
"Huntsville city, Alabama","96,802","± 2,805"
"Madison city, Alabama","25,007","± 1,969"
"Mobile city, Alabama","82,213","± 2,823"
"Montgomery city, Alabama","83,025","± 1,987"
"Tuscaloosa city, Alabama","45,626","± 2,334"
"Anchorage municipality, Alaska","109,479","± 2,451"
"Avondale city, Arizona","31,186","± 2,134"
"Buckeye city, Arizona","38,683","± 2,502"
"Casa Grande city, Arizona","20,714","± 1,904"
"Casas Adobes CDP, Arizona","33,238","± 2,585"
"Chandler city, Arizona","110,074","± 4,285"
"Flagstaff city, Arizona","30,562","± 1,595"
"Gilbert town, Arizona","97,717","± 3,045"
"Glendale city, Arizona","94,483","± 4,185"
"Goodyear city, Arizona","42,713","± 2,344"
"Maricopa city, Arizona","25,592","± 2,079"
"Mesa city, Arizona","199,972","± 5,554"
"Peoria city, Arizona","75,481","± 3,340"
"Phoenix city, Arizona","631,270","± 8,668"
"Queen Creek town, Arizona","27,129","± 2,400"
"San Tan Valley CDP, Arizona","36,668","± 3,162"
"Scottsdale city, Arizona","121,398","± 4,050"
"Surprise city, Arizona","64,551","± 2,688"
"Tempe city, Arizona","81,327","± 3,192"
"Tucson city, Arizona","233,314","± 4,795"
"Yuma city, Arizona","39,909","± 2,537"
"Conway city, Arkansas","28,010","± 1,265"
"Fayetteville city, Arkansas","42,089","± 2,252"
"Fort Smith city, Arkansas","37,693","± 1,519"
"Jonesboro city, Arkansas","33,732","± 1,453"
"Little Rock city, Arkansas","88,738","± 3,214"
"Rogers city, Arkansas","28,461","± 1,658"
"Springdale city, Arkansas","30,436","± 2,262"
"Alameda city, California","30,860","± 1,619"
"Alhambra city, California","31,892","± 1,573"
"Anaheim city, California","108,465","± 3,643"
"Antioch city, California","37,795","± 2,233"
"Apple Valley town, California","26,481","± 1,902"
"Arden-Arcade CDP, California","38,758","± 2,933"
"Bakersfield city, California","133,186","± 3,199"
"Baldwin Park city, California","19,768","± 1,293"
"Bellflower city, California","24,534","± 1,757"
"Berkeley city, California","47,862","± 2,130"
"Brentwood city, California","21,383","± 1,500"
"Buena Park city, California","25,789","± 1,791"
"Burbank city, California","43,890","± 2,200"
"Camarillo city, California","26,025","± 1,423"
"Carlsbad city, California","44,251","± 1,959"
"Carmichael CDP, California","31,485","± 2,531"
"Carson city, California","28,426","± 1,868"
"Castro Valley CDP, California","20,631","± 1,574"
"Chico city, California","45,083","± 1,992"
"Chino city, California","26,929","± 1,692"
"Chino Hills city, California","23,966","± 1,460"
"Chula Vista city, California","88,103","± 3,715"
"Citrus Heights city, California","34,476","± 2,148"
"Clovis city, California","46,626","± 2,302"
"Compton city, California","22,863","± 1,423"
"Concord city, California","49,088","± 2,202"
"Corona city, California","51,567","± 2,018"
"Costa Mesa city, California","41,303","± 2,572"
"Daly City city, California","33,546","± 2,023"
"Davis city, California","24,503","± 1,993"
"Downey city, California","34,779","± 1,877"
"Dublin city, California","23,668","± 1,510"
"East Los Angeles CDP, California","31,981","± 2,318"
"Eastvale city, California","17,087","± 1,595"
"El Cajon city, California","31,991","± 2,172"
"Elk Grove city, California","55,538","± 2,043"
"El Monte city, California","29,633","± 1,508"
"Escondido city, California","47,744","± 2,155"
"Fairfield city, California","41,239","± 2,253"
"Folsom city, California","32,456","± 1,931"
"Fontana city, California","60,075","± 1,956"
"Fremont city, California","79,953","± 2,459"
"Fresno city, California","181,398","± 3,497"
"Fullerton city, California","50,564","± 2,018"
"Garden Grove city, California","50,286","± 2,213"
"Glendale city, California","71,030","± 2,397"
"Hawthorne city, California","31,300","± 2,460"
"Hayward city, California","51,660","± 2,731"
"Hemet city, California","32,115","± 2,149"
"Hesperia city, California","28,726","± 1,885"
"Huntington Beach city, California","76,700","± 3,028"
"Indio city, California","29,827","± 1,792"
"Inglewood city, California","41,580","± 2,470"
"Irvine city, California","115,091","± 3,415"
"Jurupa Valley city, California","27,925","± 1,770"
"Lake Elsinore city, California","22,077","± 1,745"
"Lake Forest city, California","30,881","± 1,652"
"Lakewood city, California","26,057","± 1,486"
"Lancaster city, California","50,609","± 3,158"
"Livermore city, California","32,453","± 1,747"
"Lodi city, California","24,413","± 1,526"
"Long Beach city, California","170,773","± 4,857"
"Los Angeles city, California","1,480,869","± 9,988"
"Lynwood city, California","15,383","± 1,063"
"Madera city, California","18,051","± 1,402"
"Manteca city, California","27,855","± 1,813"
"Menifee city, California","39,681","± 2,415"
"Merced city, California","27,059","± 1,508"
"Milpitas city, California","24,883","± 1,545"
"Mission Viejo city, California","33,279","± 2,147"
"Modesto city, California","74,680","± 2,372"
"Moreno Valley city, California","56,372","± 2,692"
"Mountain View city, California","37,299","± 1,949"
"Murrieta city, California","35,513","± 2,043"
"Napa city, California","29,218","± 1,577"
"Newport Beach city, California","36,422","± 2,165"
"Norwalk city, California","27,029","± 1,596"
"Oakland city, California","186,476","± 4,866"
"Oceanside city, California","63,151","± 2,905"
"Ontario city, California","56,065","± 2,530"
"Orange city, California","44,542","± 2,084"
"Oxnard city, California","55,749","± 2,358"
"Palmdale city, California","44,494","± 2,446"
"Palo Alto city, California","26,360","± 1,508"
"Pasadena city, California","58,885","± 2,649"
"Perris city, California","21,120","± 1,771"
"Pittsburg city, California","25,580","± 1,613"
"Pleasanton city, California","29,294","± 1,385"
"Pomona city, California","43,236","± 2,038"
"Rancho Cordova city, California","29,435","± 1,828"
"Rancho Cucamonga city, California","60,009","± 2,520"
"Redding city, California","37,835","± 1,686"
"Redlands city, California","25,959","± 1,981"
"Redondo Beach city, California","27,794","± 2,156"
"Redwood City city, California","29,917","± 1,790"
"Rialto city, California","26,927","± 1,579"
"Richmond city, California","40,660","± 2,580"
"Riverside city, California","102,894","± 3,793"
"Rocklin city, California","26,784","± 1,485"
"Roseville city, California","61,064","± 2,212"
"Sacramento city, California","198,965","± 5,283"
"Salinas city, California","41,668","± 2,049"
"San Bernardino city, California","66,134","± 2,979"
"San Buenaventura (Ventura) city, California","43,259","± 2,119"
"San Diego city, California","542,590","± 6,726"
"San Francisco city, California","371,841","± 4,793"
"San Jose city, California","331,653","± 4,603"
"San Leandro city, California","30,386","± 2,187"
"San Marcos city, California","30,992","± 1,895"
"San Mateo city, California","39,544","± 2,291"
"San Ramon city, California","29,693","± 1,182"
"Santa Ana city, California","84,625","± 2,711"
"Santa Barbara city, California","36,779","± 2,020"
"Santa Clara city, California","54,135","± 2,334"
"Santa Clarita city, California","75,706","± 2,442"
"Santa Maria city, California","30,465","± 2,158"
"Santa Monica city, California","49,229","± 2,597"
"Santa Rosa city, California","67,895","± 2,754"
"Simi Valley city, California","44,500","± 2,074"
"South Gate city, California","27,192","± 1,419"
"Stockton city, California","98,473","± 2,705"
"Sunnyvale city, California","63,113","± 2,945"
"Temecula city, California","38,887","± 2,151"
"Thousand Oaks city, California","45,369","± 1,826"
"Torrance city, California","52,611","± 2,345"
"Tracy city, California","32,024","± 1,677"
"Tulare city, California","21,941","± 1,568"
"Turlock city, California","25,451","± 1,616"
"Tustin city, California","29,115","± 1,833"
"Union City city, California","19,779","± 1,377"
"Upland city, California","27,421","± 1,483"
"Vacaville city, California","34,171","± 1,976"
"Vallejo city, California","47,104","± 2,253"
"Victorville city, California","40,464","± 2,409"
"Visalia city, California","49,287","± 2,308"
"Vista city, California","35,467","± 2,213"
"Walnut Creek city, California","34,456","± 1,950"
"West Covina city, California","34,652","± 1,652"
"Westminster city, California","28,615","± 1,950"
"Whittier city, California","29,446","± 1,864"
"Yorba Linda city, California","22,701","± 1,215"
"Yuba City city, California","22,950","± 1,305"
"Arvada city, Colorado","49,671","± 1,926"
"Aurora city, Colorado","153,310","± 3,503"
"Boulder city, Colorado","45,900","± 1,978"
"Broomfield city, Colorado","33,695","± 963"
"Castle Rock town, Colorado","30,018","± 1,792"
"Centennial city, Colorado","41,282","± 1,622"
"Colorado Springs city, Colorado","209,874","± 3,022"
"Commerce City city, Colorado","23,439","± 2,811"
"Denver city, Colorado","349,785","± 3,874"
"Fort Collins city, Colorado","74,814","± 1,990"
"Grand Junction city, Colorado","31,264","± 1,469"
"Greeley city, Colorado","42,292","± 2,149"
"Highlands Ranch CDP, Colorado","38,831","± 2,285"
"Lakewood city, Colorado","72,181","± 2,161"
"Longmont city, Colorado","44,198","± 2,298"
"Loveland city, Colorado","34,651","± 2,036"
"Parker town, Colorado","22,408","± 1,786"
"Pueblo city, Colorado","47,003","± 1,759"
"Thornton city, Colorado","54,284","± 2,671"
"Westminster city, Colorado","48,225","± 2,527"
"Bridgeport city, Connecticut","56,754","± 2,112"
"Danbury city, Connecticut","34,989","± 2,373"
"Hartford city, Connecticut","49,316","± 2,736"
"New Britain city, Connecticut","29,451","± 2,101"
"New Haven city, Connecticut","56,564","± 2,612"
"Norwalk city, Connecticut","35,364","± 2,301"
"Stamford city, Connecticut","55,352","± 2,795"
"Waterbury city, Connecticut","44,141","± 2,634"
"Wilmington city, Delaware","31,587","± 2,713"
"Washington city, District of Columbia","329,687","± 4,510"
"Alafaya CDP, Florida","34,686","± 3,320"
"Boca Raton city, Florida","40,701","± 1,749"
"Boynton Beach city, Florida","33,513","± 2,729"
"Brandon CDP, Florida","47,577","± 4,226"
"Cape Coral city, Florida","87,681","± 3,286"
"Clearwater city, Florida","51,699","± 2,757"
"Coral Springs city, Florida","45,245","± 2,563"
"Davie town, Florida","39,385","± 2,673"
"Daytona Beach city, Florida","38,264","± 2,506"
"Deerfield Beach city, Florida","39,279","± 3,001"
"Delray Beach city, Florida","34,476","± 2,500"
"Deltona city, Florida","33,764","± 2,401"
"Doral city, Florida","29,396","± 1,681"
"Fort Lauderdale city, Florida","77,763","± 4,260"
"Fort Myers city, Florida","40,374","± 3,232"
"Four Corners CDP, Florida","32,021","± 3,584"
"Gainesville city, Florida","63,795","± 3,018"
"Hialeah city, Florida","79,149","± 2,745"
"Hollywood city, Florida","60,640","± 3,093"
"Homestead city, Florida","28,425","± 1,869"
"Horizon West CDP, Florida","23,451","± 3,134"
"Jacksonville city, Florida","413,620","± 4,742"
"Kendall CDP, Florida","30,338","± 2,849"
"Kissimmee city, Florida","28,822","± 2,522"
"Lakeland city, Florida","48,654","± 3,171"
"Largo city, Florida","38,619","± 2,666"
"Lauderhill city, Florida","30,633","± 2,677"
"Lehigh Acres CDP, Florida","44,622","± 3,480"
"Melbourne city, Florida","37,625","± 2,226"
"Miami city, Florida","202,757","± 5,197"
"Miami Beach city, Florida","41,696","± 2,776"
"Miami Gardens city, Florida","35,044","± 1,811"
"Miramar city, Florida","46,944","± 2,566"
"North Port city, Florida","40,443","± 2,426"
"Ocala city, Florida","29,149","± 2,160"
"Orlando city, Florida","137,393","± 5,667"
"Palm Bay city, Florida","48,423","± 2,775"
"Palm Coast city, Florida","43,565","± 2,145"
"Pembroke Pines city, Florida","63,988","± 2,802"
"Pine Hills CDP, Florida","24,153","± 2,881"
"Plantation city, Florida","37,775","± 2,444"
"Poinciana CDP, Florida","29,174","± 3,638"
"Pompano Beach city, Florida","45,846","± 3,384"
"Port Charlotte CDP, Florida","27,044","± 2,253"
"Port Orange city, Florida","28,356","± 1,829"
"Port St. Lucie city, Florida","94,324","± 2,933"
"Riverview CDP, Florida","39,123","± 4,133"
"St. Cloud city, Florida","23,092","± 1,678"
"St. Petersburg city, Florida","123,734","± 4,223"
"Sanford city, Florida","25,706","± 1,739"
"Spring Hill CDP, Florida","48,221","± 2,768"
"Sunrise city, Florida","33,920","± 2,614"
"Tallahassee city, Florida","89,217","± 2,586"
"Tamarac city, Florida","30,683","± 2,752"
"Tampa city, Florida","176,004","± 4,971"
"The Villages CDP, Florida","48,373","± 2,971"
"Town 'n' Country CDP, Florida","33,923","± 3,216"
"Wesley Chapel CDP, Florida","27,967","± 2,767"
"Weston city, Florida","21,371","± 1,404"
"West Palm Beach city, Florida","55,868","± 3,228"
"Albany city, Georgia","26,980","± 1,726"
"Alpharetta city, Georgia","25,966","± 1,697"
"Athens-Clarke County unified government (balance), Georgia","54,156","± 1,479"
"Atlanta city, Georgia","244,482","± 5,448"
"Augusta-Richmond County consolidated government (balance), Georgia","79,634","± 2,339"
"Columbus city, Georgia","81,378","± 2,068"
"Johns Creek city, Georgia","28,676","± 1,377"
"Mableton city, Georgia","30,280","± 2,159"
"Macon-Bibb County, Georgia","60,386","± 1,907"
"Roswell city, Georgia","35,441","± 2,003"
"Sandy Springs city, Georgia","48,325","± 2,399"
"Savannah city, Georgia","54,740","± 2,471"
"South Fulton city, Georgia","40,474","± 2,520"
"Warner Robins city, Georgia","33,639","± 1,293"
"Urban Honolulu CDP, Hawaii","136,908","± 3,974"
"Boise City city, Idaho","106,045","± 2,312"
"Caldwell city, Idaho","24,190","± 1,182"
"Idaho Falls city, Idaho","25,374","± 1,329"
"Meridian city, Idaho","52,809","± 2,107"
"Nampa city, Idaho","41,865","± 1,674"
"Arlington Heights village, Illinois","31,717","± 2,423"
"Aurora city, Illinois","64,331","± 2,662"
"Bloomington city, Illinois","36,445","± 1,515"
"Bolingbrook village, Illinois","25,230","± 1,574"
"Champaign city, Illinois","38,098","± 2,205"
"Chicago city, Illinois","1,172,455","± 9,440"
"Cicero town, Illinois","22,225","± 1,862"
"Decatur city, Illinois","30,208","± 1,541"
"Elgin city, Illinois","39,229","± 2,211"
"Evanston city, Illinois","32,312","± 1,904"
"Joliet city, Illinois","49,235","± 2,054"
"Naperville city, Illinois","56,170","± 2,098"
"Palatine village, Illinois","29,783","± 1,924"
"Peoria city, Illinois","50,011","± 2,189"
"Rockford city, Illinois","60,114","± 2,017"
"Schaumburg village, Illinois","31,275","± 2,089"
"Skokie village, Illinois","23,830","± 1,738"
"Springfield city, Illinois","51,519","± 1,725"
"Waukegan city, Illinois","33,222","± 2,364"
"Bloomington city, Indiana","34,058","± 1,958"
"Carmel city, Indiana","41,090","± 1,931"
"Evansville city, Indiana","54,026","± 1,945"
"Fishers city, Indiana","38,355","± 1,735"
"Fort Wayne city, Indiana","112,191","± 2,798"
"Gary city, Indiana","27,109","± 1,785"
"Greenwood city, Indiana","26,886","± 1,995"
"Hammond city, Indiana","30,545","± 2,094"
"Indianapolis city (balance), Indiana","370,768","± 5,268"
"Lafayette city, Indiana","33,907","± 1,749"
"Muncie city, Indiana","26,820","± 1,859"
"Noblesville city, Indiana","27,774","± 1,949"
"South Bend city, Indiana","41,967","± 2,039"
"Ames city, Iowa","26,827","± 1,172"
"Ankeny city, Iowa","28,926","± 1,855"
"Cedar Rapids city, Iowa","59,074","± 1,889"
"Davenport city, Iowa","42,463","± 1,521"
"Des Moines city, Iowa","88,083","± 3,424"
"Iowa City city, Iowa","32,453","± 1,415"
"Sioux City city, Iowa","32,711","± 1,379"
"Waterloo city, Iowa","29,630","± 1,549"
"West Des Moines city, Iowa","34,503","± 2,156"
"Kansas City city, Kansas","57,886","± 1,885"
"Lawrence city, Kansas","41,014","± 1,571"
"Olathe city, Kansas","54,527","± 1,995"
"Overland Park city, Kansas","85,719","± 2,283"
"Shawnee city, Kansas","28,809","± 1,585"
"Topeka city, Kansas","57,797","± 1,462"
"Wichita city, Kansas","162,078","± 3,096"
"Bowling Green city, Kentucky","32,870","± 1,679"
"Lexington-Fayette urban county, Kentucky","143,160","± 2,256"
"Louisville/Jefferson County metro government (balance), Kentucky","269,328","± 3,297"
"Baton Rouge city, Louisiana","88,745","± 3,476"
"Kenner city, Louisiana","27,018","± 2,195"
"Lafayette city, Louisiana","54,716","± 2,010"
"Lake Charles city, Louisiana","34,288","± 2,147"
"Metairie CDP, Louisiana","60,811","± 3,168"
"New Orleans city, Louisiana","157,535","± 3,023"
"Shreveport city, Louisiana","76,500","± 2,677"
"Portland city, Maine","35,048","± 1,703"
"Baltimore city, Maryland","265,998","± 3,452"
"Bethesda CDP, Maryland","29,299","± 2,008"
"Columbia CDP, Maryland","40,930","± 2,776"
"Ellicott City CDP, Maryland","28,030","± 2,251"
"Frederick city, Maryland","34,207","± 1,603"
"Gaithersburg city, Maryland","26,533","± 2,424"
"Germantown CDP, Maryland","32,826","± 2,745"
"Glen Burnie CDP, Maryland","31,776","± 2,487"
"Rockville city, Maryland","26,607","± 1,485"
"Silver Spring CDP, Maryland","31,666","± 2,884"
"Waldorf CDP, Maryland","30,132","± 1,896"
"Boston city, Massachusetts","294,977","± 3,333"
"Brockton city, Massachusetts","36,489","± 1,875"
"Cambridge city, Massachusetts","51,275","± 2,110"
"Fall River city, Massachusetts","41,466","± 2,415"
"Framingham city, Massachusetts","27,786","± 1,896"
"Haverhill city, Massachusetts","27,322","± 1,931"
"Lawrence city, Massachusetts","32,849","± 2,204"
"Lowell city, Massachusetts","43,121","± 2,462"
"Lynn city, Massachusetts","35,100","± 2,859"
"Malden city, Massachusetts","24,339","± 1,901"
"New Bedford city, Massachusetts","40,588","± 2,090"
"Newton city, Massachusetts","34,929","± 1,974"
"Quincy city, Massachusetts","44,035","± 2,476"
"Somerville city, Massachusetts","35,099","± 1,988"
"Springfield city, Massachusetts","55,547","± 2,638"
"Waltham city, Massachusetts","24,805","± 1,931"
"Worcester city, Massachusetts","83,116","± 2,966"
"Ann Arbor city, Michigan","49,611","± 2,451"
"Dearborn city, Michigan","35,733","± 2,423"
"Detroit city, Michigan","268,048","± 4,923"
"Farmington Hills city, Michigan","33,274","± 1,846"
"Flint city, Michigan","35,672","± 1,794"
"Grand Rapids city, Michigan","80,313","± 2,840"
"Kalamazoo city, Michigan","29,344","± 2,090"
"Lansing city, Michigan","50,209","± 2,261"
"Livonia city, Michigan","37,809","± 1,680"
"Novi city, Michigan","27,593","± 1,885"
"Rochester Hills city, Michigan","29,127","± 1,514"
"Southfield city, Michigan","34,277","± 2,494"
"Sterling Heights city, Michigan","50,849","± 2,455"
"Troy city, Michigan","32,778","± 1,701"
"Warren city, Michigan","54,602","± 2,248"
"Westland city, Michigan","36,377","± 1,897"
"Wyoming city, Michigan","32,830","± 2,054"
"Blaine city, Minnesota","29,846","± 1,227"
"Bloomington city, Minnesota","38,886","± 2,140"
"Brooklyn Park city, Minnesota","29,658","± 2,241"
"Duluth city, Minnesota","39,376","± 1,580"
"Eagan city, Minnesota","28,046","± 1,595"
"Lakeville city, Minnesota","26,568","± 1,600"
"Maple Grove city, Minnesota","28,147","± 1,567"
"Minneapolis city, Minnesota","194,480","± 4,873"
"Plymouth city, Minnesota","31,804","± 1,614"
"Rochester city, Minnesota","51,882","± 1,485"
"St. Cloud city, Minnesota","28,012","± 1,866"
"St. Paul city, Minnesota","128,572","± 2,698"
"Woodbury city, Minnesota","31,236","± 1,493"
"Gulfport city, Mississippi","31,985","± 1,709"
"Jackson city, Mississippi","60,638","± 2,418"
"Columbia city, Missouri","53,283","± 1,700"
"Independence city, Missouri","51,917","± 2,762"
"Kansas City city, Missouri","222,248","± 4,314"
"Lee's Summit city, Missouri","42,032","± 2,207"
"O'Fallon city, Missouri","34,707","± 1,558"
"St. Charles city, Missouri","30,947","± 1,427"
"St. Joseph city, Missouri","28,392","± 1,485"
"St. Louis city, Missouri","148,637","± 2,621"
"Springfield city, Missouri","76,851","± 2,453"
"Billings city, Montana","52,424","± 1,821"
"Missoula city, Montana","37,870","± 1,390"
"Lincoln city, Nebraska","127,640","± 1,736"
"Omaha city, Nebraska","202,635","± 2,818"
"Enterprise CDP, Nevada","90,603","± 5,535"
"Henderson city, Nevada","141,762","± 5,004"
"Las Vegas city, Nevada","253,523","± 4,746"
"North Las Vegas city, Nevada","94,459","± 3,654"
"Paradise CDP, Nevada","74,766","± 4,460"
"Reno city, Nevada","120,293","± 2,920"
"Sparks city, Nevada","43,837","± 2,435"
"Spring Valley CDP, Nevada","90,603","± 4,928"
"Sunrise Manor CDP, Nevada","63,529","± 3,603"
"Manchester city, New Hampshire","48,163","± 2,114"
"Nashua city, New Hampshire","41,039","± 1,980"
"Bayonne city, New Jersey","30,657","± 1,999"
"Camden city, New Jersey","24,871","± 1,567"
"Clifton city, New Jersey","34,482","± 2,517"
"East Orange city, New Jersey","29,947","± 2,938"
"Elizabeth city, New Jersey","45,767","± 2,373"
"Jersey City city, New Jersey","129,336","± 3,930"
"Lakewood CDP, New Jersey","14,617","± 1,760"
"Newark city, New Jersey","108,018","± 3,928"
"Passaic city, New Jersey","21,883","± 1,743"
"Paterson city, New Jersey","48,639","± 2,190"
"Toms River CDP, New Jersey","37,508","± 2,688"
"Trenton city, New Jersey","30,208","± 2,031"
"Union City city, New Jersey","26,343","± 1,546"
"Albuquerque city, New Mexico","243,739","± 3,040"
"Las Cruces city, New Mexico","47,363","± 2,479"
"Rio Rancho city, New Mexico","41,604","± 1,411"
"Santa Fe city, New Mexico","44,273","± 1,915"
"Albany city, New York","48,873","± 2,097"
"Buffalo city, New York","119,620","± 3,310"
"Cheektowaga CDP, New York","32,721","± 2,019"
"Mount Vernon city, New York","25,069","± 2,202"
"New Rochelle city, New York","34,362","± 2,560"
"New York city, New York","3,379,651","± 15,364"
"Rochester city, New York","96,205","± 3,685"
"Schenectady city, New York","30,424","± 1,733"
"Syracuse city, New York","61,878","± 2,603"
"Yonkers city, New York","82,784","± 3,278"
"Apex town, North Carolina","28,075","± 1,345"
"Asheville city, North Carolina","38,210","± 2,615"
"Cary town, North Carolina","74,460","± 3,209"
"Charlotte city, North Carolina","381,274","± 5,009"
"Concord city, North Carolina","41,845","± 1,845"
"Durham city, North Carolina","133,270","± 3,012"
"Fayetteville city, North Carolina","83,705","± 2,026"
"Gastonia city, North Carolina","32,437","± 2,203"
"Greensboro city, North Carolina","129,645","± 3,956"
"Greenville city, North Carolina","42,003","± 1,671"
"High Point city, North Carolina","48,520","± 2,955"
"Huntersville town, North Carolina","26,231","± 1,441"
"Jacksonville city, North Carolina","24,029","± 1,731"
"Raleigh city, North Carolina","219,004","± 4,451"
"Wilmington city, North Carolina","61,531","± 2,448"
"Winston-Salem city, North Carolina","108,695","± 2,679"
"Bismarck city, North Dakota","34,239","± 1,310"
"Fargo city, North Dakota","66,021","± 1,617"
"Akron city, Ohio","86,815","± 2,444"
"Canton city, Ohio","28,487","± 1,924"
"Cincinnati city, Ohio","145,964","± 3,698"
"Cleveland city, Ohio","171,450","± 4,094"
"Columbus city, Ohio","396,650","± 6,126"
"Dayton city, Ohio","59,778","± 2,754"
"Lorain city, Ohio","28,174","± 1,474"
"Parma city, Ohio","33,016","± 1,682"
"Toledo city, Ohio","118,699","± 2,320"
"Broken Arrow city, Oklahoma","46,035","± 1,669"
"Edmond city, Oklahoma","38,421","± 1,801"
"Lawton city, Oklahoma","33,438","± 984"
"Norman city, Oklahoma","54,834","± 1,947"
"Oklahoma City city, Oklahoma","290,311","± 3,962"
"Tulsa city, Oklahoma","176,944","± 2,132"
"Beaverton city, Oregon","41,793","± 1,635"
"Bend city, Oregon","47,408","± 1,870"
"Eugene city, Oregon","76,758","± 2,173"
"Gresham city, Oregon","40,617","± 2,184"
"Hillsboro city, Oregon","43,858","± 1,933"
"Medford city, Oregon","36,626","± 1,641"
"Portland city, Oregon","294,419","± 3,813"
"Salem city, Oregon","67,518","± 2,695"
"Allentown city, Pennsylvania","43,767","± 1,986"
"Bethlehem city, Pennsylvania","30,860","± 2,271"
"Erie city, Pennsylvania","41,112","± 1,728"
"Philadelphia city, Pennsylvania","702,646","± 5,320"
"Pittsburgh city, Pennsylvania","142,997","± 4,350"
"Reading city, Pennsylvania","33,334","± 1,937"
"Scranton city, Pennsylvania","29,438","± 1,682"
"Cranston city, Rhode Island","31,333","± 2,177"
"Pawtucket city, Rhode Island","30,706","± 2,281"
"Providence city, Rhode Island","73,854","± 3,153"
"Warwick city, Rhode Island","35,437","± 1,589"
"Charleston city, South Carolina","71,361","± 3,579"
"Columbia city, South Carolina","56,847","± 2,738"
"Greenville city, South Carolina","35,129","± 2,124"
"Mount Pleasant town, South Carolina","39,609","± 1,796"
"North Charleston city, South Carolina","54,982","± 3,833"
"Rock Hill city, South Carolina","31,931","± 1,950"
"Rapid City city, South Dakota","33,659","± 1,551"
"Sioux Falls city, South Dakota","93,366","± 1,770"
"Chattanooga city, Tennessee","82,182","± 2,796"
"Clarksville city, Tennessee","72,910","± 1,833"
"Franklin city, Tennessee","34,906","± 1,716"
"Jackson city, Tennessee","27,977","± 1,096"
"Johnson City city, Tennessee","32,089","± 1,717"
"Knoxville city, Tennessee","89,783","± 2,790"
"Memphis city, Tennessee","250,830","± 4,397"
"Murfreesboro city, Tennessee","64,232","± 2,605"
"Nashville-Davidson metropolitan government (balance), Tennessee","331,090","± 4,462"
"Abilene city, Texas","47,920","± 1,740"
"Allen city, Texas","40,163","± 2,186"
"Amarillo city, Texas","78,852","± 2,502"
"Arlington city, Texas","146,132","± 4,263"
"Atascocita CDP, Texas","33,739","± 3,825"
"Austin city, Texas","484,550","± 8,058"
"Baytown city, Texas","30,767","± 2,090"
"Beaumont city, Texas","44,103","± 2,293"
"Brownsville city, Texas","65,105","± 2,208"
"Bryan city, Texas","34,936","± 1,777"
"Carrollton city, Texas","53,825","± 3,164"
"Cedar Park city, Texas","28,889","± 1,609"
"College Station city, Texas","50,685","± 1,711"
"Conroe city, Texas","45,387","± 2,304"
"Corpus Christi city, Texas","121,883","± 2,875"
"Dallas city, Texas","537,317","± 9,138"
"Denton city, Texas","59,003","± 2,645"
"Edinburg city, Texas","36,594","± 2,438"
"El Paso city, Texas","246,570","± 3,658"
"Flower Mound town, Texas","29,191","± 1,642"
"Fort Worth city, Texas","362,403","± 7,055"
"Frisco city, Texas","84,855","± 2,804"
"Garland city, Texas","81,428","± 3,359"
"Georgetown city, Texas","39,528","± 2,325"
"Grand Prairie city, Texas","67,356","± 3,657"
"Harlingen city, Texas","26,590","± 1,643"
"Houston city, Texas","943,336","± 9,915"
"Irving city, Texas","93,239","± 4,080"
"Killeen city, Texas","60,609","± 2,317"
"Kyle city, Texas","25,600","± 1,687"
"Laredo city, Texas","80,968","± 1,562"
"League City city, Texas","45,985","± 2,140"
"Leander city, Texas","29,616","± 1,519"
"Lewisville city, Texas","53,925","± 2,563"
"Longview city, Texas","33,947","± 1,446"
"Lubbock city, Texas","109,722","± 2,532"
"McAllen city, Texas","49,555","± 1,914"
"McKinney city, Texas","85,091","± 3,353"
"Mansfield city, Texas","30,382","± 2,271"
"Mesquite city, Texas","55,474","± 3,504"
"Midland city, Texas","53,499","± 1,669"
"Mission city, Texas","28,749","± 1,605"
"Missouri City city, Texas","27,056","± 1,776"
"New Braunfels city, Texas","46,855","± 2,451"
"North Richland Hills city, Texas","28,987","± 1,803"
"Odessa city, Texas","52,285","± 2,664"
"Pasadena city, Texas","48,374","± 2,499"
"Pearland city, Texas","46,043","± 2,740"
"Pflugerville city, Texas","24,783","± 1,741"
"Pharr city, Texas","24,591","± 1,703"
"Plano city, Texas","115,376","± 3,629"
"Richardson city, Texas","45,022","± 2,066"
"Round Rock city, Texas","51,351","± 2,466"
"Rowlett city, Texas","26,099","± 2,528"
"San Angelo city, Texas","41,727","± 1,481"
"San Antonio city, Texas","568,979","± 7,359"
"San Marcos city, Texas","28,566","± 1,776"
"Spring CDP, Texas","25,429","± 3,063"
"Sugar Land city, Texas","39,314","± 2,225"
"Temple city, Texas","37,229","± 2,175"
"The Woodlands CDP, Texas","50,311","± 3,209"
"Tyler city, Texas","41,116","± 1,957"
"Victoria city, Texas","27,775","± 1,148"
"Waco city, Texas","56,469","± 2,083"
"Wichita Falls city, Texas","38,289","± 1,577"
"Layton city, Utah","27,165","± 1,357"
"Lehi city, Utah","25,642","± 1,311"
"Ogden city, Utah","33,399","± 1,709"
"Orem city, Utah","30,486","± 1,526"
"Provo city, Utah","34,923","± 1,216"
"St. George city, Utah","38,560","± 2,126"
"Salt Lake City city, Utah","98,916","± 3,919"
"Sandy city, Utah","34,959","± 1,863"
"South Jordan city, Utah","24,948","± 1,560"
"West Jordan city, Utah","38,373","± 1,852"
"West Valley City city, Utah","40,846","± 2,179"
"Alexandria city, Virginia","78,896","± 1,178"
"Arlington CDP, Virginia","113,562","± 2,431"
"Centreville CDP, Virginia","24,168","± 2,115"
"Chesapeake city, Virginia","95,340","± 1,196"
"Dale City CDP, Virginia","21,251","± 1,938"
"Hampton city, Virginia","57,961","± 1,246"
"Lynchburg city, Virginia","29,387","± 1,297"
"Newport News city, Virginia","76,511","± 1,700"
"Norfolk city, Virginia","94,592","± 1,893"
"Portsmouth city, Virginia","40,288","± 1,117"
"Reston CDP, Virginia","30,104","± 2,307"
"Richmond city, Virginia","108,990","± 1,943"
"Roanoke city, Virginia","42,824","± 1,828"
"Suffolk city, Virginia","38,929","± 1,065"
"Virginia Beach city, Virginia","179,761","± 2,290"
"Auburn city, Washington","31,425","± 2,093"
"Bellevue city, Washington","64,512","± 2,370"
"Bellingham city, Washington","42,710","± 1,959"
"Everett city, Washington","46,565","± 2,716"
"Federal Way city, Washington","35,191","± 2,175"
"Kennewick city, Washington","33,463","± 2,126"
"Kent city, Washington","46,607","± 2,707"
"Kirkland city, Washington","39,381","± 2,177"
"Marysville city, Washington","25,723","± 1,727"
"Pasco city, Washington","26,295","± 1,210"
"Redmond city, Washington","35,838","± 1,946"
"Renton city, Washington","39,953","± 2,121"
"Sammamish city, Washington","20,804","± 841"
"Seattle city, Washington","383,698","± 5,364"
"Shoreline city, Washington","27,025","± 1,813"
"South Hill CDP, Washington","25,104","± 2,521"
"Spokane city, Washington","99,109","± 2,493"
"Spokane Valley city, Washington","43,705","± 1,885"
"Tacoma city, Washington","95,835","± 2,787"
"Vancouver city, Washington","85,374","± 2,731"
"Yakima city, Washington","37,840","± 1,735"
"Appleton city, Wisconsin","29,624","± 1,366"
"Eau Claire city, Wisconsin","32,784","± 1,017"
"Green Bay city, Wisconsin","41,209","± 1,709"
"Janesville city, Wisconsin","29,204","± 1,394"
"Kenosha city, Wisconsin","41,282","± 1,577"
"Madison city, Wisconsin","133,564","± 3,065"
"Milwaukee city, Wisconsin","235,240","± 4,635"
"Oshkosh city, Wisconsin","29,093","± 1,288"
"Racine city, Wisconsin","33,149","± 1,801"
"Waukesha city, Wisconsin","30,382","± 1,504"
"Cheyenne city, Wyoming","30,677","± 1,209"
"Bayamón zona urbana, Puerto Rico","68,050","± 2,306"
"Caguas zona urbana, Puerto Rico","27,112","± 2,197"
"Carolina zona urbana, Puerto Rico","56,857","± 2,432"
"Guaynabo zona urbana, Puerto Rico","27,405","± 1,682"
"Ponce zona urbana, Puerto Rico","46,634","± 1,841"
"San Juan zona urbana, Puerto Rico","138,716","± 4,502"