"Geographic Area Name","Units Built (2024)","MoE"
"Auburn city, Alabama","36,889","± 1,964"
"Birmingham city, Alabama","110,757","± 3,747"
"Dothan city, Alabama","34,695","± 1,103"
"Hoover city, Alabama","41,940","± 2,384"
"Huntsville city, Alabama","106,466","± 2,793"
"Madison city, Alabama","26,517","± 1,974"
"Mobile city, Alabama","96,342","± 2,851"
"Montgomery city, Alabama","95,296","± 1,288"
"Tuscaloosa city, Alabama","53,324","± 1,917"
"Anchorage municipality, Alaska","121,214","± 261"
"Avondale city, Arizona","34,080","± 2,413"
"Buckeye city, Arizona","40,770","± 2,561"
"Casa Grande city, Arizona","24,668","± 2,108"
"Casas Adobes CDP, Arizona","35,045","± 2,609"
"Chandler city, Arizona","114,957","± 4,707"
"Flagstaff city, Arizona","33,617","± 1,603"
"Gilbert town, Arizona","104,289","± 3,581"
"Glendale city, Arizona","98,383","± 4,413"
"Goodyear city, Arizona","48,640","± 2,715"
"Maricopa city, Arizona","27,389","± 2,213"
"Mesa city, Arizona","223,662","± 6,128"
"Peoria city, Arizona","80,681","± 3,623"
"Phoenix city, Arizona","678,852","± 8,847"
"San Tan Valley CDP, Arizona","39,491","± 3,269"
"Scottsdale city, Arizona","139,766","± 4,792"
"Surprise city, Arizona","69,450","± 3,019"
"Tempe city, Arizona","91,442","± 4,344"
"Tucson city, Arizona","251,448","± 4,460"
"Yuma city, Arizona","44,723","± 2,771"
"Conway city, Arkansas","31,036","± 1,129"
"Fayetteville city, Arkansas","47,942","± 2,272"
"Fort Smith city, Arkansas","41,482","± 1,216"
"Jonesboro city, Arkansas","36,969","± 1,106"
"Little Rock city, Arkansas","99,014","± 2,978"
"Rogers city, Arkansas","31,314","± 2,080"
"Springdale city, Arkansas","32,643","± 2,515"
"Alameda city, California","32,320","± 1,897"
"Alhambra city, California","35,131","± 1,995"
"Anaheim city, California","113,613","± 4,035"
"Antioch city, California","39,879","± 2,205"
"Apple Valley town, California","27,627","± 2,058"
"Arden-Arcade CDP, California","42,031","± 3,173"
"Bakersfield city, California","139,391","± 3,602"
"Baldwin Park city, California","20,310","± 1,315"
"Bellflower city, California","26,173","± 1,886"
"Berkeley city, California","54,202","± 2,952"
"Brentwood city, California","21,800","± 1,483"
"Buena Park city, California","25,789","± 1,791"
"Burbank city, California","46,928","± 2,657"
"Camarillo city, California","27,476","± 1,662"
"Carlsbad city, California","47,475","± 2,648"
"Carmichael CDP, California","33,342","± 2,457"
"Carson city, California","29,300","± 2,032"
"Castro Valley CDP, California","21,718","± 1,694"
"Chico city, California","49,392","± 1,978"
"Chino city, California","27,300","± 1,761"
"Chino Hills city, California","24,121","± 1,448"
"Chula Vista city, California","91,470","± 3,750"
"Citrus Heights city, California","35,082","± 2,138"
"Clovis city, California","49,505","± 2,447"
"Compton city, California","23,647","± 1,495"
"Concord city, California","51,604","± 2,329"
"Corona city, California","52,505","± 2,023"
"Costa Mesa city, California","44,365","± 3,043"
"Daly City city, California","38,324","± 2,424"
"Davis city, California","26,755","± 1,720"
"Downey city, California","35,543","± 1,910"
"Dublin city, California","24,565","± 1,589"
"East Los Angeles CDP, California","33,707","± 2,352"
"El Cajon city, California","33,340","± 2,263"
"Elk Grove city, California","56,446","± 2,063"
"El Monte city, California","30,610","± 1,603"
"Escondido city, California","49,196","± 2,229"
"Fairfield city, California","43,053","± 2,347"
"Folsom city, California","33,593","± 1,976"
"Fontana city, California","61,759","± 2,001"
"Fremont city, California","83,597","± 2,904"
"Fresno city, California","189,450","± 3,662"
"Fullerton city, California","52,304","± 2,208"
"Garden Grove city, California","52,475","± 2,424"
"Glendale city, California","75,907","± 2,693"
"Hawthorne city, California","32,560","± 2,546"
"Hayward city, California","54,320","± 2,873"
"Hemet city, California","35,479","± 2,660"
"Hesperia city, California","29,718","± 2,100"
"Huntington Beach city, California","82,014","± 3,605"
"Indio city, California","36,310","± 2,482"
"Inglewood city, California","44,315","± 2,733"
"Irvine city, California","121,814","± 4,014"
"Jurupa Valley city, California","28,434","± 1,819"
"Lake Elsinore city, California","22,574","± 1,792"
"Lake Forest city, California","31,620","± 1,803"
"Lakewood city, California","26,797","± 1,503"
"Lancaster city, California","53,646","± 3,121"
"Livermore city, California","32,741","± 1,751"
"Lodi city, California","26,198","± 1,926"
"Long Beach city, California","181,216","± 4,843"
"Los Angeles city, California","1,587,311","± 10,556"
"Lynwood city, California","15,896","± 1,118"
"Madera city, California","19,148","± 1,365"
"Manteca city, California","28,831","± 1,951"
"Menifee city, California","41,467","± 2,561"
"Merced city, California","28,968","± 1,457"
"Milpitas city, California","25,800","± 1,676"
"Mission Viejo city, California","34,794","± 2,324"
"Modesto city, California","75,882","± 2,425"
"Moreno Valley city, California","59,400","± 2,657"
"Mountain View city, California","40,350","± 2,248"
"Murrieta city, California","36,988","± 2,388"
"Napa city, California","31,866","± 1,536"
"Newport Beach city, California","44,042","± 3,312"
"Norwalk city, California","27,169","± 1,627"
"Oakland city, California","201,061","± 4,872"
"Oceanside city, California","68,129","± 3,277"
"Ontario city, California","58,170","± 2,736"
"Orange city, California","46,126","± 2,530"
"Oxnard city, California","59,503","± 2,419"
"Palmdale city, California","46,588","± 2,473"
"Palo Alto city, California","29,550","± 1,940"
"Pasadena city, California","65,444","± 3,488"
"Perris city, California","21,734","± 1,812"
"Pittsburg city, California","25,940","± 1,591"
"Pleasanton city, California","30,795","± 1,662"
"Pomona city, California","44,805","± 2,108"
"Rancho Cordova city, California","31,434","± 2,027"
"Rancho Cucamonga city, California","62,033","± 2,838"
"Redding city, California","42,795","± 1,517"
"Redlands city, California","27,483","± 2,237"
"Redondo Beach city, California","29,786","± 2,372"
"Redwood City city, California","31,425","± 2,062"
"Rialto city, California","27,511","± 1,604"
"Richmond city, California","42,406","± 2,938"
"Riverside city, California","107,868","± 4,047"
"Rocklin city, California","28,083","± 1,739"
"Roseville city, California","63,419","± 2,317"
"Sacramento city, California","211,869","± 5,142"
"Salinas city, California","43,077","± 2,134"
"San Bernardino city, California","68,594","± 3,026"
"San Buenaventura (Ventura) city, California","46,276","± 2,203"
"San Diego city, California","588,866","± 7,015"
"San Francisco city, California","420,054","± 476"
"San Jose city, California","345,884","± 4,212"
"San Leandro city, California","32,204","± 2,233"
"San Marcos city, California","31,911","± 2,040"
"San Mateo city, California","42,391","± 2,484"
"San Ramon city, California","30,102","± 1,275"
"Santa Ana city, California","87,405","± 3,037"
"Santa Barbara city, California","41,372","± 2,576"
"Santa Clara city, California","56,625","± 2,413"
"Santa Clarita city, California","76,758","± 2,498"
"Santa Maria city, California","31,801","± 2,195"
"Santa Monica city, California","54,322","± 3,205"
"Santa Rosa city, California","72,855","± 2,803"
"Simi Valley city, California","45,201","± 2,169"
"South Gate city, California","27,556","± 1,451"
"Stockton city, California","104,027","± 2,881"
"Sunnyvale city, California","65,453","± 3,165"
"Temecula city, California","39,835","± 2,182"
"Thousand Oaks city, California","46,439","± 1,938"
"Torrance city, California","56,540","± 2,830"
"Tracy city, California","33,844","± 1,823"
"Tulare city, California","22,847","± 1,676"
"Turlock city, California","25,965","± 1,665"
"Tustin city, California","30,118","± 1,952"
"Union City city, California","20,505","± 1,461"
"Upland city, California","28,366","± 1,630"
"Vacaville city, California","35,389","± 1,959"
"Vallejo city, California","49,478","± 2,199"
"Victorville city, California","43,797","± 2,370"
"Visalia city, California","51,136","± 2,302"
"Vista city, California","36,136","± 2,267"
"Walnut Creek city, California","36,018","± 2,172"
"West Covina city, California","36,078","± 1,742"
"Westminster city, California","28,953","± 1,929"
"Whittier city, California","31,200","± 2,134"
"Yorba Linda city, California","22,701","± 1,215"
"Yuba City city, California","24,528","± 1,008"
"Arvada city, Colorado","52,952","± 2,275"
"Aurora city, Colorado","160,276","± 3,623"
"Boulder city, Colorado","49,329","± 2,008"
"Broomfield city, Colorado","35,497","± 26"
"Castle Rock town, Colorado","31,105","± 1,776"
"Centennial city, Colorado","42,799","± 1,685"
"Colorado Springs city, Colorado","218,794","± 3,002"
"Commerce City city, Colorado","23,810","± 2,882"
"Denver city, Colorado","372,123","± 362"
"Fort Collins city, Colorado","77,858","± 2,106"
"Grand Junction city, Colorado","32,332","± 1,549"
"Greeley city, Colorado","44,668","± 2,357"
"Highlands Ranch CDP, Colorado","39,385","± 2,265"
"Lakewood city, Colorado","75,083","± 2,603"
"Longmont city, Colorado","45,434","± 2,469"
"Loveland city, Colorado","34,956","± 2,005"
"Parker town, Colorado","22,408","± 1,786"
"Pueblo city, Colorado","50,089","± 1,666"
"Thornton city, Colorado","56,586","± 2,681"
"Westminster city, Colorado","50,516","± 2,742"
"Bridgeport city, Connecticut","59,815","± 2,187"
"Danbury city, Connecticut","37,066","± 2,610"
"Hartford city, Connecticut","57,239","± 2,998"
"New Britain city, Connecticut","32,173","± 2,257"
"New Haven city, Connecticut","61,203","± 2,809"
"Norwalk city, Connecticut","37,003","± 2,292"
"Stamford city, Connecticut","58,207","± 2,802"
"Waterbury city, Connecticut","48,823","± 2,711"
"Wilmington city, Delaware","35,325","± 3,024"
"Washington city, District of Columbia","368,700","± 86"
"Alafaya CDP, Florida","35,789","± 3,330"
"Boca Raton city, Florida","48,859","± 2,601"
"Boynton Beach city, Florida","41,454","± 3,127"
"Brandon CDP, Florida","49,690","± 4,262"
"Cape Coral city, Florida","110,587","± 4,119"
"Clearwater city, Florida","62,989","± 3,489"
"Coral Springs city, Florida","47,327","± 2,855"
"Davie town, Florida","44,743","± 2,883"
"Daytona Beach city, Florida","46,414","± 2,779"
"Deerfield Beach city, Florida","48,717","± 3,541"
"Delray Beach city, Florida","42,298","± 2,808"
"Deltona city, Florida","36,400","± 2,492"
"Doral city, Florida","32,737","± 1,958"
"Fort Lauderdale city, Florida","98,308","± 4,813"
"Fort Myers city, Florida","49,423","± 3,409"
"Four Corners CDP, Florida","40,999","± 4,008"
"Gainesville city, Florida","66,610","± 2,908"
"Hialeah city, Florida","81,348","± 2,815"
"Hollywood city, Florida","69,850","± 3,477"
"Homestead city, Florida","30,815","± 2,189"
"Jacksonville city, Florida","449,941","± 1,719"
"Kendall CDP, Florida","33,016","± 2,990"
"Kissimmee city, Florida","32,268","± 2,706"
"Lakeland city, Florida","54,975","± 3,180"
"Largo city, Florida","50,411","± 3,083"
"Lauderhill city, Florida","34,015","± 2,702"
"Lehigh Acres CDP, Florida","48,207","± 3,366"
"Melbourne city, Florida","41,188","± 2,530"
"Miami city, Florida","229,852","± 5,760"
"Miami Beach city, Florida","60,552","± 3,531"
"Miami Gardens city, Florida","37,106","± 1,969"
"Miramar city, Florida","47,628","± 2,533"
"North Port city, Florida","43,919","± 2,589"
"Ocala city, Florida","32,268","± 2,275"
"Orlando city, Florida","151,487","± 6,394"
"Palm Bay city, Florida","52,978","± 3,306"
"Palm Coast city, Florida","49,308","± 1,767"
"Pembroke Pines city, Florida","66,797","± 2,913"
"Pine Hills CDP, Florida","25,783","± 2,792"
"Plantation city, Florida","42,120","± 2,718"
"Poinciana CDP, Florida","33,049","± 3,865"
"Pompano Beach city, Florida","64,308","± 4,107"
"Port Charlotte CDP, Florida","34,103","± 2,743"
"Port Orange city, Florida","31,855","± 2,282"
"Port St. Lucie city, Florida","99,750","± 3,223"
"Riverview CDP, Florida","43,689","± 4,399"
"St. Cloud city, Florida","24,743","± 1,887"
"St. Petersburg city, Florida","141,689","± 4,625"
"Sanford city, Florida","28,308","± 1,923"
"Spring Hill CDP, Florida","51,087","± 2,496"
"Sunrise city, Florida","36,612","± 2,920"
"Tallahassee city, Florida","101,562","± 1,980"
"Tamarac city, Florida","32,610","± 2,835"
"Tampa city, Florida","194,129","± 4,656"
"The Villages CDP, Florida","56,567","± 3,202"
"Town 'n' Country CDP, Florida","36,630","± 3,207"
"Wesley Chapel CDP, Florida","31,922","± 2,864"
"West Palm Beach city, Florida","64,847","± 3,611"
"Albany city, Georgia","34,088","± 948"
"Alpharetta city, Georgia","27,878","± 1,886"
"Athens-Clarke County unified government (balance), Georgia","59,137","± 266"
"Atlanta city, Georgia","284,949","± 5,143"
"Augusta-Richmond County consolidated government (balance), Georgia","92,213","± 710"
"Columbus city, Georgia","93,004","± 71"
"Johns Creek city, Georgia","30,077","± 1,390"
"Mableton city, Georgia","31,801","± 2,251"
"Macon-Bibb County, Georgia","71,955","± 78"
"Roswell city, Georgia","36,969","± 2,041"
"Sandy Springs city, Georgia","52,460","± 2,593"
"Savannah city, Georgia","67,733","± 2,499"
"South Fulton city, Georgia","45,673","± 3,008"
"Warner Robins city, Georgia","37,268","± 1,525"
"Urban Honolulu CDP, Hawaii","160,881","± 3,617"
"Boise City city, Idaho","111,396","± 2,341"
"Caldwell city, Idaho","25,205","± 1,320"
"Idaho Falls city, Idaho","28,021","± 1,216"
"Meridian city, Idaho","54,567","± 2,149"
"Nampa city, Idaho","44,004","± 1,618"
"Arlington Heights village, Illinois","32,515","± 2,577"
"Aurora city, Illinois","65,480","± 2,708"
"Bloomington city, Illinois","37,624","± 1,528"
"Bolingbrook village, Illinois","25,621","± 1,601"
"Champaign city, Illinois","40,828","± 2,284"
"Chicago city, Illinois","1,282,248","± 9,537"
"Cicero town, Illinois","24,754","± 1,956"
"Decatur city, Illinois","34,868","± 1,268"
"Elgin city, Illinois","40,561","± 2,340"
"Evanston city, Illinois","33,934","± 2,033"
"Joliet city, Illinois","51,786","± 1,980"
"Naperville city, Illinois","58,188","± 2,204"
"Palatine village, Illinois","30,398","± 1,904"
"Peoria city, Illinois","54,176","± 2,187"
"Rockford city, Illinois","64,380","± 1,994"
"Schaumburg village, Illinois","32,794","± 2,196"
"Skokie village, Illinois","24,623","± 1,888"
"Springfield city, Illinois","57,799","± 1,568"
"Waukegan city, Illinois","34,440","± 2,392"
"Bloomington city, Indiana","37,696","± 1,930"
"Carmel city, Indiana","43,665","± 2,205"
"Evansville city, Indiana","59,237","± 1,781"
"Fishers city, Indiana","40,343","± 1,948"
"Fort Wayne city, Indiana","120,521","± 2,456"
"Gary city, Indiana","37,594","± 2,532"
"Greenwood city, Indiana","29,039","± 1,746"
"Hammond city, Indiana","33,623","± 2,293"
"Indianapolis city (balance), Indiana","405,450","± 3,436"
"Lafayette city, Indiana","35,100","± 1,865"
"Muncie city, Indiana","31,454","± 1,242"
"Noblesville city, Indiana","29,064","± 2,268"
"South Bend city, Indiana","49,377","± 1,884"
"Ames city, Iowa","28,700","± 888"
"Ankeny city, Iowa","31,328","± 2,268"
"Cedar Rapids city, Iowa","64,678","± 1,888"
"Davenport city, Iowa","45,814","± 1,432"
"Des Moines city, Iowa","95,681","± 3,359"
"Iowa City city, Iowa","34,468","± 1,407"
"Sioux City city, Iowa","34,965","± 1,120"
"Waterloo city, Iowa","32,083","± 1,454"
"West Des Moines city, Iowa","36,235","± 2,234"
"Kansas City city, Kansas","63,903","± 1,217"
"Lawrence city, Kansas","43,511","± 1,027"
"Olathe city, Kansas","56,011","± 2,116"
"Overland Park city, Kansas","89,184","± 2,364"
"Shawnee city, Kansas","30,142","± 1,773"
"Topeka city, Kansas","60,213","± 1,439"
"Wichita city, Kansas","178,820","± 2,597"
"Bowling Green city, Kentucky","35,972","± 1,528"
"Lexington-Fayette urban county, Kentucky","151,485","± 180"
"Louisville/Jefferson County metro government (balance), Kentucky","295,381","± 2,259"
"Baton Rouge city, Louisiana","108,987","± 3,899"
"Kenner city, Louisiana","28,663","± 2,305"
"Lafayette city, Louisiana","61,395","± 1,981"
"Lake Charles city, Louisiana","42,813","± 2,527"
"Metairie CDP, Louisiana","66,195","± 3,388"
"New Orleans city, Louisiana","196,906","± 187"
"Shreveport city, Louisiana","89,174","± 2,393"
"Portland city, Maine","39,175","± 1,950"
"Baltimore city, Maryland","297,571","± 95"
"Bethesda CDP, Maryland","30,878","± 2,129"
"Columbia CDP, Maryland","42,337","± 2,800"
"Ellicott City CDP, Maryland","28,472","± 2,284"
"Frederick city, Maryland","36,720","± 1,911"
"Gaithersburg city, Maryland","28,620","± 2,734"
"Germantown CDP, Maryland","33,630","± 2,817"
"Glen Burnie CDP, Maryland","33,655","± 2,422"
"Rockville city, Maryland","27,944","± 1,704"
"Silver Spring CDP, Maryland","34,614","± 2,997"
"Waldorf CDP, Maryland","31,655","± 1,956"
"Boston city, Massachusetts","318,010","± 2,440"
"Brockton city, Massachusetts","37,692","± 1,939"
"Cambridge city, Massachusetts","57,127","± 2,490"
"Fall River city, Massachusetts","44,843","± 2,626"
"Framingham city, Massachusetts","29,370","± 2,050"
"Haverhill city, Massachusetts","29,200","± 1,984"
"Lawrence city, Massachusetts","33,714","± 2,251"
"Lowell city, Massachusetts","44,643","± 2,451"
"Lynn city, Massachusetts","36,792","± 2,828"
"Malden city, Massachusetts","26,417","± 2,287"
"New Bedford city, Massachusetts","42,508","± 2,134"
"Newton city, Massachusetts","36,671","± 2,240"
"Quincy city, Massachusetts","46,182","± 2,790"
"Somerville city, Massachusetts","36,498","± 1,973"
"Springfield city, Massachusetts","59,582","± 2,734"
"Waltham city, Massachusetts","26,038","± 2,294"
"Worcester city, Massachusetts","89,723","± 3,353"
"Ann Arbor city, Michigan","54,387","± 2,327"
"Dearborn city, Michigan","37,390","± 2,512"
"Detroit city, Michigan","343,649","± 4,619"
"Farmington Hills city, Michigan","36,896","± 2,272"
"Flint city, Michigan","44,226","± 2,088"
"Grand Rapids city, Michigan","84,949","± 2,996"
"Kalamazoo city, Michigan","32,160","± 2,136"
"Lansing city, Michigan","54,614","± 2,095"
"Livonia city, Michigan","39,717","± 2,034"
"Novi city, Michigan","28,809","± 2,097"
"Rochester Hills city, Michigan","30,961","± 1,659"
"Southfield city, Michigan","39,273","± 2,697"
"Sterling Heights city, Michigan","52,198","± 2,577"
"Troy city, Michigan","34,644","± 1,694"
"Warren city, Michigan","56,962","± 2,332"
"Westland city, Michigan","39,198","± 2,319"
"Wyoming city, Michigan","32,974","± 2,060"
"Blaine city, Minnesota","31,002","± 1,318"
"Bloomington city, Minnesota","40,313","± 2,473"
"Brooklyn Park city, Minnesota","30,682","± 2,313"
"Duluth city, Minnesota","41,325","± 1,447"
"Eagan city, Minnesota","28,814","± 1,651"
"Lakeville city, Minnesota","27,216","± 1,676"
"Maple Grove city, Minnesota","28,566","± 1,533"
"Minneapolis city, Minnesota","216,155","± 5,422"
"Plymouth city, Minnesota","33,300","± 1,829"
"Rochester city, Minnesota","56,179","± 1,155"
"St. Cloud city, Minnesota","29,831","± 1,946"
"St. Paul city, Minnesota","135,910","± 2,679"
"Woodbury city, Minnesota","32,796","± 1,560"
"Gulfport city, Mississippi","37,448","± 1,787"
"Jackson city, Mississippi","74,917","± 2,001"
"Columbia city, Missouri","56,162","± 1,568"
"Independence city, Missouri","57,699","± 3,268"
"Kansas City city, Missouri","246,544","± 4,500"
"Lee's Summit city, Missouri","43,187","± 2,255"
"O'Fallon city, Missouri","36,134","± 1,786"
"St. Charles city, Missouri","33,094","± 1,829"
"St. Joseph city, Missouri","33,505","± 844"
"St. Louis city, Missouri","174,694","± 155"
"Springfield city, Missouri","85,301","± 1,869"
"Billings city, Montana","55,694","± 1,585"
"Missoula city, Montana","40,204","± 1,188"
"Lincoln city, Nebraska","133,537","± 1,025"
"Omaha city, Nebraska","214,685","± 1,948"
"Enterprise CDP, Nevada","96,620","± 5,458"
"Henderson city, Nevada","149,552","± 4,937"
"Las Vegas city, Nevada","276,629","± 5,194"
"North Las Vegas city, Nevada","99,283","± 3,822"
"Paradise CDP, Nevada","90,891","± 4,854"
"Reno city, Nevada","131,752","± 2,833"
"Sparks city, Nevada","46,468","± 2,578"
"Spring Valley CDP, Nevada","97,499","± 5,268"
"Sunrise Manor CDP, Nevada","70,198","± 3,714"
"Manchester city, New Hampshire","51,403","± 2,333"
"Nashua city, New Hampshire","42,561","± 1,995"
"Bayonne city, New Jersey","32,569","± 2,243"
"Camden city, New Jersey","27,709","± 1,714"
"Clifton city, New Jersey","35,620","± 2,534"
"East Orange city, New Jersey","31,661","± 3,084"
"Elizabeth city, New Jersey","48,518","± 2,465"
"Jersey City city, New Jersey","139,835","± 4,132"
"Lakewood CDP, New Jersey","15,755","± 1,755"
"Newark city, New Jersey","118,991","± 3,983"
"Passaic city, New Jersey","22,676","± 1,727"
"Paterson city, New Jersey","51,363","± 2,348"
"Toms River CDP, New Jersey","41,095","± 2,873"
"Trenton city, New Jersey","31,821","± 1,963"
"Union City city, New Jersey","27,745","± 1,718"
"Albuquerque city, New Mexico","261,899","± 2,270"
"Las Cruces city, New Mexico","50,867","± 2,425"
"Rio Rancho city, New Mexico","43,647","± 1,086"
"Santa Fe city, New Mexico","49,662","± 1,636"
"Albany city, New York","52,788","± 2,342"
"Buffalo city, New York","136,533","± 3,087"
"Cheektowaga CDP, New York","34,762","± 2,149"
"Mount Vernon city, New York","27,180","± 2,357"
"New Rochelle city, New York","35,086","± 2,669"
"New York city, New York","3,737,632","± 4,113"
"Rochester city, New York","108,892","± 3,701"
"Schenectady city, New York","32,000","± 1,765"
"Syracuse city, New York","69,639","± 2,792"
"Yonkers city, New York","87,491","± 3,906"
"Apex town, North Carolina","29,338","± 1,642"
"Asheville city, North Carolina","54,967","± 2,534"
"Cary town, North Carolina","76,557","± 3,493"
"Charlotte city, North Carolina","415,975","± 3,566"
"Concord city, North Carolina","44,833","± 1,900"
"Durham city, North Carolina","146,201","± 1,622"
"Fayetteville city, North Carolina","93,506","± 2,054"
"Gastonia city, North Carolina","36,671","± 2,045"
"Greensboro city, North Carolina","139,194","± 3,547"
"Greenville city, North Carolina","47,780","± 1,749"
"High Point city, North Carolina","51,373","± 3,007"
"Huntersville town, North Carolina","27,017","± 1,645"
"Jacksonville city, North Carolina","25,860","± 1,726"
"Raleigh city, North Carolina","234,750","± 4,977"
"Wilmington city, North Carolina","67,186","± 2,162"
"Winston-Salem city, North Carolina","116,276","± 2,415"
"Bismarck city, North Dakota","35,757","± 1,067"
"Fargo city, North Dakota","67,310","± 1,667"
"Akron city, Ohio","94,725","± 2,533"
"Canton city, Ohio","32,425","± 2,110"
"Cincinnati city, Ohio","160,935","± 4,096"
"Cleveland city, Ohio","204,873","± 3,985"
"Columbus city, Ohio","436,552","± 4,960"
"Dayton city, Ohio","73,068","± 3,092"
"Lorain city, Ohio","31,527","± 1,764"
"Parma city, Ohio","34,643","± 1,894"
"Toledo city, Ohio","131,630","± 2,188"
"Broken Arrow city, Oklahoma","48,629","± 1,733"
"Edmond city, Oklahoma","41,692","± 2,057"
"Lawton city, Oklahoma","39,738","± 704"
"Norman city, Oklahoma","57,165","± 1,882"
"Oklahoma City city, Oklahoma","314,255","± 3,914"
"Tulsa city, Oklahoma","194,104","± 1,799"
"Beaverton city, Oregon","43,690","± 1,811"
"Bend city, Oregon","51,443","± 1,719"
"Eugene city, Oregon","82,143","± 2,431"
"Gresham city, Oregon","42,195","± 2,286"
"Hillsboro city, Oregon","46,379","± 2,343"
"Medford city, Oregon","38,961","± 1,859"
"Portland city, Oregon","315,899","± 2,758"
"Salem city, Oregon","72,661","± 2,893"
"Allentown city, Pennsylvania","47,980","± 2,152"
"Bethlehem city, Pennsylvania","32,460","± 2,323"
"Erie city, Pennsylvania","45,557","± 1,686"
"Philadelphia city, Pennsylvania","763,527","± 184"
"Pittsburgh city, Pennsylvania","167,913","± 5,190"
"Reading city, Pennsylvania","35,408","± 1,945"
"Scranton city, Pennsylvania","35,202","± 1,807"
"Cranston city, Rhode Island","33,284","± 2,411"
"Pawtucket city, Rhode Island","31,824","± 2,374"
"Providence city, Rhode Island","81,131","± 3,473"
"Warwick city, Rhode Island","36,715","± 1,647"
"Charleston city, South Carolina","80,579","± 4,370"
"Columbia city, South Carolina","64,975","± 3,078"
"Greenville city, South Carolina","38,636","± 2,340"
"Mount Pleasant town, South Carolina","42,710","± 1,964"
"North Charleston city, South Carolina","61,674","± 3,556"
"Rock Hill city, South Carolina","34,935","± 2,033"
"Rapid City city, South Dakota","37,216","± 1,246"
"Sioux Falls city, South Dakota","97,927","± 1,158"
"Chattanooga city, Tennessee","89,451","± 2,667"
"Clarksville city, Tennessee","76,694","± 1,465"
"Franklin city, Tennessee","37,964","± 1,860"
"Jackson city, Tennessee","29,084","± 1,034"
"Johnson City city, Tennessee","34,301","± 1,640"
"Knoxville city, Tennessee","99,290","± 2,805"
"Memphis city, Tennessee","291,759","± 3,489"
"Murfreesboro city, Tennessee","71,868","± 2,535"
"Nashville-Davidson metropolitan government (balance), Tennessee","369,824","± 1,165"
"Abilene city, Texas","55,160","± 1,341"
"Allen city, Texas","41,663","± 2,361"
"Amarillo city, Texas","87,454","± 2,116"
"Arlington city, Texas","158,894","± 4,795"
"Atascocita CDP, Texas","35,687","± 4,056"
"Austin city, Texas","518,574","± 7,242"
"Baytown city, Texas","34,763","± 2,317"
"Beaumont city, Texas","52,008","± 2,373"
"Brownsville city, Texas","68,583","± 2,258"
"Bryan city, Texas","38,062","± 1,766"
"Carrollton city, Texas","56,799","± 3,389"
"Cedar Park city, Texas","29,481","± 1,707"
"College Station city, Texas","55,151","± 1,858"
"Conroe city, Texas","49,157","± 2,915"
"Corpus Christi city, Texas","139,618","± 1,482"
"Dallas city, Texas","599,962","± 8,442"
"Denton city, Texas","63,538","± 3,000"
"Edinburg city, Texas","40,423","± 2,655"
"El Paso city, Texas","267,769","± 2,692"
"Flower Mound town, Texas","30,111","± 1,744"
"Fort Worth city, Texas","397,627","± 8,202"
"Frisco city, Texas","86,733","± 2,778"
"Garland city, Texas","86,420","± 3,869"
"Georgetown city, Texas","42,097","± 2,398"
"Grand Prairie city, Texas","71,787","± 3,894"
"Harlingen city, Texas","29,798","± 1,740"
"Houston city, Texas","1,070,556","± 9,665"
"Irving city, Texas","103,492","± 4,261"
"Killeen city, Texas","66,889","± 2,398"
"Laredo city, Texas","87,698","± 764"
"League City city, Texas","49,049","± 2,425"
"Leander city, Texas","30,656","± 1,690"
"Lewisville city, Texas","55,941","± 2,625"
"Longview city, Texas","36,026","± 1,441"
"Lubbock city, Texas","124,364","± 1,671"
"McAllen city, Texas","56,730","± 2,491"
"McKinney city, Texas","88,397","± 3,703"
"Mansfield city, Texas","32,209","± 2,346"
"Mesquite city, Texas","58,835","± 3,669"
"Midland city, Texas","57,725","± 1,486"
"Mission city, Texas","33,698","± 1,877"
"Missouri City city, Texas","29,265","± 1,989"
"New Braunfels city, Texas","51,612","± 2,593"
"North Richland Hills city, Texas","30,249","± 2,041"
"Odessa city, Texas","53,957","± 2,587"
"Pasadena city, Texas","51,693","± 2,750"
"Pearland city, Texas","49,496","± 2,988"
"Pflugerville city, Texas","26,096","± 1,894"
"Pharr city, Texas","27,224","± 1,952"
"Plano city, Texas","120,096","± 3,644"
"Richardson city, Texas","46,504","± 1,984"
"Round Rock city, Texas","55,692","± 2,657"
"Rowlett city, Texas","27,067","± 2,605"
"San Angelo city, Texas","44,513","± 1,246"
"San Antonio city, Texas","629,160","± 5,762"
"San Marcos city, Texas","31,896","± 1,904"
"Spring CDP, Texas","26,637","± 3,227"
"Sugar Land city, Texas","40,891","± 2,406"
"Temple city, Texas","39,824","± 2,281"
"The Woodlands CDP, Texas","52,565","± 3,469"
"Tyler city, Texas","45,971","± 2,082"
"Victoria city, Texas","31,143","± 842"
"Waco city, Texas","62,409","± 2,022"
"Wichita Falls city, Texas","43,762","± 1,106"
"Layton city, Utah","29,476","± 1,672"
"Lehi city, Utah","26,071","± 1,429"
"Ogden city, Utah","36,569","± 1,871"
"Orem city, Utah","32,175","± 1,606"
"Provo city, Utah","36,878","± 1,444"
"St. George city, Utah","44,385","± 1,971"
"Salt Lake City city, Utah","107,629","± 4,199"
"Sandy city, Utah","35,950","± 2,025"
"South Jordan city, Utah","25,959","± 1,744"
"West Jordan city, Utah","38,619","± 1,899"
"West Valley City city, Utah","42,751","± 2,485"
"Alexandria city, Virginia","81,544","± 39"
"Arlington CDP, Virginia","124,878","± 63"
"Centreville CDP, Virginia","24,582","± 2,079"
"Chesapeake city, Virginia","98,231","± 44"
"Dale City CDP, Virginia","22,012","± 2,023"
"Hampton city, Virginia","62,569","± 57"
"Lynchburg city, Virginia","34,496","± 37"
"Newport News city, Virginia","82,561","± 89"
"Norfolk city, Virginia","105,559","± 528"
"Portsmouth city, Virginia","43,313","± 46"
"Reston CDP, Virginia","32,204","± 2,467"
"Richmond city, Virginia","117,511","± 211"
"Roanoke city, Virginia","49,307","± 45"
"Suffolk city, Virginia","42,088","± 31"
"Virginia Beach city, Virginia","192,239","± 118"
"Auburn city, Washington","32,597","± 2,148"
"Bellevue city, Washington","69,039","± 2,694"
"Bellingham city, Washington","44,877","± 1,858"
"Everett city, Washington","48,847","± 2,786"
"Federal Way city, Washington","36,380","± 2,250"
"Kennewick city, Washington","35,463","± 2,107"
"Kent city, Washington","49,952","± 3,019"
"Kirkland city, Washington","41,910","± 2,502"
"Marysville city, Washington","26,235","± 1,827"
"Pasco city, Washington","27,294","± 1,056"
"Redmond city, Washington","38,240","± 2,245"
"Renton city, Washington","41,337","± 2,340"
"Sammamish city, Washington","21,331","± 973"
"Seattle city, Washington","411,671","± 6,112"
"Shoreline city, Washington","27,923","± 1,838"
"South Hill CDP, Washington","25,614","± 2,596"
"Spokane city, Washington","104,627","± 2,653"
"Spokane Valley city, Washington","46,217","± 1,962"
"Tacoma city, Washington","100,348","± 2,735"
"Vancouver city, Washington","89,916","± 2,601"
"Yakima city, Washington","39,468","± 1,829"
"Appleton city, Wisconsin","31,280","± 1,561"
"Eau Claire city, Wisconsin","33,563","± 1,067"
"Green Bay city, Wisconsin","44,341","± 1,936"
"Janesville city, Wisconsin","30,223","± 1,365"
"Kenosha city, Wisconsin","42,300","± 1,497"
"Madison city, Wisconsin","141,476","± 2,539"
"Milwaukee city, Wisconsin","260,386","± 4,016"
"Oshkosh city, Wisconsin","30,347","± 1,402"
"Racine city, Wisconsin","35,629","± 1,542"
"Waukesha city, Wisconsin","31,107","± 1,445"
"Cheyenne city, Wyoming","31,337","± 1,108"
"Bayamón zona urbana, Puerto Rico","81,144","± 1,798"
"Caguas zona urbana, Puerto Rico","38,750","± 1,918"
"Carolina zona urbana, Puerto Rico","72,721","± 1,750"
"Guaynabo zona urbana, Puerto Rico","31,935","± 1,443"
"Ponce zona urbana, Puerto Rico","57,739","± 2,035"
"San Juan zona urbana, Puerto Rico","191,180","± 2,933"