"Geographic Area Name","1, detached (2024)","MoE"
"Auburn city, Alabama","17,351","± 1,591"
"Birmingham city, Alabama","66,117","± 3,565"
"Dothan city, Alabama","24,717","± 1,260"
"Hoover city, Alabama","28,453","± 2,084"
"Huntsville city, Alabama","69,001","± 2,689"
"Madison city, Alabama","18,453","± 1,872"
"Mobile city, Alabama","67,051","± 2,733"
"Montgomery city, Alabama","67,391","± 3,130"
"Tuscaloosa city, Alabama","26,666","± 2,414"
"Anchorage municipality, Alaska","58,928","± 2,889"
"Avondale city, Arizona","23,279","± 2,038"
"Casa Grande city, Arizona","19,392","± 1,745"
"Casas Adobes CDP, Arizona","23,765","± 2,554"
"Chandler city, Arizona","75,858","± 3,329"
"Flagstaff city, Arizona","14,735","± 1,694"
"Gilbert town, Arizona","86,057","± 3,163"
"Glendale city, Arizona","58,762","± 3,509"
"Goodyear city, Arizona","40,519","± 2,593"
"Mesa city, Arizona","124,712","± 4,600"
"Peoria city, Arizona","63,478","± 3,004"
"Phoenix city, Arizona","401,557","± 8,081"
"Scottsdale city, Arizona","69,606","± 3,717"
"Surprise city, Arizona","60,985","± 2,827"
"Tempe city, Arizona","32,688","± 2,535"
"Tucson city, Arizona","132,203","± 4,145"
"Yuma city, Arizona","27,416","± 2,380"
"Conway city, Arkansas","16,887","± 1,741"
"Fayetteville city, Arkansas","22,540","± 2,094"
"Fort Smith city, Arkansas","29,549","± 1,990"
"Jonesboro city, Arkansas","25,848","± 2,089"
"Little Rock city, Arkansas","60,546","± 3,120"
"Rogers city, Arkansas","19,832","± 1,758"
"Springdale city, Arkansas","21,205","± 2,101"
"Alameda city, California","14,118","± 1,486"
"Alhambra city, California","14,828","± 1,665"
"Anaheim city, California","46,136","± 3,205"
"Antioch city, California","30,535","± 1,875"
"Apple Valley town, California","21,811","± 1,925"
"Arden-Arcade CDP, California","21,016","± 2,051"
"Bakersfield city, California","102,427","± 3,281"
"Baldwin Park city, California","13,191","± 1,285"
"Bellflower city, California","11,902","± 1,427"
"Berkeley city, California","23,414","± 2,006"
"Buena Park city, California","15,504","± 1,800"
"Burbank city, California","20,441","± 1,841"
"Camarillo city, California","14,481","± 1,610"
"Carlsbad city, California","24,841","± 2,165"
"Carmichael CDP, California","19,506","± 1,856"
"Carson city, California","20,763","± 1,890"
"Castro Valley CDP, California","16,683","± 1,629"
"Chico city, California","22,528","± 1,790"
"Chino city, California","19,443","± 1,687"
"Chino Hills city, California","17,065","± 1,373"
"Chula Vista city, California","46,555","± 2,776"
"Citrus Heights city, California","20,637","± 1,881"
"Clovis city, California","36,608","± 2,481"
"Compton city, California","16,486","± 1,817"
"Concord city, California","31,523","± 2,457"
"Corona city, California","33,741","± 2,368"
"Costa Mesa city, California","15,526","± 1,938"
"Daly City city, California","18,930","± 1,960"
"Davis city, California","12,162","± 1,463"
"Downey city, California","19,063","± 1,615"
"Dublin city, California","12,833","± 1,548"
"East Los Angeles CDP, California","18,442","± 1,881"
"El Cajon city, California","14,955","± 1,786"
"Elk Grove city, California","49,366","± 2,110"
"El Monte city, California","16,624","± 1,641"
"Escondido city, California","23,677","± 1,974"
"Fairfield city, California","30,425","± 2,178"
"Folsom city, California","23,708","± 2,077"
"Fontana city, California","46,097","± 2,274"
"Fremont city, California","46,621","± 2,657"
"Fresno city, California","116,969","± 4,176"
"Fullerton city, California","25,971","± 2,256"
"Garden Grove city, California","28,827","± 2,119"
"Glendale city, California","24,452","± 2,299"
"Hawthorne city, California","8,636","± 1,447"
"Hayward city, California","25,501","± 2,156"
"Hemet city, California","19,047","± 2,237"
"Hesperia city, California","24,280","± 2,074"
"Huntington Beach city, California","39,396","± 3,064"
"Indio city, California","24,460","± 2,225"
"Inglewood city, California","16,816","± 1,834"
"Irvine city, California","47,287","± 2,849"
"Jurupa Valley city, California","22,821","± 1,751"
"Lake Elsinore city, California","17,048","± 1,744"
"Lake Forest city, California","17,455","± 1,817"
"Lakewood city, California","21,348","± 1,454"
"Lancaster city, California","38,649","± 2,952"
"Livermore city, California","21,903","± 1,829"
"Lodi city, California","18,059","± 1,718"
"Long Beach city, California","72,728","± 4,163"
"Los Angeles city, California","565,981","± 11,376"
"Lynwood city, California","9,615","± 1,174"
"Madera city, California","13,778","± 1,190"
"Manteca city, California","22,073","± 1,847"
"Menifee city, California","35,008","± 2,408"
"Merced city, California","20,140","± 1,780"
"Milpitas city, California","11,020","± 1,457"
"Mission Viejo city, California","25,477","± 2,335"
"Modesto city, California","53,479","± 2,253"
"Moreno Valley city, California","43,916","± 2,502"
"Mountain View city, California","11,773","± 1,506"
"Murrieta city, California","26,346","± 1,906"
"Napa city, California","20,505","± 1,790"
"Newport Beach city, California","20,060","± 1,633"
"Norwalk city, California","19,576","± 1,610"
"Oakland city, California","82,561","± 4,623"
"Oceanside city, California","34,750","± 2,378"
"Ontario city, California","34,892","± 2,083"
"Orange city, California","25,106","± 2,061"
"Oxnard city, California","31,582","± 2,342"
"Palmdale city, California","37,190","± 2,468"
"Palo Alto city, California","17,244","± 1,683"
"Pasadena city, California","27,865","± 2,111"
"Perris city, California","17,075","± 1,932"
"Pittsburg city, California","16,538","± 1,461"
"Pleasanton city, California","18,964","± 2,023"
"Pomona city, California","26,226","± 1,865"
"Rancho Cordova city, California","17,610","± 1,686"
"Rancho Cucamonga city, California","37,757","± 2,259"
"Redding city, California","28,710","± 1,980"
"Redlands city, California","15,619","± 1,526"
"Redondo Beach city, California","11,281","± 1,334"
"Redwood City city, California","13,018","± 1,732"
"Rialto city, California","19,878","± 1,634"
"Richmond city, California","23,767","± 2,413"
"Riverside city, California","65,327","± 3,630"
"Rocklin city, California","19,405","± 1,520"
"Roseville city, California","48,087","± 2,276"
"Sacramento city, California","124,498","± 4,209"
"Salinas city, California","22,664","± 2,087"
"San Bernardino city, California","44,043","± 2,451"
"San Buenaventura (Ventura) city, California","24,490","± 1,916"
"San Diego city, California","250,408","± 6,233"
"San Francisco city, California","73,949","± 4,708"
"San Jose city, California","179,228","± 4,805"
"San Leandro city, California","18,534","± 1,790"
"San Marcos city, California","17,609","± 1,760"
"San Mateo city, California","18,725","± 1,433"
"San Ramon city, California","20,450","± 1,485"
"Santa Ana city, California","37,747","± 2,400"
"Santa Barbara city, California","18,749","± 2,162"
"Santa Clara city, California","21,691","± 1,700"
"Santa Clarita city, California","46,985","± 2,631"
"Santa Maria city, California","19,895","± 2,279"
"Santa Monica city, California","11,242","± 1,898"
"Santa Rosa city, California","44,140","± 2,564"
"Simi Valley city, California","33,431","± 1,811"
"South Gate city, California","15,195","± 1,239"
"Stockton city, California","66,678","± 2,614"
"Sunnyvale city, California","22,011","± 1,986"
"Temecula city, California","28,662","± 1,921"
"Thousand Oaks city, California","31,121","± 1,980"
"Torrance city, California","31,435","± 2,426"
"Tracy city, California","27,605","± 1,769"
"Tulare city, California","17,608","± 1,543"
"Turlock city, California","18,087","± 1,540"
"Tustin city, California","9,657","± 1,282"
"Union City city, California","11,949","± 1,239"
"Upland city, California","15,469","± 1,497"
"Vacaville city, California","24,570","± 2,046"
"Vallejo city, California","33,474","± 2,536"
"Victorville city, California","33,996","± 2,302"
"Visalia city, California","40,577","± 2,295"
"Vista city, California","18,294","± 2,458"
"Walnut Creek city, California","12,987","± 1,411"
"West Covina city, California","22,036","± 2,129"
"Westminster city, California","15,513","± 1,386"
"Whittier city, California","19,609","± 1,951"
"Yorba Linda city, California","17,095","± 1,518"
"Yuba City city, California","15,372","± 1,596"
"Arvada city, Colorado","36,518","± 1,954"
"Aurora city, Colorado","82,602","± 3,227"
"Boulder city, Colorado","18,112","± 1,726"
"Broomfield city, Colorado","19,629","± 1,037"
"Castle Rock town, Colorado","23,229","± 1,749"
"Centennial city, Colorado","31,536","± 1,893"
"Colorado Springs city, Colorado","129,519","± 4,044"
"Commerce City city, Colorado","18,179","± 2,249"
"Denver city, Colorado","148,082","± 5,324"
"Fort Collins city, Colorado","39,455","± 2,311"
"Grand Junction city, Colorado","21,559","± 1,556"
"Greeley city, Colorado","26,000","± 1,979"
"Highlands Ranch CDP, Colorado","28,684","± 1,674"
"Lakewood city, Colorado","34,649","± 2,296"
"Longmont city, Colorado","24,949","± 2,119"
"Loveland city, Colorado","22,142","± 1,656"
"Parker town, Colorado","16,722","± 1,610"
"Pueblo city, Colorado","36,139","± 1,899"
"Thornton city, Colorado","36,211","± 2,239"
"Westminster city, Colorado","28,908","± 2,003"
"Bridgeport city, Connecticut","16,010","± 1,674"
"Danbury city, Connecticut","15,175","± 1,903"
"Hartford city, Connecticut","10,471","± 1,621"
"New Britain city, Connecticut","10,827","± 1,553"
"New Haven city, Connecticut","12,471","± 1,692"
"Norwalk city, Connecticut","15,513","± 1,679"
"Stamford city, Connecticut","20,065","± 1,532"
"Waterbury city, Connecticut","18,298","± 2,485"
"Wilmington city, Delaware","3,097","± 1,129"
"Washington city, District of Columbia","39,380","± 2,912"
"Alafaya CDP, Florida","22,427","± 2,753"
"Boca Raton city, Florida","21,152","± 2,102"
"Boynton Beach city, Florida","17,460","± 2,277"
"Brandon CDP, Florida","25,055","± 2,806"
"Cape Coral city, Florida","88,866","± 4,507"
"Clearwater city, Florida","23,369","± 2,358"
"Coral Springs city, Florida","25,027","± 2,272"
"Davie town, Florida","18,147","± 2,243"
"Daytona Beach city, Florida","19,201","± 2,300"
"Deerfield Beach city, Florida","12,693","± 1,831"
"Delray Beach city, Florida","16,004","± 2,327"
"Doral city, Florida","6,609","± 1,447"
"Fort Lauderdale city, Florida","32,375","± 3,169"
"Fort Myers city, Florida","18,430","± 1,811"
"Four Corners CDP, Florida","21,190","± 2,783"
"Gainesville city, Florida","21,504","± 2,248"
"Hialeah city, Florida","29,718","± 2,369"
"Hollywood city, Florida","31,384","± 2,380"
"Homestead city, Florida","11,396","± 1,411"
"Jacksonville city, Florida","264,174","± 6,217"
"Kendall CDP, Florida","13,474","± 1,621"
"Kissimmee city, Florida","15,303","± 2,771"
"Lakeland city, Florida","27,304","± 2,430"
"Largo city, Florida","13,942","± 1,812"
"Lauderhill city, Florida","10,753","± 1,640"
"Lehigh Acres CDP, Florida","39,182","± 3,214"
"Melbourne city, Florida","21,782","± 1,998"
"Miami city, Florida","49,360","± 3,853"
"Miami Beach city, Florida","5,591","± 1,048"
"Miami Gardens city, Florida","24,416","± 1,997"
"Miramar city, Florida","25,783","± 2,539"
"North Port city, Florida","37,141","± 2,635"
"Ocala city, Florida","16,255","± 1,866"
"Orlando city, Florida","48,699","± 4,160"
"Palm Bay city, Florida","44,208","± 2,905"
"Palm Coast city, Florida","42,427","± 2,138"
"Pembroke Pines city, Florida","31,078","± 2,288"
"Pine Hills CDP, Florida","16,240","± 2,328"
"Plantation city, Florida","20,323","± 2,281"
"Pompano Beach city, Florida","15,719","± 2,140"
"Port Orange city, Florida","18,581","± 2,156"
"Port St. Lucie city, Florida","86,291","± 3,055"
"Riverview CDP, Florida","31,981","± 4,170"
"St. Petersburg city, Florida","76,612","± 3,988"
"Sanford city, Florida","14,429","± 1,604"
"Spring Hill CDP, Florida","45,219","± 2,714"
"Sunrise city, Florida","14,326","± 1,671"
"Tallahassee city, Florida","41,688","± 2,489"
"Tamarac city, Florida","10,773","± 1,597"
"Tampa city, Florida","96,696","± 3,994"
"Town 'n' Country CDP, Florida","18,842","± 2,610"
"Wesley Chapel CDP, Florida","21,176","± 2,568"
"Weston city, Florida","15,209","± 1,423"
"West Palm Beach city, Florida","22,025","± 2,576"
"Albany city, Georgia","18,947","± 1,458"
"Alpharetta city, Georgia","14,499","± 1,378"
"Athens-Clarke County unified government (balance), Georgia","27,315","± 2,419"
"Atlanta city, Georgia","97,091","± 3,846"
"Augusta-Richmond County consolidated government (balance), Georgia","55,137","± 2,376"
"Columbus city, Georgia","61,634","± 2,696"
"Johns Creek city, Georgia","23,452","± 1,523"
"Mableton city, Georgia","19,866","± 2,156"
"Macon-Bibb County, Georgia","47,315","± 2,385"
"Roswell city, Georgia","22,341","± 1,661"
"Sandy Springs city, Georgia","16,856","± 1,467"
"Savannah city, Georgia","38,715","± 2,434"
"South Fulton city, Georgia","36,086","± 2,992"
"Warner Robins city, Georgia","25,383","± 1,916"
"Urban Honolulu CDP, Hawaii","42,239","± 2,660"
"Boise City city, Idaho","68,905","± 2,524"
"Caldwell city, Idaho","20,023","± 1,449"
"Idaho Falls city, Idaho","17,901","± 1,333"
"Meridian city, Idaho","43,918","± 1,976"
"Nampa city, Idaho","33,797","± 1,817"
"Arlington Heights village, Illinois","17,107","± 1,598"
"Aurora city, Illinois","38,913","± 2,290"
"Bloomington city, Illinois","21,649","± 1,791"
"Bolingbrook village, Illinois","18,056","± 1,585"
"Champaign city, Illinois","18,518","± 1,519"
"Chicago city, Illinois","326,271","± 9,151"
"Cicero town, Illinois","10,751","± 1,691"
"Decatur city, Illinois","26,485","± 1,711"
"Elgin city, Illinois","26,144","± 2,037"
"Evanston city, Illinois","11,650","± 1,305"
"Joliet city, Illinois","36,710","± 2,019"
"Naperville city, Illinois","36,265","± 1,842"
"Palatine village, Illinois","13,526","± 1,390"
"Peoria city, Illinois","35,461","± 2,638"
"Rockford city, Illinois","40,398","± 2,420"
"Schaumburg village, Illinois","13,559","± 1,488"
"Skokie village, Illinois","13,150","± 1,532"
"Springfield city, Illinois","36,302","± 2,107"
"Waukegan city, Illinois","17,652","± 2,023"
"Bloomington city, Indiana","12,788","± 1,490"
"Carmel city, Indiana","29,383","± 1,870"
"Evansville city, Indiana","38,022","± 2,502"
"Fishers city, Indiana","30,136","± 1,991"
"Fort Wayne city, Indiana","81,242","± 3,232"
"Gary city, Indiana","26,179","± 2,274"
"Greenwood city, Indiana","18,678","± 1,719"
"Hammond city, Indiana","24,690","± 1,978"
"Indianapolis city (balance), Indiana","241,910","± 5,527"
"Lafayette city, Indiana","19,283","± 1,526"
"Muncie city, Indiana","18,309","± 1,758"
"Noblesville city, Indiana","21,068","± 2,091"
"South Bend city, Indiana","35,133","± 2,083"
"Ames city, Iowa","9,967","± 1,021"
"Ankeny city, Iowa","17,795","± 1,953"
"Cedar Rapids city, Iowa","38,942","± 2,096"
"Davenport city, Iowa","29,366","± 1,908"
"Des Moines city, Iowa","57,042","± 3,056"
"Iowa City city, Iowa","13,108","± 1,375"
"Sioux City city, Iowa","23,720","± 1,593"
"Waterloo city, Iowa","21,394","± 1,591"
"West Des Moines city, Iowa","17,105","± 1,743"
"Kansas City city, Kansas","44,157","± 2,012"
"Lawrence city, Kansas","18,581","± 1,792"
"Olathe city, Kansas","40,413","± 2,120"
"Overland Park city, Kansas","50,276","± 2,327"
"Shawnee city, Kansas","19,921","± 1,477"
"Topeka city, Kansas","38,408","± 2,044"
"Wichita city, Kansas","115,072","± 4,014"
"Bowling Green city, Kentucky","15,795","± 1,900"
"Lexington-Fayette urban county, Kentucky","89,564","± 3,436"
"Louisville/Jefferson County metro government (balance), Kentucky","181,953","± 4,892"
"Baton Rouge city, Louisiana","60,696","± 3,487"
"Kenner city, Louisiana","20,099","± 1,704"
"Lafayette city, Louisiana","39,574","± 2,172"
"Lake Charles city, Louisiana","28,206","± 2,700"
"Metairie CDP, Louisiana","38,986","± 2,609"
"New Orleans city, Louisiana","93,626","± 3,663"
"Shreveport city, Louisiana","59,786","± 2,838"
"Portland city, Maine","13,209","± 1,450"
"Baltimore city, Maryland","45,426","± 3,525"
"Bethesda CDP, Maryland","16,009","± 1,375"
"Columbia CDP, Maryland","16,683","± 1,781"
"Ellicott City CDP, Maryland","14,391","± 1,480"
"Frederick city, Maryland","11,335","± 1,416"
"Gaithersburg city, Maryland","5,442","± 1,154"
"Germantown CDP, Maryland","8,150","± 1,319"
"Glen Burnie CDP, Maryland","17,440","± 2,097"
"Rockville city, Maryland","11,924","± 1,070"
"Silver Spring CDP, Maryland","10,338","± 1,505"
"Waldorf CDP, Maryland","16,944","± 2,027"
"Boston city, Massachusetts","36,490","± 3,089"
"Brockton city, Massachusetts","18,634","± 1,980"
"Cambridge city, Massachusetts","4,391","± 984"
"Fall River city, Massachusetts","9,526","± 1,504"
"Framingham city, Massachusetts","13,740","± 1,819"
"Haverhill city, Massachusetts","11,245","± 1,703"
"Lawrence city, Massachusetts","5,047","± 1,312"
"Lowell city, Massachusetts","15,724","± 1,682"
"Lynn city, Massachusetts","10,668","± 1,485"
"Malden city, Massachusetts","4,963","± 1,097"
"New Bedford city, Massachusetts","13,198","± 1,484"
"Newton city, Massachusetts","19,683","± 1,731"
"Quincy city, Massachusetts","14,860","± 1,626"
"Somerville city, Massachusetts","3,072","± 706"
"Springfield city, Massachusetts","29,218","± 2,201"
"Waltham city, Massachusetts","9,133","± 1,459"
"Worcester city, Massachusetts","27,314","± 2,619"
"Ann Arbor city, Michigan","21,709","± 1,549"
"Dearborn city, Michigan","27,800","± 1,985"
"Detroit city, Michigan","219,621","± 5,441"
"Farmington Hills city, Michigan","20,045","± 1,681"
"Flint city, Michigan","36,482","± 2,292"
"Grand Rapids city, Michigan","47,344","± 2,694"
"Kalamazoo city, Michigan","14,921","± 1,639"
"Lansing city, Michigan","32,853","± 1,964"
"Livonia city, Michigan","34,202","± 1,814"
"Novi city, Michigan","13,158","± 1,729"
"Rochester Hills city, Michigan","19,859","± 1,698"
"Southfield city, Michigan","17,999","± 2,085"
"Sterling Heights city, Michigan","35,955","± 2,484"
"Troy city, Michigan","24,331","± 1,727"
"Warren city, Michigan","41,987","± 2,301"
"Westland city, Michigan","22,699","± 1,645"
"Wyoming city, Michigan","21,962","± 1,784"
"Blaine city, Minnesota","19,986","± 1,254"
"Bloomington city, Minnesota","20,375","± 1,690"
"Brooklyn Park city, Minnesota","18,498","± 1,824"
"Duluth city, Minnesota","24,176","± 1,484"
"Eagan city, Minnesota","14,311","± 1,111"
"Lakeville city, Minnesota","19,670","± 1,525"
"Maple Grove city, Minnesota","18,363","± 1,388"
"Minneapolis city, Minnesota","85,943","± 3,424"
"Plymouth city, Minnesota","18,199","± 1,313"
"Rochester city, Minnesota","33,145","± 2,013"
"St. Cloud city, Minnesota","15,691","± 1,781"
"St. Paul city, Minnesota","61,674","± 2,836"
"Woodbury city, Minnesota","18,085","± 1,669"
"Gulfport city, Mississippi","23,662","± 2,077"
"Jackson city, Mississippi","50,210","± 2,614"
"Columbia city, Missouri","31,552","± 1,994"
"Independence city, Missouri","39,558","± 2,588"
"Kansas City city, Missouri","152,524","± 4,535"
"Lee's Summit city, Missouri","30,642","± 1,917"
"O'Fallon city, Missouri","28,363","± 1,648"
"St. Charles city, Missouri","18,957","± 1,353"
"St. Joseph city, Missouri","23,546","± 1,610"
"St. Louis city, Missouri","76,390","± 3,491"
"Springfield city, Missouri","49,174","± 2,220"
"Billings city, Montana","32,546","± 2,035"
"Missoula city, Montana","18,546","± 1,561"
"Lincoln city, Nebraska","75,486","± 2,798"
"Omaha city, Nebraska","131,517","± 4,008"
"Enterprise CDP, Nevada","70,676","± 5,039"
"Henderson city, Nevada","100,272","± 4,299"
"Las Vegas city, Nevada","171,297","± 5,358"
"North Las Vegas city, Nevada","75,311","± 3,361"
"Paradise CDP, Nevada","31,325","± 2,903"
"Reno city, Nevada","65,055","± 3,144"
"Sparks city, Nevada","30,200","± 2,367"
"Spring Valley CDP, Nevada","48,255","± 3,797"
"Sunrise Manor CDP, Nevada","34,071","± 2,750"
"Manchester city, New Hampshire","18,859","± 2,029"
"Nashua city, New Hampshire","18,904","± 1,967"
"Bayonne city, New Jersey","4,525","± 1,033"
"Camden city, New Jersey","4,597","± 1,270"
"Clifton city, New Jersey","16,239","± 1,686"
"East Orange city, New Jersey","6,565","± 1,487"
"Elizabeth city, New Jersey","8,053","± 1,385"
"Jersey City city, New Jersey","9,364","± 1,895"
"Lakewood CDP, New Jersey","5,730","± 1,267"
"Newark city, New Jersey","15,498","± 2,415"
"Passaic city, New Jersey","3,744","± 845"
"Paterson city, New Jersey","8,033","± 1,389"
"Toms River CDP, New Jersey","30,451","± 2,322"
"Trenton city, New Jersey","5,189","± 1,563"
"Union City city, New Jersey","1,350","± 611"
"Albuquerque city, New Mexico","162,207","± 3,981"
"Las Cruces city, New Mexico","31,572","± 2,192"
"Rio Rancho city, New Mexico","38,528","± 1,384"
"Santa Fe city, New Mexico","28,080","± 1,975"
"Albany city, New York","16,058","± 2,073"
"Buffalo city, New York","49,990","± 3,241"
"Cheektowaga CDP, New York","24,081","± 1,964"
"Mount Vernon city, New York","7,334","± 1,363"
"New Rochelle city, New York","14,157","± 1,368"
"New York city, New York","326,708","± 8,911"
"Rochester city, New York","45,899","± 3,381"
"Schenectady city, New York","10,604","± 1,457"
"Syracuse city, New York","28,062","± 2,486"
"Yonkers city, New York","22,026","± 2,147"
"Apex town, North Carolina","19,941","± 1,487"
"Asheville city, North Carolina","29,455","± 2,597"
"Cary town, North Carolina","45,295","± 2,663"
"Charlotte city, North Carolina","206,709","± 6,140"
"Concord city, North Carolina","31,579","± 2,300"
"Durham city, North Carolina","72,632","± 3,463"
"Fayetteville city, North Carolina","58,785","± 2,491"
"Gastonia city, North Carolina","23,719","± 2,044"
"Greensboro city, North Carolina","72,822","± 3,485"
"Greenville city, North Carolina","16,755","± 2,118"
"High Point city, North Carolina","31,203","± 2,716"
"Huntersville town, North Carolina","19,545","± 1,406"
"Jacksonville city, North Carolina","11,790","± 1,571"
"Raleigh city, North Carolina","104,054","± 4,510"
"Wilmington city, North Carolina","34,731","± 2,451"
"Winston-Salem city, North Carolina","71,730","± 3,759"
"Bismarck city, North Dakota","17,768","± 1,738"
"Fargo city, North Dakota","22,710","± 2,027"
"Akron city, Ohio","63,761","± 3,387"
"Canton city, Ohio","22,370","± 1,765"
"Cincinnati city, Ohio","62,190","± 4,012"
"Cleveland city, Ohio","96,047","± 4,182"
"Columbus city, Ohio","192,785","± 6,082"
"Dayton city, Ohio","47,128","± 3,020"
"Lorain city, Ohio","20,272","± 1,837"
"Parma city, Ohio","26,687","± 1,732"
"Toledo city, Ohio","85,748","± 2,922"
"Broken Arrow city, Oklahoma","39,019","± 1,561"
"Edmond city, Oklahoma","33,061","± 1,499"
"Lawton city, Oklahoma","27,095","± 943"
"Norman city, Oklahoma","37,089","± 2,039"
"Oklahoma City city, Oklahoma","212,321","± 4,801"
"Tulsa city, Oklahoma","117,938","± 2,262"
"Beaverton city, Oregon","17,105","± 1,515"
"Bend city, Oregon","34,989","± 2,301"
"Eugene city, Oregon","43,100","± 2,075"
"Gresham city, Oregon","22,330","± 1,918"
"Hillsboro city, Oregon","20,787","± 1,826"
"Medford city, Oregon","22,933","± 2,198"
"Portland city, Oregon","161,773","± 4,090"
"Salem city, Oregon","41,685","± 3,288"
"Allentown city, Pennsylvania","11,764","± 1,688"
"Bethlehem city, Pennsylvania","10,985","± 1,458"
"Erie city, Pennsylvania","26,767","± 1,902"
"Philadelphia city, Pennsylvania","65,148","± 5,459"
"Pittsburgh city, Pennsylvania","72,293","± 3,645"
"Reading city, Pennsylvania","2,905","± 670"
"Scranton city, Pennsylvania","16,696","± 1,657"
"Cranston city, Rhode Island","20,686","± 1,972"
"Pawtucket city, Rhode Island","10,986","± 1,557"
"Providence city, Rhode Island","21,273","± 2,723"
"Warwick city, Rhode Island","25,110","± 2,017"
"Charleston city, South Carolina","38,733","± 3,371"
"Columbia city, South Carolina","29,573","± 3,191"
"Greenville city, South Carolina","15,417","± 1,625"
"Mount Pleasant town, South Carolina","29,635","± 1,813"
"North Charleston city, South Carolina","30,987","± 3,292"
"Rock Hill city, South Carolina","19,994","± 1,901"
"Rapid City city, South Dakota","21,856","± 1,454"
"Sioux Falls city, South Dakota","49,010","± 2,526"
"Chattanooga city, Tennessee","49,141","± 2,977"
"Clarksville city, Tennessee","48,161","± 2,686"
"Franklin city, Tennessee","22,986","± 1,850"
"Jackson city, Tennessee","18,333","± 1,562"
"Johnson City city, Tennessee","17,038","± 1,759"
"Knoxville city, Tennessee","50,045","± 2,941"
"Memphis city, Tennessee","174,213","± 5,001"
"Murfreesboro city, Tennessee","36,737","± 3,155"
"Nashville-Davidson metropolitan government (balance), Tennessee","176,596","± 4,995"
"Abilene city, Texas","38,573","± 2,239"
"Allen city, Texas","29,655","± 2,078"
"Amarillo city, Texas","60,277","± 2,581"
"Arlington city, Texas","89,829","± 3,829"
"Austin city, Texas","212,673","± 6,959"
"Baytown city, Texas","20,628","± 2,155"
"Beaumont city, Texas","35,967","± 2,396"
"Brownsville city, Texas","48,101","± 2,821"
"Bryan city, Texas","21,597","± 1,809"
"Carrollton city, Texas","33,201","± 2,496"
"Cedar Park city, Texas","20,580","± 1,359"
"College Station city, Texas","24,271","± 2,002"
"Conroe city, Texas","28,848","± 2,361"
"Corpus Christi city, Texas","89,294","± 3,107"
"Dallas city, Texas","241,750","± 6,523"
"Denton city, Texas","37,554","± 2,326"
"Edinburg city, Texas","22,604","± 2,130"
"El Paso city, Texas","177,271","± 4,310"
"Flower Mound town, Texas","25,136","± 1,710"
"Fort Worth city, Texas","259,508","± 7,504"
"Frisco city, Texas","57,622","± 2,491"
"Garland city, Texas","54,625","± 3,232"
"Georgetown city, Texas","28,706","± 2,216"
"Grand Prairie city, Texas","44,141","± 3,330"
"Harlingen city, Texas","17,669","± 1,436"
"Houston city, Texas","448,484","± 8,768"
"Irving city, Texas","39,167","± 2,800"
"Killeen city, Texas","40,747","± 2,357"
"Laredo city, Texas","58,251","± 2,532"
"League City city, Texas","38,840","± 1,826"
"Leander city, Texas","25,118","± 1,708"
"Lewisville city, Texas","27,113","± 2,216"
"Longview city, Texas","25,447","± 1,843"
"Lubbock city, Texas","82,129","± 3,270"
"McAllen city, Texas","36,171","± 2,166"
"McKinney city, Texas","61,208","± 3,446"
"Mansfield city, Texas","24,615","± 1,952"
"Mesquite city, Texas","41,579","± 3,318"
"Midland city, Texas","35,484","± 2,635"
"Mission city, Texas","22,150","± 1,793"
"New Braunfels city, Texas","35,354","± 2,495"
"North Richland Hills city, Texas","18,045","± 1,844"
"Odessa city, Texas","36,501","± 3,083"
"Pasadena city, Texas","28,406","± 2,185"
"Pearland city, Texas","37,932","± 2,844"
"Pharr city, Texas","15,602","± 1,789"
"Plano city, Texas","73,397","± 2,798"
"Richardson city, Texas","25,338","± 1,933"
"Round Rock city, Texas","35,687","± 2,633"
"San Angelo city, Texas","29,716","± 1,757"
"San Antonio city, Texas","365,388","± 8,986"
"San Marcos city, Texas","12,265","± 1,691"
"Temple city, Texas","26,392","± 1,713"
"The Woodlands CDP, Texas","39,032","± 3,375"
"Tyler city, Texas","28,079","± 1,837"
"Victoria city, Texas","17,942","± 1,668"
"Waco city, Texas","37,229","± 2,717"
"Wichita Falls city, Texas","30,957","± 1,532"
"Layton city, Utah","20,212","± 1,568"
"Lehi city, Utah","18,088","± 1,212"
"Ogden city, Utah","20,601","± 1,831"
"Orem city, Utah","16,239","± 1,445"
"Provo city, Utah","13,200","± 1,397"
"St. George city, Utah","29,446","± 1,843"
"Salt Lake City city, Utah","43,238","± 2,725"
"Sandy city, Utah","25,699","± 1,889"
"South Jordan city, Utah","17,770","± 1,612"
"West Jordan city, Utah","26,138","± 2,232"
"West Valley City city, Utah","27,326","± 2,033"
"Alexandria city, Virginia","10,350","± 1,282"
"Arlington CDP, Virginia","29,662","± 2,122"
"Centreville CDP, Virginia","7,323","± 1,058"
"Chesapeake city, Virginia","65,507","± 2,726"
"Hampton city, Virginia","39,123","± 1,943"
"Lynchburg city, Virginia","17,478","± 1,342"
"Newport News city, Virginia","41,981","± 2,557"
"Norfolk city, Virginia","48,616","± 2,509"
"Portsmouth city, Virginia","27,103","± 1,666"
"Reston CDP, Virginia","6,354","± 1,050"
"Richmond city, Virginia","48,860","± 2,820"
"Roanoke city, Virginia","30,940","± 2,221"
"Suffolk city, Virginia","29,328","± 1,387"
"Virginia Beach city, Virginia","100,297","± 3,478"
"Auburn city, Washington","16,991","± 1,869"
"Bellevue city, Washington","29,833","± 1,961"
"Bellingham city, Washington","20,542","± 1,650"
"Everett city, Washington","22,307","± 2,331"
"Federal Way city, Washington","18,754","± 1,627"
"Kennewick city, Washington","19,258","± 2,163"
"Kent city, Washington","27,330","± 2,364"
"Kirkland city, Washington","20,966","± 1,946"
"Marysville city, Washington","18,284","± 1,634"
"Pasco city, Washington","20,049","± 1,625"
"Redmond city, Washington","12,850","± 1,457"
"Renton city, Washington","21,271","± 2,162"
"Sammamish city, Washington","17,015","± 1,424"
"Seattle city, Washington","143,530","± 4,830"
"Shoreline city, Washington","16,278","± 1,385"
"South Hill CDP, Washington","17,864","± 2,037"
"Spokane city, Washington","67,440","± 2,951"
"Spokane Valley city, Washington","27,604","± 1,828"
"Tacoma city, Washington","58,559","± 2,539"
"Vancouver city, Washington","45,209","± 2,324"
"Yakima city, Washington","22,473","± 1,977"
"Appleton city, Wisconsin","20,789","± 1,327"
"Eau Claire city, Wisconsin","17,025","± 1,434"
"Green Bay city, Wisconsin","26,209","± 2,012"
"Janesville city, Wisconsin","19,759","± 1,467"
"Kenosha city, Wisconsin","24,257","± 1,730"
"Madison city, Wisconsin","54,615","± 2,700"
"Milwaukee city, Wisconsin","102,065","± 4,954"
"Oshkosh city, Wisconsin","17,385","± 1,537"
"Racine city, Wisconsin","24,582","± 1,827"
"Waukesha city, Wisconsin","16,104","± 1,138"
"Cheyenne city, Wyoming","19,421","± 1,329"
"Bayamón zona urbana, Puerto Rico","48,160","± 1,999"
"Caguas zona urbana, Puerto Rico","21,693","± 1,676"
"Carolina zona urbana, Puerto Rico","32,587","± 2,118"
"Guaynabo zona urbana, Puerto Rico","16,327","± 1,614"
"Ponce zona urbana, Puerto Rico","39,282","± 2,353"
"San Juan zona urbana, Puerto Rico","70,556","± 3,646"