"Geographic Area Name","Median value (2024)","MoE"
"Auburn city, Alabama","392,900","± 27,725"
"Birmingham city, Alabama","189,800","± 10,282"
"Dothan city, Alabama","222,800","± 8,633"
"Hoover city, Alabama","424,100","± 19,908"
"Huntsville city, Alabama","339,400","± 12,993"
"Madison city, Alabama","444,500","± 29,159"
"Mobile city, Alabama","200,000","± 15,074"
"Montgomery city, Alabama","197,700","± 12,669"
"Tuscaloosa city, Alabama","278,500","± 40,488"
"Anchorage municipality, Alaska","429,600","± 16,429"
"Avondale city, Arizona","437,800","± 13,093"
"Buckeye city, Arizona","441,100","± 14,028"
"Casa Grande city, Arizona","356,800","± 21,839"
"Casas Adobes CDP, Arizona","361,700","± 14,535"
"Chandler city, Arizona","546,800","± 20,194"
"Flagstaff city, Arizona","602,300","± 40,516"
"Gilbert town, Arizona","624,400","± 10,471"
"Glendale city, Arizona","431,300","± 10,239"
"Goodyear city, Arizona","487,300","± 13,477"
"Maricopa city, Arizona","395,000","± 20,332"
"Mesa city, Arizona","440,800","± 8,293"
"Peoria city, Arizona","494,600","± 19,427"
"Phoenix city, Arizona","454,900","± 6,467"
"Queen Creek town, Arizona","653,500","± 18,861"
"San Tan Valley CDP, Arizona","430,400","± 10,965"
"Scottsdale city, Arizona","856,700","± 28,769"
"Surprise city, Arizona","450,800","± 8,602"
"Tempe city, Arizona","488,600","± 21,410"
"Tucson city, Arizona","299,700","± 9,164"
"Yuma city, Arizona","270,100","± 13,832"
"Conway city, Arkansas","298,200","± 19,360"
"Fayetteville city, Arkansas","376,400","± 27,745"
"Fort Smith city, Arkansas","215,000","± 15,855"
"Jonesboro city, Arkansas","233,900","± 18,057"
"Little Rock city, Arkansas","270,700","± 17,239"
"Rogers city, Arkansas","396,700","± 49,740"
"Springdale city, Arkansas","322,400","± 18,433"
"Alameda city, California","1,160,500","± 74,389"
"Alhambra city, California","892,700","± 37,117"
"Anaheim city, California","892,200","± 18,692"
"Antioch city, California","647,400","± 19,135"
"Apple Valley town, California","444,900","± 21,164"
"Arden-Arcade CDP, California","571,900","± 56,752"
"Bakersfield city, California","406,500","± 11,274"
"Baldwin Park city, California","636,300","± 29,159"
"Bellflower city, California","726,900","± 57,468"
"Berkeley city, California","1,429,700","± 78,578"
"Brentwood city, California","842,800","± 39,849"
"Buena Park city, California","861,500","± 22,830"
"Burbank city, California","1,121,000","± 44,499"
"Camarillo city, California","871,300","± 29,470"
"Carlsbad city, California","1,570,500","± 59,134"
"Carmichael CDP, California","597,200","± 22,565"
"Carson city, California","768,200","± 30,616"
"Castro Valley CDP, California","1,141,100","± 43,211"
"Chico city, California","467,900","± 18,551"
"Chino city, California","708,000","± 38,208"
"Chino Hills city, California","890,200","± 35,405"
"Chula Vista city, California","839,000","± 20,594"
"Citrus Heights city, California","471,800","± 13,865"
"Clovis city, California","503,700","± 29,412"
"Compton city, California","610,400","± 14,761"
"Concord city, California","788,800","± 31,097"
"Corona city, California","746,500","± 32,758"
"Costa Mesa city, California","1,166,800","± 50,617"
"Daly City city, California","1,111,300","± 35,626"
"Davis city, California","901,500","± 46,453"
"Downey city, California","844,000","± 35,850"
"Dublin city, California","1,371,300","± 93,274"
"East Los Angeles CDP, California","649,500","± 23,094"
"Eastvale city, California","884,800","± 24,612"
"El Cajon city, California","772,200","± 42,516"
"Elk Grove city, California","648,700","± 9,895"
"El Monte city, California","668,200","± 31,447"
"Escondido city, California","777,600","± 36,428"
"Fairfield city, California","638,700","± 17,724"
"Folsom city, California","770,500","± 36,490"
"Fontana city, California","615,800","± 13,248"
"Fremont city, California","1,478,200","± 67,717"
"Fresno city, California","396,300","± 10,036"
"Fullerton city, California","924,900","± 37,080"
"Garden Grove city, California","870,000","± 20,029"
"Glendale city, California","1,182,800","± 68,832"
"Hawthorne city, California","855,700","± 35,322"
"Hayward city, California","884,700","± 32,148"
"Hemet city, California","410,300","± 19,890"
"Hesperia city, California","438,700","± 13,775"
"Huntington Beach city, California","1,163,800","± 36,415"
"Indio city, California","514,700","± 28,422"
"Inglewood city, California","798,300","± 52,482"
"Irvine city, California","1,510,300","± 87,958"
"Jurupa Valley city, California","626,600","± 26,160"
"Lake Elsinore city, California","603,100","± 15,223"
"Lake Forest city, California","1,087,500","± 48,844"
"Lakewood city, California","847,800","± 13,342"
"Lancaster city, California","473,800","± 17,428"
"Livermore city, California","1,157,100","± 35,471"
"Lodi city, California","517,600","± 41,319"
"Long Beach city, California","849,500","± 23,244"
"Los Angeles city, California","947,900","± 10,150"
"Lynwood city, California","646,200","± 29,582"
"Madera city, California","394,200","± 25,692"
"Manteca city, California","617,300","± 19,904"
"Menifee city, California","586,100","± 15,157"
"Merced city, California","369,300","± 16,248"
"Milpitas city, California","1,456,200","± 122,298"
"Mission Viejo city, California","1,110,600","± 42,809"
"Modesto city, California","467,600","± 10,992"
"Moreno Valley city, California","581,500","± 10,663"
"Mountain View city, California","1,947,100","± 225,745"
"Murrieta city, California","677,600","± 21,710"
"Napa city, California","866,700","± 27,265"
"Norwalk city, California","679,500","± 29,638"
"Oakland city, California","884,000","± 33,560"
"Oceanside city, California","820,800","± 21,754"
"Ontario city, California","654,200","± 18,975"
"Orange city, California","1,069,700","± 37,680"
"Oxnard city, California","698,000","± 24,211"
"Palmdale city, California","508,300","± 22,678"
"Pasadena city, California","1,209,600","± 56,505"
"Perris city, California","535,600","± 31,001"
"Pittsburg city, California","595,700","± 22,897"
"Pleasanton city, California","1,534,600","± 74,287"
"Pomona city, California","636,700","± 19,264"
"Rancho Cordova city, California","529,400","± 30,484"
"Rancho Cucamonga city, California","766,300","± 32,014"
"Redding city, California","395,100","± 17,444"
"Redlands city, California","613,600","± 29,608"
"Redondo Beach city, California","1,302,800","± 125,806"
"Redwood City city, California","1,875,600","± 133,671"
"Rialto city, California","543,300","± 22,508"
"Richmond city, California","663,900","± 19,367"
"Riverside city, California","616,400","± 10,337"
"Rocklin city, California","693,100","± 22,493"
"Roseville city, California","668,600","± 15,179"
"Sacramento city, California","515,800","± 18,676"
"Salinas city, California","687,700","± 30,017"
"San Bernardino city, California","461,400","± 16,338"
"San Buenaventura (Ventura) city, California","873,100","± 21,871"
"San Diego city, California","980,700","± 16,456"
"San Francisco city, California","1,314,700","± 41,701"
"San Jose city, California","1,271,200","± 50,693"
"San Leandro city, California","851,400","± 25,329"
"San Marcos city, California","969,000","± 50,932"
"San Mateo city, California","1,639,400","± 80,418"
"San Ramon city, California","1,758,600","± 82,145"
"Santa Ana city, California","772,600","± 30,232"
"Santa Barbara city, California","1,732,200","± 179,377"
"Santa Clara city, California","1,648,300","± 72,275"
"Santa Clarita city, California","813,900","± 23,818"
"Santa Maria city, California","580,000","± 19,173"
"Santa Rosa city, California","710,700","± 22,880"
"Simi Valley city, California","868,900","± 15,898"
"South Gate city, California","675,300","± 24,968"
"Stockton city, California","456,800","± 11,042"
"Sunnyvale city, California","1,719,600","± 145,287"
"Temecula city, California","737,700","± 32,988"
"Thousand Oaks city, California","1,063,500","± 32,576"
"Torrance city, California","1,105,900","± 37,735"
"Tracy city, California","739,900","± 32,544"
"Tulare city, California","366,200","± 23,020"
"Turlock city, California","469,300","± 18,248"
"Tustin city, California","1,104,700","± 56,559"
"Union City city, California","1,173,400","± 87,788"
"Upland city, California","802,100","± 25,863"
"Vacaville city, California","637,500","± 13,590"
"Vallejo city, California","597,100","± 13,390"
"Victorville city, California","428,700","± 11,868"
"Visalia city, California","407,800","± 18,040"
"Vista city, California","837,800","± 33,626"
"Walnut Creek city, California","1,037,600","± 87,740"
"West Covina city, California","841,100","± 24,042"
"Westminster city, California","892,400","± 32,822"
"Whittier city, California","862,000","± 22,783"
"Yorba Linda city, California","1,241,100","± 114,350"
"Yuba City city, California","450,600","± 26,116"
"Arvada city, Colorado","659,100","± 16,745"
"Aurora city, Colorado","494,600","± 11,295"
"Boulder city, Colorado","1,115,300","± 59,943"
"Broomfield city, Colorado","686,200","± 28,708"
"Castle Rock town, Colorado","695,900","± 31,396"
"Centennial city, Colorado","681,900","± 13,071"
"Colorado Springs city, Colorado","479,500","± 5,751"
"Commerce City city, Colorado","545,500","± 37,635"
"Denver city, Colorado","636,400","± 12,623"
"Fort Collins city, Colorado","612,600","± 13,336"
"Grand Junction city, Colorado","420,700","± 17,728"
"Greeley city, Colorado","428,700","± 13,163"
"Highlands Ranch CDP, Colorado","739,500","± 27,941"
"Lakewood city, Colorado","592,200","± 15,789"
"Longmont city, Colorado","601,700","± 21,188"
"Loveland city, Colorado","509,000","± 28,823"
"Parker town, Colorado","658,600","± 22,132"
"Pueblo city, Colorado","257,900","± 15,424"
"Thornton city, Colorado","548,600","± 19,767"
"Westminster city, Colorado","580,600","± 19,305"
"Bridgeport city, Connecticut","312,200","± 20,074"
"Danbury city, Connecticut","440,200","± 18,235"
"Hartford city, Connecticut","247,100","± 25,220"
"New Britain city, Connecticut","268,200","± 18,591"
"New Haven city, Connecticut","348,900","± 17,237"
"Norwalk city, Connecticut","602,900","± 27,625"
"Stamford city, Connecticut","671,000","± 30,118"
"Waterbury city, Connecticut","248,500","± 15,887"
"Wilmington city, Delaware","245,100","± 19,434"
"Washington city, District of Columbia","733,400","± 25,632"
"Alafaya CDP, Florida","476,700","± 15,122"
"Boca Raton city, Florida","853,200","± 84,587"
"Boynton Beach city, Florida","372,800","± 20,156"
"Brandon CDP, Florida","373,900","± 13,529"
"Cape Coral city, Florida","401,800","± 15,108"
"Clearwater city, Florida","415,600","± 29,648"
"Coral Springs city, Florida","602,700","± 25,141"
"Davie town, Florida","538,100","± 45,724"
"Daytona Beach city, Florida","331,500","± 33,675"
"Deerfield Beach city, Florida","399,000","± 47,625"
"Delray Beach city, Florida","471,800","± 81,590"
"Deltona city, Florida","330,800","± 10,507"
"Doral city, Florida","633,300","± 35,975"
"Fort Lauderdale city, Florida","579,300","± 32,747"
"Fort Myers city, Florida","416,200","± 39,294"
"Four Corners CDP, Florida","391,500","± 24,885"
"Gainesville city, Florida","270,800","± 15,583"
"Hialeah city, Florida","446,800","± 19,487"
"Hollywood city, Florida","475,200","± 19,621"
"Homestead city, Florida","409,600","± 34,220"
"Horizon West CDP, Florida","600,600","± 59,677"
"Jacksonville city, Florida","325,300","± 7,085"
"Kendall CDP, Florida","655,700","± 54,599"
"Kissimmee city, Florida","355,600","± 29,655"
"Lakeland city, Florida","274,800","± 17,950"
"Largo city, Florida","271,300","± 32,856"
"Lauderhill city, Florida","323,200","± 33,005"
"Lehigh Acres CDP, Florida","332,800","± 9,833"
"Melbourne city, Florida","348,700","± 15,239"
"Miami city, Florida","598,200","± 34,998"
"Miami Beach city, Florida","598,200","± 104,159"
"Miami Gardens city, Florida","433,200","± 13,585"
"Miramar city, Florida","520,400","± 40,849"
"North Port city, Florida","387,100","± 13,202"
"Ocala city, Florida","270,800","± 48,580"
"Orlando city, Florida","430,200","± 19,166"
"Palm Bay city, Florida","334,400","± 9,582"
"Palm Coast city, Florida","379,800","± 11,253"
"Pembroke Pines city, Florida","517,000","± 27,487"
"Pine Hills CDP, Florida","293,800","± 17,479"
"Plantation city, Florida","608,900","± 29,614"
"Poinciana CDP, Florida","320,100","± 13,429"
"Pompano Beach city, Florida","361,400","± 22,473"
"Port Charlotte CDP, Florida","289,000","± 13,409"
"Port Orange city, Florida","321,200","± 20,293"
"Port St. Lucie city, Florida","420,600","± 8,886"
"Riverview CDP, Florida","427,100","± 19,534"
"St. Cloud city, Florida","413,700","± 18,996"
"St. Petersburg city, Florida","436,200","± 16,492"
"Sanford city, Florida","333,000","± 18,189"
"Spring Hill CDP, Florida","329,700","± 8,397"
"Sunrise city, Florida","394,400","± 31,863"
"Tallahassee city, Florida","294,500","± 17,127"
"Tamarac city, Florida","329,500","± 19,945"
"Tampa city, Florida","494,400","± 22,067"
"The Villages CDP, Florida","410,900","± 20,289"
"Town 'n' Country CDP, Florida","392,200","± 24,232"
"Wesley Chapel CDP, Florida","454,400","± 21,507"
"Weston city, Florida","850,600","± 50,792"
"West Palm Beach city, Florida","480,700","± 37,976"
"Albany city, Georgia","136,600","± 19,520"
"Alpharetta city, Georgia","737,000","± 46,051"
"Athens-Clarke County unified government (balance), Georgia","347,100","± 17,973"
"Atlanta city, Georgia","462,200","± 18,823"
"Augusta-Richmond County consolidated government (balance), Georgia","203,100","± 12,254"
"Columbus city, Georgia","219,700","± 14,711"
"Johns Creek city, Georgia","679,200","± 20,850"
"Mableton city, Georgia","336,500","± 16,527"
"Macon-Bibb County, Georgia","207,100","± 14,312"
"Roswell city, Georgia","677,700","± 28,820"
"Sandy Springs city, Georgia","732,100","± 75,087"
"Savannah city, Georgia","302,200","± 21,772"
"South Fulton city, Georgia","342,300","± 11,960"
"Warner Robins city, Georgia","226,000","± 28,284"
"Urban Honolulu CDP, Hawaii","850,100","± 40,453"
"Boise City city, Idaho","498,500","± 17,793"
"Caldwell city, Idaho","386,700","± 18,389"
"Idaho Falls city, Idaho","356,600","± 17,003"
"Meridian city, Idaho","557,400","± 23,517"
"Nampa city, Idaho","382,700","± 10,763"
"Arlington Heights village, Illinois","441,400","± 16,937"
"Aurora city, Illinois","289,100","± 12,064"
"Bloomington city, Illinois","225,300","± 12,952"
"Bolingbrook village, Illinois","334,000","± 14,762"
"Champaign city, Illinois","253,300","± 23,890"
"Chicago city, Illinois","341,200","± 4,756"
"Cicero town, Illinois","261,000","± 15,123"
"Decatur city, Illinois","115,600","± 8,532"
"Elgin city, Illinois","318,400","± 16,423"
"Evanston city, Illinois","489,700","± 56,977"
"Joliet city, Illinois","280,500","± 9,678"
"Naperville city, Illinois","579,200","± 18,025"
"Palatine village, Illinois","349,600","± 26,801"
"Peoria city, Illinois","177,900","± 17,030"
"Rockford city, Illinois","153,500","± 8,846"
"Schaumburg village, Illinois","349,900","± 19,203"
"Skokie village, Illinois","420,600","± 19,476"
"Springfield city, Illinois","189,800","± 13,228"
"Waukegan city, Illinois","219,700","± 13,330"
"Bloomington city, Indiana","372,000","± 31,715"
"Carmel city, Indiana","561,200","± 26,966"
"Evansville city, Indiana","159,800","± 9,412"
"Fishers city, Indiana","420,300","± 22,006"
"Fort Wayne city, Indiana","219,900","± 7,821"
"Gary city, Indiana","112,400","± 9,672"
"Greenwood city, Indiana","289,700","± 15,724"
"Hammond city, Indiana","173,300","± 9,105"
"Indianapolis city (balance), Indiana","241,500","± 4,256"
"Lafayette city, Indiana","202,800","± 15,774"
"Muncie city, Indiana","97,200","± 9,743"
"Noblesville city, Indiana","373,700","± 16,691"
"South Bend city, Indiana","159,400","± 6,530"
"Ames city, Iowa","298,500","± 22,055"
"Ankeny city, Iowa","343,700","± 14,355"
"Cedar Rapids city, Iowa","206,500","± 9,977"
"Davenport city, Iowa","179,800","± 15,848"
"Des Moines city, Iowa","213,300","± 6,212"
"Iowa City city, Iowa","304,100","± 22,242"
"Sioux City city, Iowa","186,100","± 11,722"
"Waterloo city, Iowa","160,200","± 9,683"
"West Des Moines city, Iowa","320,200","± 19,582"
"Kansas City city, Kansas","192,800","± 14,532"
"Lawrence city, Kansas","315,100","± 27,336"
"Olathe city, Kansas","396,400","± 13,129"
"Overland Park city, Kansas","452,800","± 14,550"
"Shawnee city, Kansas","402,900","± 19,425"
"Topeka city, Kansas","163,300","± 12,918"
"Wichita city, Kansas","212,900","± 7,956"
"Bowling Green city, Kentucky","248,300","± 34,464"
"Lexington-Fayette urban county, Kentucky","318,400","± 14,368"
"Louisville/Jefferson County metro government (balance), Kentucky","241,700","± 6,196"
"Baton Rouge city, Louisiana","251,100","± 14,635"
"Kenner city, Louisiana","241,600","± 24,679"
"Lafayette city, Louisiana","263,600","± 18,618"
"Lake Charles city, Louisiana","203,000","± 22,327"
"Metairie CDP, Louisiana","329,800","± 13,251"
"New Orleans city, Louisiana","305,100","± 17,943"
"Shreveport city, Louisiana","182,100","± 13,632"
"Portland city, Maine","555,100","± 47,628"
"Baltimore city, Maryland","247,400","± 7,688"
"Bethesda CDP, Maryland","1,247,600","± 74,993"
"Columbia CDP, Maryland","539,200","± 28,527"
"Ellicott City CDP, Maryland","658,300","± 23,609"
"Frederick city, Maryland","453,600","± 15,388"
"Gaithersburg city, Maryland","530,500","± 63,935"
"Germantown CDP, Maryland","448,200","± 47,433"
"Glen Burnie CDP, Maryland","365,300","± 11,857"
"Rockville city, Maryland","708,400","± 39,547"
"Silver Spring CDP, Maryland","668,500","± 44,228"
"Waldorf CDP, Maryland","432,000","± 13,957"
"Boston city, Massachusetts","722,800","± 17,355"
"Brockton city, Massachusetts","459,400","± 17,936"
"Cambridge city, Massachusetts","1,149,800","± 84,324"
"Fall River city, Massachusetts","417,700","± 34,467"
"Framingham city, Massachusetts","637,700","± 16,287"
"Haverhill city, Massachusetts","521,100","± 33,388"
"Lawrence city, Massachusetts","517,200","± 58,243"
"Lowell city, Massachusetts","468,700","± 24,515"
"Lynn city, Massachusetts","560,700","± 28,434"
"Malden city, Massachusetts","616,200","± 51,472"
"New Bedford city, Massachusetts","395,400","± 19,895"
"Newton city, Massachusetts","1,303,100","± 114,869"
"Quincy city, Massachusetts","641,500","± 38,542"
"Somerville city, Massachusetts","894,300","± 39,912"
"Springfield city, Massachusetts","278,300","± 10,137"
"Waltham city, Massachusetts","759,600","± 61,169"
"Worcester city, Massachusetts","411,700","± 18,985"
"Ann Arbor city, Michigan","479,800","± 22,737"
"Dearborn city, Michigan","234,100","± 8,524"
"Detroit city, Michigan","95,900","± 7,548"
"Farmington Hills city, Michigan","374,100","± 17,858"
"Flint city, Michigan","63,000","± 8,022"
"Grand Rapids city, Michigan","286,500","± 9,826"
"Kalamazoo city, Michigan","196,100","± 15,806"
"Lansing city, Michigan","142,800","± 8,525"
"Livonia city, Michigan","292,700","± 6,572"
"Novi city, Michigan","474,900","± 31,439"
"Rochester Hills city, Michigan","443,600","± 15,182"
"Southfield city, Michigan","248,800","± 17,697"
"Sterling Heights city, Michigan","287,600","± 6,925"
"Troy city, Michigan","439,200","± 19,849"
"Warren city, Michigan","207,300","± 8,221"
"Westland city, Michigan","198,100","± 7,763"
"Wyoming city, Michigan","240,000","± 8,971"
"Blaine city, Minnesota","356,100","± 14,533"
"Bloomington city, Minnesota","377,600","± 11,779"
"Brooklyn Park city, Minnesota","338,500","± 8,894"
"Duluth city, Minnesota","268,700","± 15,615"
"Eagan city, Minnesota","426,200","± 28,643"
"Lakeville city, Minnesota","474,400","± 21,067"
"Maple Grove city, Minnesota","420,700","± 24,621"
"Minneapolis city, Minnesota","368,300","± 8,429"
"Plymouth city, Minnesota","517,000","± 35,154"
"Rochester city, Minnesota","326,100","± 14,921"
"St. Cloud city, Minnesota","245,200","± 20,376"
"St. Paul city, Minnesota","301,800","± 9,613"
"Woodbury city, Minnesota","455,300","± 16,664"
"Gulfport city, Mississippi","185,200","± 12,702"
"Jackson city, Mississippi","110,200","± 10,065"
"Columbia city, Missouri","311,700","± 23,756"
"Independence city, Missouri","200,900","± 15,132"
"Kansas City city, Missouri","261,600","± 8,639"
"Lee's Summit city, Missouri","357,500","± 11,037"
"O'Fallon city, Missouri","348,200","± 11,893"
"St. Charles city, Missouri","302,800","± 17,108"
"St. Joseph city, Missouri","173,800","± 11,339"
"St. Louis city, Missouri","214,500","± 13,575"
"Springfield city, Missouri","207,900","± 12,220"
"Billings city, Montana","360,900","± 15,367"
"Missoula city, Montana","562,000","± 35,684"
"Lincoln city, Nebraska","278,200","± 7,399"
"Omaha city, Nebraska","269,500","± 5,857"
"Enterprise CDP, Nevada","500,800","± 22,436"
"Henderson city, Nevada","520,400","± 16,649"
"Las Vegas city, Nevada","458,300","± 8,529"
"North Las Vegas city, Nevada","418,300","± 9,427"
"Paradise CDP, Nevada","388,100","± 17,075"
"Reno city, Nevada","567,700","± 20,910"
"Sparks city, Nevada","515,500","± 25,373"
"Spring Valley CDP, Nevada","440,200","± 20,460"
"Sunrise Manor CDP, Nevada","331,500","± 12,045"
"Manchester city, New Hampshire","413,800","± 21,249"
"Nashua city, New Hampshire","460,400","± 20,075"
"Bayonne city, New Jersey","491,200","± 40,892"
"Camden city, New Jersey","159,800","± 14,368"
"Clifton city, New Jersey","483,800","± 20,294"
"East Orange city, New Jersey","372,600","± 34,119"
"Elizabeth city, New Jersey","518,100","± 33,962"
"Jersey City city, New Jersey","571,700","± 39,269"
"Lakewood CDP, New Jersey","851,300","± 153,122"
"Newark city, New Jersey","396,600","± 27,643"
"Passaic city, New Jersey","433,500","± 42,479"
"Paterson city, New Jersey","387,400","± 33,546"
"Toms River CDP, New Jersey","447,500","± 20,656"
"Trenton city, New Jersey","232,100","± 38,066"
"Union City city, New Jersey","488,300","± 91,956"
"Albuquerque city, New Mexico","324,600","± 6,495"
"Las Cruces city, New Mexico","260,400","± 12,811"
"Rio Rancho city, New Mexico","354,000","± 12,901"
"Santa Fe city, New Mexico","467,100","± 19,970"
"Albany city, New York","258,000","± 13,566"
"Buffalo city, New York","187,000","± 13,683"
"Cheektowaga CDP, New York","219,500","± 6,193"
"Mount Vernon city, New York","513,300","± 57,120"
"New Rochelle city, New York","762,000","± 60,677"
"New York city, New York","778,600","± 8,906"
"Rochester city, New York","164,300","± 9,921"
"Schenectady city, New York","222,100","± 18,633"
"Syracuse city, New York","158,100","± 8,881"
"Yonkers city, New York","521,700","± 35,166"
"Apex town, North Carolina","658,700","± 24,304"
"Asheville city, North Carolina","500,400","± 47,074"
"Cary town, North Carolina","649,600","± 23,029"
"Charlotte city, North Carolina","431,900","± 10,611"
"Concord city, North Carolina","373,400","± 18,557"
"Durham city, North Carolina","439,400","± 13,725"
"Fayetteville city, North Carolina","211,300","± 7,698"
"Gastonia city, North Carolina","317,500","± 18,195"
"Greensboro city, North Carolina","290,200","± 15,072"
"Greenville city, North Carolina","273,100","± 20,342"
"High Point city, North Carolina","260,900","± 15,557"
"Huntersville town, North Carolina","533,900","± 33,179"
"Jacksonville city, North Carolina","225,100","± 11,362"
"Raleigh city, North Carolina","450,300","± 13,422"
"Wilmington city, North Carolina","428,900","± 27,672"
"Winston-Salem city, North Carolina","281,200","± 12,084"
"Bismarck city, North Dakota","315,900","± 23,809"
"Fargo city, North Dakota","292,900","± 17,766"
"Akron city, Ohio","142,200","± 6,403"
"Canton city, Ohio","101,200","± 14,300"
"Cincinnati city, Ohio","263,300","± 9,993"
"Cleveland city, Ohio","109,600","± 4,129"
"Columbus city, Ohio","279,900","± 6,524"
"Dayton city, Ohio","117,500","± 17,667"
"Lorain city, Ohio","152,500","± 9,867"
"Parma city, Ohio","193,500","± 5,985"
"Toledo city, Ohio","122,600","± 5,488"
"Broken Arrow city, Oklahoma","278,700","± 6,506"
"Edmond city, Oklahoma","376,800","± 24,108"
"Lawton city, Oklahoma","148,700","± 8,881"
"Norman city, Oklahoma","276,800","± 16,694"
"Oklahoma City city, Oklahoma","259,300","± 6,483"
"Tulsa city, Oklahoma","234,400","± 5,889"
"Beaverton city, Oregon","586,900","± 23,153"
"Bend city, Oregon","744,800","± 28,633"
"Eugene city, Oregon","471,000","± 13,702"
"Gresham city, Oregon","459,000","± 9,311"
"Hillsboro city, Oregon","561,400","± 19,045"
"Medford city, Oregon","430,100","± 18,185"
"Portland city, Oregon","588,200","± 11,523"
"Salem city, Oregon","433,000","± 13,671"
"Allentown city, Pennsylvania","242,400","± 14,814"
"Bethlehem city, Pennsylvania","289,200","± 12,721"
"Erie city, Pennsylvania","135,200","± 9,027"
"Philadelphia city, Pennsylvania","253,600","± 6,236"
"Pittsburgh city, Pennsylvania","220,400","± 13,914"
"Reading city, Pennsylvania","157,200","± 9,232"
"Scranton city, Pennsylvania","177,500","± 12,421"
"Cranston city, Rhode Island","415,200","± 17,637"
"Pawtucket city, Rhode Island","363,900","± 12,074"
"Providence city, Rhode Island","413,800","± 29,941"
"Warwick city, Rhode Island","389,100","± 15,218"
"Charleston city, South Carolina","600,300","± 33,888"
"Columbia city, South Carolina","287,600","± 29,473"
"Greenville city, South Carolina","553,700","± 65,180"
"Mount Pleasant town, South Carolina","895,700","± 38,423"
"North Charleston city, South Carolina","347,200","± 24,538"
"Rock Hill city, South Carolina","306,800","± 23,331"
"Rapid City city, South Dakota","344,200","± 21,392"
"Sioux Falls city, South Dakota","332,600","± 12,235"
"Chattanooga city, Tennessee","323,700","± 17,101"
"Clarksville city, Tennessee","307,300","± 12,085"
"Franklin city, Tennessee","789,100","± 49,906"
"Jackson city, Tennessee","242,500","± 29,748"
"Johnson City city, Tennessee","297,400","± 19,066"
"Knoxville city, Tennessee","294,700","± 17,447"
"Memphis city, Tennessee","209,800","± 10,746"
"Murfreesboro city, Tennessee","456,700","± 18,982"
"Nashville-Davidson metropolitan government (balance), Tennessee","438,800","± 10,667"
"Abilene city, Texas","185,900","± 15,669"
"Allen city, Texas","523,100","± 33,313"
"Amarillo city, Texas","213,900","± 9,027"
"Arlington city, Texas","337,800","± 7,201"
"Atascocita CDP, Texas","338,500","± 18,657"
"Austin city, Texas","571,000","± 17,220"
"Baytown city, Texas","218,600","± 28,001"
"Beaumont city, Texas","173,200","± 17,808"
"Brownsville city, Texas","176,300","± 11,668"
"Bryan city, Texas","255,700","± 12,809"
"Carrollton city, Texas","420,800","± 20,209"
"Cedar Park city, Texas","569,500","± 36,503"
"College Station city, Texas","375,800","± 18,171"
"Conroe city, Texas","316,400","± 24,062"
"Corpus Christi city, Texas","234,000","± 10,189"
"Dallas city, Texas","340,400","± 11,363"
"Denton city, Texas","379,900","± 18,264"
"Edinburg city, Texas","223,900","± 17,184"
"El Paso city, Texas","209,600","± 5,618"
"Flower Mound town, Texas","627,100","± 22,233"
"Fort Worth city, Texas","330,500","± 6,356"
"Frisco city, Texas","735,300","± 32,653"
"Garland city, Texas","298,200","± 10,210"
"Georgetown city, Texas","432,300","± 17,907"
"Grand Prairie city, Texas","322,900","± 16,051"
"Harlingen city, Texas","153,200","± 17,908"
"Houston city, Texas","301,200","± 7,063"
"Irving city, Texas","349,800","± 20,770"
"Killeen city, Texas","239,200","± 9,221"
"Kyle city, Texas","350,500","± 13,151"
"Laredo city, Texas","210,100","± 13,658"
"League City city, Texas","379,100","± 10,188"
"Leander city, Texas","569,600","± 34,587"
"Lewisville city, Texas","413,300","± 22,100"
"Longview city, Texas","224,700","± 15,994"
"Lubbock city, Texas","223,600","± 7,943"
"McAllen city, Texas","218,500","± 12,493"
"McKinney city, Texas","555,800","± 20,726"
"Mansfield city, Texas","482,300","± 32,900"
"Mesquite city, Texas","267,000","± 10,932"
"Midland city, Texas","324,300","± 19,370"
"Mission city, Texas","207,800","± 19,440"
"Missouri City city, Texas","322,200","± 16,627"
"New Braunfels city, Texas","364,500","± 14,335"
"North Richland Hills city, Texas","398,500","± 22,493"
"Odessa city, Texas","243,600","± 18,720"
"Pasadena city, Texas","220,000","± 9,593"
"Pearland city, Texas","376,400","± 10,902"
"Pflugerville city, Texas","424,600","± 17,893"
"Pharr city, Texas","154,800","± 14,101"
"Plano city, Texas","541,700","± 16,995"
"Richardson city, Texas","460,500","± 15,910"
"Round Rock city, Texas","442,700","± 19,362"
"Rowlett city, Texas","392,200","± 19,403"
"San Angelo city, Texas","222,600","± 20,901"
"San Antonio city, Texas","260,900","± 5,385"
"San Marcos city, Texas","364,600","± 34,616"
"Spring CDP, Texas","240,900","± 11,304"
"Sugar Land city, Texas","472,000","± 16,894"
"Temple city, Texas","268,200","± 12,636"
"The Woodlands CDP, Texas","616,700","± 41,126"
"Tyler city, Texas","262,800","± 21,699"
"Victoria city, Texas","213,800","± 24,920"
"Waco city, Texas","256,300","± 13,501"
"Wichita Falls city, Texas","183,500","± 18,160"
"Layton city, Utah","553,600","± 24,582"
"Lehi city, Utah","642,300","± 21,676"
"Ogden city, Utah","370,500","± 10,732"
"Orem city, Utah","528,700","± 28,149"
"Provo city, Utah","513,200","± 35,576"
"St. George city, Utah","519,600","± 43,776"
"Salt Lake City city, Utah","620,100","± 24,177"
"Sandy city, Utah","649,900","± 20,922"
"South Jordan city, Utah","703,100","± 31,669"
"West Jordan city, Utah","554,600","± 22,574"
"West Valley City city, Utah","438,900","± 15,254"
"Alexandria city, Virginia","704,200","± 48,695"
"Arlington CDP, Virginia","945,700","± 49,107"
"Centreville CDP, Virginia","622,700","± 35,882"
"Chesapeake city, Virginia","388,600","± 13,327"
"Dale City CDP, Virginia","439,600","± 15,730"
"Hampton city, Virginia","266,100","± 11,991"
"Lynchburg city, Virginia","249,200","± 17,311"
"Newport News city, Virginia","283,200","± 11,691"
"Norfolk city, Virginia","311,200","± 16,503"
"Portsmouth city, Virginia","263,900","± 12,961"
"Reston CDP, Virginia","656,200","± 33,815"
"Richmond city, Virginia","377,900","± 16,866"
"Roanoke city, Virginia","214,800","± 16,766"
"Suffolk city, Virginia","373,000","± 18,325"
"Virginia Beach city, Virginia","403,200","± 12,546"
"Auburn city, Washington","573,100","± 24,934"
"Bellevue city, Washington","1,508,500","± 82,895"
"Bellingham city, Washington","692,600","± 39,798"
"Everett city, Washington","598,900","± 25,821"
"Federal Way city, Washington","609,200","± 20,167"
"Kennewick city, Washington","413,700","± 26,430"
"Kent city, Washington","632,100","± 17,890"
"Kirkland city, Washington","1,241,600","± 91,225"
"Marysville city, Washington","600,400","± 15,641"
"Pasco city, Washington","426,300","± 17,604"
"Redmond city, Washington","1,196,800","± 97,159"
"Renton city, Washington","703,500","± 38,594"
"Sammamish city, Washington","1,610,200","± 60,120"
"Seattle city, Washington","950,800","± 18,888"
"Shoreline city, Washington","842,400","± 32,401"
"South Hill CDP, Washington","610,400","± 17,030"
"Spokane city, Washington","379,300","± 9,261"
"Spokane Valley city, Washington","412,100","± 15,099"
"Tacoma city, Washington","500,500","± 21,156"
"Vancouver city, Washington","479,800","± 11,942"
"Yakima city, Washington","339,600","± 18,186"
"Appleton city, Wisconsin","269,300","± 10,230"
"Eau Claire city, Wisconsin","283,700","± 11,516"
"Green Bay city, Wisconsin","246,300","± 13,636"
"Janesville city, Wisconsin","253,000","± 13,146"
"Kenosha city, Wisconsin","256,700","± 10,893"
"Madison city, Wisconsin","418,400","± 10,604"
"Milwaukee city, Wisconsin","207,900","± 6,388"
"Oshkosh city, Wisconsin","198,800","± 13,858"
"Racine city, Wisconsin","173,100","± 8,403"
"Waukesha city, Wisconsin","347,300","± 12,972"
"Cheyenne city, Wyoming","360,800","± 11,738"
"Bayamón zona urbana, Puerto Rico","152,900","± 3,068"
"Caguas zona urbana, Puerto Rico","136,400","± 10,304"
"Carolina zona urbana, Puerto Rico","161,600","± 3,602"
"Guaynabo zona urbana, Puerto Rico","257,100","± 23,311"
"Ponce zona urbana, Puerto Rico","125,300","± 8,622"
"San Juan zona urbana, Puerto Rico","174,400","± 8,407"